Mon Sep  9 14:57:17 -03 2024
executaveis existentes
ls MONAN/exec/
atmosphere_model
build_tables
convert_mpasG
convert_mpasI
init_atmosphere_model
removendo os executaveis
ls -ltr MONAN/exec/|grep -v "G\|I"
total 9924
-rwxr-xr-x 1 eduardo.garcia2 cenapadrjsd 2227832 Sep  9 14:55 init_atmosphere_model
-rwxr-xr-x 1 eduardo.garcia2 cenapadrjsd  222000 Sep  9 14:55 build_tables
-rwxr-xr-x 1 eduardo.garcia2 cenapadrjsd 5969408 Sep  9 14:55 atmosphere_model
find . -type f -name atmosphere_model |xargs rm
find . -type f -name build_tables |xargs rm
find . -type f -name init_atmosphere_model |xargs rm
restaram os executaveis
ls MONAN/exec/
convert_mpasG
convert_mpasI
echo ___ ./rodar1234.sh
___ ./rodar1234.sh
date
Mon Sep  9 14:57:18 -03 2024
time ./1.install_monan.bash https://github.com/ebiduardo/MONAN-Model-B.git;
buildTarget=gfortran

[1;32m==>Moduling environment for MONAN model...
[0m
COMPILER=gnu
GNU compiler
module load sequana/current
Loading SEQUANA Software environment
module load pnetcdf/1.12.3_hdf5-threadsafe-HL_openmpi-4.1.6_gnu_sequana
module load netcdf/4.8.1_hdf5-threadsafe-HL_openmpi-4.1.6_gnu_sequana
NETCDF=/scratch/app_sequana/netcdf/4.8.1_hdf5-threadsafe-HL_openmpi-4.1.6_gnu
PNETCDF=/scratch/app_sequana/pnetcdf/1.12.3_hdf5-threadsafe-HL_openmpi-4.1.6_gnu

[1;32m==>Source dir already exists, updating it ...
[0m
M	Makefile
Already up-to-date.

[1;32m==>[0m Successfully checked out and updated branch: develop

[1;32m==>[0m Making compile script...


[1;32m==>[0m Installing init_atmosphere_model and atmosphere_model...


checking /scratch/cenapadrjsd/eduardo.garcia2/MONAN-scripts/sdumont/MONAN_src/MONAN-Model_v0.1.0_sdumont.gnu/Makefile
Makefile already has -lstdc++ included
cd src; make clean RM="rm -f" CORE="atmosphere"
make[1]: Entering directory `/scratch/cenapadrjsd/eduardo.garcia2/MONAN-scripts/sdumont/MONAN_src/MONAN-Model_v0.1.0_sdumont.gnu/src'
rm -f libframework.a libops.a libdycore.a libatmosphere.a *.o
( cd tools; make clean )
make[2]: Entering directory `/scratch/cenapadrjsd/eduardo.garcia2/MONAN-scripts/sdumont/MONAN_src/MONAN-Model_v0.1.0_sdumont.gnu/src/tools'
(cd input_gen; make clean)
make[3]: Entering directory `/scratch/cenapadrjsd/eduardo.garcia2/MONAN-scripts/sdumont/MONAN_src/MONAN-Model_v0.1.0_sdumont.gnu/src/tools/input_gen'
rm -f *.o namelist_gen streams_gen
rm -f *.i
make[3]: Leaving directory `/scratch/cenapadrjsd/eduardo.garcia2/MONAN-scripts/sdumont/MONAN_src/MONAN-Model_v0.1.0_sdumont.gnu/src/tools/input_gen'
(cd registry; make clean)
make[3]: Entering directory `/scratch/cenapadrjsd/eduardo.garcia2/MONAN-scripts/sdumont/MONAN_src/MONAN-Model_v0.1.0_sdumont.gnu/src/tools/registry'
rm -f *.o parse
rm -f *.i
make[3]: Leaving directory `/scratch/cenapadrjsd/eduardo.garcia2/MONAN-scripts/sdumont/MONAN_src/MONAN-Model_v0.1.0_sdumont.gnu/src/tools/registry'
make[2]: Leaving directory `/scratch/cenapadrjsd/eduardo.garcia2/MONAN-scripts/sdumont/MONAN_src/MONAN-Model_v0.1.0_sdumont.gnu/src/tools'
( cd external; make clean )
make[2]: Entering directory `/scratch/cenapadrjsd/eduardo.garcia2/MONAN-scripts/sdumont/MONAN_src/MONAN-Model_v0.1.0_sdumont.gnu/src/external'
( cd esmf_time_f90; make clean )
make[3]: Entering directory `/scratch/cenapadrjsd/eduardo.garcia2/MONAN-scripts/sdumont/MONAN_src/MONAN-Model_v0.1.0_sdumont.gnu/src/external/esmf_time_f90'
rm -rf *.tmp.f90 *.o *.mod *.a
make[3]: Leaving directory `/scratch/cenapadrjsd/eduardo.garcia2/MONAN-scripts/sdumont/MONAN_src/MONAN-Model_v0.1.0_sdumont.gnu/src/external/esmf_time_f90'
( cd ezxml; make clean )
make[3]: Entering directory `/scratch/cenapadrjsd/eduardo.garcia2/MONAN-scripts/sdumont/MONAN_src/MONAN-Model_v0.1.0_sdumont.gnu/src/external/ezxml'
rm -f *.o *.i
make[3]: Leaving directory `/scratch/cenapadrjsd/eduardo.garcia2/MONAN-scripts/sdumont/MONAN_src/MONAN-Model_v0.1.0_sdumont.gnu/src/external/ezxml'
make -C SMIOL clean
make[3]: Entering directory `/scratch/cenapadrjsd/eduardo.garcia2/MONAN-scripts/sdumont/MONAN_src/MONAN-Model_v0.1.0_sdumont.gnu/src/external/SMIOL'
rm -f -f smiol.o smiol_utils.o libsmiol.a
rm -f -f smiolf.o smiolf.mod libsmiolf.a
make[3]: Leaving directory `/scratch/cenapadrjsd/eduardo.garcia2/MONAN-scripts/sdumont/MONAN_src/MONAN-Model_v0.1.0_sdumont.gnu/src/external/SMIOL'
make[2]: Leaving directory `/scratch/cenapadrjsd/eduardo.garcia2/MONAN-scripts/sdumont/MONAN_src/MONAN-Model_v0.1.0_sdumont.gnu/src/external'
( cd framework; make clean )
make[2]: Entering directory `/scratch/cenapadrjsd/eduardo.garcia2/MONAN-scripts/sdumont/MONAN_src/MONAN-Model_v0.1.0_sdumont.gnu/src/framework'
rm -f *.o *.mod *.f90 libframework.a
rm -f *.i
make[2]: Leaving directory `/scratch/cenapadrjsd/eduardo.garcia2/MONAN-scripts/sdumont/MONAN_src/MONAN-Model_v0.1.0_sdumont.gnu/src/framework'
( cd operators; make clean )
make[2]: Entering directory `/scratch/cenapadrjsd/eduardo.garcia2/MONAN-scripts/sdumont/MONAN_src/MONAN-Model_v0.1.0_sdumont.gnu/src/operators'
rm -f *.o *.mod *.f90 libops.a
rm -f *.i
make[2]: Leaving directory `/scratch/cenapadrjsd/eduardo.garcia2/MONAN-scripts/sdumont/MONAN_src/MONAN-Model_v0.1.0_sdumont.gnu/src/operators'
( cd driver; make clean )
make[2]: Entering directory `/scratch/cenapadrjsd/eduardo.garcia2/MONAN-scripts/sdumont/MONAN_src/MONAN-Model_v0.1.0_sdumont.gnu/src/driver'
rm -f *.o *.mod *.f90
rm -f *.i
make[2]: Leaving directory `/scratch/cenapadrjsd/eduardo.garcia2/MONAN-scripts/sdumont/MONAN_src/MONAN-Model_v0.1.0_sdumont.gnu/src/driver'
if [ -d core_atmosphere ] ; then \
   ( cd core_atmosphere; make clean ) \
fi;
make[2]: Entering directory `/scratch/cenapadrjsd/eduardo.garcia2/MONAN-scripts/sdumont/MONAN_src/MONAN-Model_v0.1.0_sdumont.gnu/src/core_atmosphere'
( cd physics; make clean )
make[3]: Entering directory `/scratch/cenapadrjsd/eduardo.garcia2/MONAN-scripts/sdumont/MONAN_src/MONAN-Model_v0.1.0_sdumont.gnu/src/core_atmosphere/physics'
rm -f *.o *.mod *.f90 libphys.a
( cd physics_wrf; make clean )
make[4]: Entering directory `/scratch/cenapadrjsd/eduardo.garcia2/MONAN-scripts/sdumont/MONAN_src/MONAN-Model_v0.1.0_sdumont.gnu/src/core_atmosphere/physics/physics_wrf'
rm -f *.f90 *.o *.mod
rm -f *.i
make[4]: Leaving directory `/scratch/cenapadrjsd/eduardo.garcia2/MONAN-scripts/sdumont/MONAN_src/MONAN-Model_v0.1.0_sdumont.gnu/src/core_atmosphere/physics/physics_wrf'
( cd physics_mmm; make clean )
make[4]: Entering directory `/scratch/cenapadrjsd/eduardo.garcia2/MONAN-scripts/sdumont/MONAN_src/MONAN-Model_v0.1.0_sdumont.gnu/src/core_atmosphere/physics/physics_mmm'
rm -f *.f90 *.o *.mod
rm -f *.i
make[4]: Leaving directory `/scratch/cenapadrjsd/eduardo.garcia2/MONAN-scripts/sdumont/MONAN_src/MONAN-Model_v0.1.0_sdumont.gnu/src/core_atmosphere/physics/physics_mmm'
rm -f *.i
make[3]: Leaving directory `/scratch/cenapadrjsd/eduardo.garcia2/MONAN-scripts/sdumont/MONAN_src/MONAN-Model_v0.1.0_sdumont.gnu/src/core_atmosphere/physics'
( cd dynamics; make clean )
make[3]: Entering directory `/scratch/cenapadrjsd/eduardo.garcia2/MONAN-scripts/sdumont/MONAN_src/MONAN-Model_v0.1.0_sdumont.gnu/src/core_atmosphere/dynamics'
rm -f *.o *.mod *.f90
rm -f *.i
make[3]: Leaving directory `/scratch/cenapadrjsd/eduardo.garcia2/MONAN-scripts/sdumont/MONAN_src/MONAN-Model_v0.1.0_sdumont.gnu/src/core_atmosphere/dynamics'
( cd diagnostics; make clean )
make[3]: Entering directory `/scratch/cenapadrjsd/eduardo.garcia2/MONAN-scripts/sdumont/MONAN_src/MONAN-Model_v0.1.0_sdumont.gnu/src/core_atmosphere/diagnostics'
rm -f *.o *.mod *.f90
rm -f *.i
make[3]: Leaving directory `/scratch/cenapadrjsd/eduardo.garcia2/MONAN-scripts/sdumont/MONAN_src/MONAN-Model_v0.1.0_sdumont.gnu/src/core_atmosphere/diagnostics'
( cd utils; make clean )
make[3]: Entering directory `/scratch/cenapadrjsd/eduardo.garcia2/MONAN-scripts/sdumont/MONAN_src/MONAN-Model_v0.1.0_sdumont.gnu/src/core_atmosphere/utils'
rm -f ../../../build_tables
rm -f *.o *.mod *.f90
rm -f *.i
make[3]: Leaving directory `/scratch/cenapadrjsd/eduardo.garcia2/MONAN-scripts/sdumont/MONAN_src/MONAN-Model_v0.1.0_sdumont.gnu/src/core_atmosphere/utils'
( cd ../..; rm -f *TBL )
( cd ../..; rm -f *DATA* )
rm -f -r libphys
rm -f *.o *.mod *.f90 libdycore.a
rm -f Registry_processed.xml
rm -f *.i
rm -f -r default_inputs
make[2]: Leaving directory `/scratch/cenapadrjsd/eduardo.garcia2/MONAN-scripts/sdumont/MONAN_src/MONAN-Model_v0.1.0_sdumont.gnu/src/core_atmosphere'
make[1]: Leaving directory `/scratch/cenapadrjsd/eduardo.garcia2/MONAN-scripts/sdumont/MONAN_src/MONAN-Model_v0.1.0_sdumont.gnu/src'
rm -f .mpas_core_*
rm -f atmosphere_model
rm -f namelist.atmosphere.defaults
rm -f streams.atmosphere.defaults
( make all \
"FC_PARALLEL = mpif90" \
"CC_PARALLEL = mpicc" \
"CXX_PARALLEL = mpicxx" \
"FC_SERIAL = gfortran" \
"CC_SERIAL = gcc" \
"CXX_SERIAL = g++" \
"FFLAGS_PROMOTION = -fdefault-real-8 -fdefault-double-8" \
"FFLAGS_OPT = -O3 -ffree-line-length-none -fconvert=big-endian -ffree-form" \
"CFLAGS_OPT = -O3" \
"CXXFLAGS_OPT = -O3" \
"LDFLAGS_OPT = -O3" \
"FFLAGS_DEBUG = -g -ffree-line-length-none -fconvert=big-endian -ffree-form -fcheck=all -fbacktrace -ffpe-trap=invalid,zero,overflow" \
"CFLAGS_DEBUG = -g" \
"CXXFLAGS_DEBUG = -g" \
"LDFLAGS_DEBUG = -g" \
"FFLAGS_OMP = -fopenmp" \
"CFLAGS_OMP = -fopenmp" \
"FFLAGS_ACC =" \
"CFLAGS_ACC =" \
"PICFLAG = -fPIC" \
"BUILD_TARGET = gfortran" \
"CORE = atmosphere" \
"DEBUG = " \
"USE_PAPI = " \
"OPENMP = true" \
"OPENACC = " \
"CPPFLAGS =  -D_MPI" )
make[1]: Entering directory `/scratch/cenapadrjsd/eduardo.garcia2/MONAN-scripts/sdumont/MONAN_src/MONAN-Model_v0.1.0_sdumont.gnu'
Testing compiler for OpenMP support
cd src; make FC="mpif90" \
                 CC="mpicc" \
                 CXX="mpicxx" \
                 SFC="gfortran" \
                 SCC="gcc" \
                 LINKER="mpif90" \
                 CFLAGS="-O3 -fopenmp "-DSINGLE_PRECISION"" \
                 CXXFLAGS="-O3 -fopenmp "-DSINGLE_PRECISION"" \
                 FFLAGS="-O3 -ffree-line-length-none -fconvert=big-endian -ffree-form -fopenmp" \
                 LDFLAGS="-O3 -fopenmp" \
                 RM="rm -f" \
                 CPP="cpp -P -traditional" \
                 CPPFLAGS="-D_MPI -DCORE_ATMOSPHERE -DMPAS_NAMELIST_SUFFIX=atmosphere -DMPAS_EXE_NAME=atmosphere_model "-DMPAS_OPENMP" "-DSINGLE_PRECISION" -DMPAS_NATIVE_TIMERS -DMPAS_GIT_VERSION=v0.1.0-dirty -DMPAS_BUILD_TARGET=gfortran "-DMPAS_SMIOL_SUPPORT"" \
                 LIBS=" -L/scratch/cenapadrjsd/eduardo.garcia2/MONAN-scripts/sdumont/MONAN_src/MONAN-Model_v0.1.0_sdumont.gnu/src/external/SMIOL -lsmiolf -lsmiol -L/scratch/app_sequana/netcdf/4.8.1_hdf5-threadsafe-HL_openmpi-4.1.6_gnu/lib -lnetcdff -lnetcdf -L/scratch/app_sequana/pnetcdf/1.12.3_hdf5-threadsafe-HL_openmpi-4.1.6_gnu/lib -lpnetcdf -lstdc++" \
                 CPPINCLUDES=" -I/scratch/app_sequana/netcdf/4.8.1_hdf5-threadsafe-HL_openmpi-4.1.6_gnu/include -I/scratch/app_sequana/pnetcdf/1.12.3_hdf5-threadsafe-HL_openmpi-4.1.6_gnu/include" \
                 FCINCLUDES=" -I/scratch/cenapadrjsd/eduardo.garcia2/MONAN-scripts/sdumont/MONAN_src/MONAN-Model_v0.1.0_sdumont.gnu/src/external/SMIOL -I/scratch/app_sequana/netcdf/4.8.1_hdf5-threadsafe-HL_openmpi-4.1.6_gnu/include -I/scratch/app_sequana/pnetcdf/1.12.3_hdf5-threadsafe-HL_openmpi-4.1.6_gnu/include" \
                 CORE="atmosphere"\
                 AUTOCLEAN="false" \
                 GEN_F90="false" \
                 NAMELIST_SUFFIX="atmosphere" \
                 EXE_NAME="atmosphere_model"
make[2]: Entering directory `/scratch/cenapadrjsd/eduardo.garcia2/MONAN-scripts/sdumont/MONAN_src/MONAN-Model_v0.1.0_sdumont.gnu/src'
( cd external; make FC="mpif90" SFC="gfortran" CC="mpicc" SCC="gcc" FFLAGS="-O3 -ffree-line-length-none -fconvert=big-endian -ffree-form -fopenmp" CFLAGS="-O3 -fopenmp -DSINGLE_PRECISION" CPP="cpp -P -traditional" NETCDF="/scratch/app_sequana/netcdf/4.8.1_hdf5-threadsafe-HL_openmpi-4.1.6_gnu" CORE="atmosphere" all )
make[3]: Entering directory `/scratch/cenapadrjsd/eduardo.garcia2/MONAN-scripts/sdumont/MONAN_src/MONAN-Model_v0.1.0_sdumont.gnu/src/external'
( cd esmf_time_f90; make FC="mpif90" FFLAGS="-O3 -ffree-line-length-none -fconvert=big-endian -ffree-form -fopenmp" CPP="cpp -P -traditional" CPPFLAGS="-D_MPI -DCORE_ATMOSPHERE -DMPAS_NAMELIST_SUFFIX=atmosphere -DMPAS_EXE_NAME=atmosphere_model -DMPAS_OPENMP -DSINGLE_PRECISION -DMPAS_NATIVE_TIMERS -DMPAS_GIT_VERSION=v0.1.0-dirty -DMPAS_BUILD_TARGET=gfortran -DMPAS_SMIOL_SUPPORT -DHIDE_MPI" GEN_F90=false )
( cd ezxml; make OBJFILE="ezxml.o" )
make -C SMIOL
make[4]: Entering directory `/scratch/cenapadrjsd/eduardo.garcia2/MONAN-scripts/sdumont/MONAN_src/MONAN-Model_v0.1.0_sdumont.gnu/src/external/SMIOL'
mpicc -I/scratch/app_sequana/netcdf/4.8.1_hdf5-threadsafe-HL_openmpi-4.1.6_gnu/include -I/scratch/app_sequana/pnetcdf/1.12.3_hdf5-threadsafe-HL_openmpi-4.1.6_gnu/include -DSMIOL_PNETCDF -O3 -fopenmp -DSINGLE_PRECISION -c smiol.c
mpicc -I/scratch/app_sequana/netcdf/4.8.1_hdf5-threadsafe-HL_openmpi-4.1.6_gnu/include -I/scratch/app_sequana/pnetcdf/1.12.3_hdf5-threadsafe-HL_openmpi-4.1.6_gnu/include -DSMIOL_PNETCDF -O3 -fopenmp -DSINGLE_PRECISION -c smiol_utils.c
mpif90 -I/scratch/app_sequana/netcdf/4.8.1_hdf5-threadsafe-HL_openmpi-4.1.6_gnu/include -I/scratch/app_sequana/pnetcdf/1.12.3_hdf5-threadsafe-HL_openmpi-4.1.6_gnu/include -DSMIOL_PNETCDF -O3 -ffree-line-length-none -fconvert=big-endian -ffree-form -fopenmp -c smiolf.F90
make[4]: Entering directory `/scratch/cenapadrjsd/eduardo.garcia2/MONAN-scripts/sdumont/MONAN_src/MONAN-Model_v0.1.0_sdumont.gnu/src/external/ezxml'
mpicc -O3 -fopenmp -DSINGLE_PRECISION -D_MPI -DCORE_ATMOSPHERE -DMPAS_NAMELIST_SUFFIX=atmosphere -DMPAS_EXE_NAME=atmosphere_model -DMPAS_OPENMP -DSINGLE_PRECISION -DMPAS_NATIVE_TIMERS -DMPAS_GIT_VERSION=v0.1.0-dirty -DMPAS_BUILD_TARGET=gfortran -DMPAS_SMIOL_SUPPORT -c ezxml.c -o ezxml.o
make[4]: Entering directory `/scratch/cenapadrjsd/eduardo.garcia2/MONAN-scripts/sdumont/MONAN_src/MONAN-Model_v0.1.0_sdumont.gnu/src/external/esmf_time_f90'
rm -f ESMF_BaseMod.o ESMF_BaseMod.mod
rm -f ESMF_FractionMod.o ESMF_FractionMod.mod
mpif90 -D_MPI -DCORE_ATMOSPHERE -DMPAS_NAMELIST_SUFFIX=atmosphere -DMPAS_EXE_NAME=atmosphere_model -DMPAS_OPENMP -DSINGLE_PRECISION -DMPAS_NATIVE_TIMERS -DMPAS_GIT_VERSION=v0.1.0-dirty -DMPAS_BUILD_TARGET=gfortran -DMPAS_SMIOL_SUPPORT -DHIDE_MPI -O3 -ffree-line-length-none -fconvert=big-endian -ffree-form -fopenmp -c ESMF_BaseMod.F90 -I/scratch/app_sequana/netcdf/4.8.1_hdf5-threadsafe-HL_openmpi-4.1.6_gnu/include -I/scratch/app_sequana/pnetcdf/1.12.3_hdf5-threadsafe-HL_openmpi-4.1.6_gnu/include -I/scratch/cenapadrjsd/eduardo.garcia2/MONAN-scripts/sdumont/MONAN_src/MONAN-Model_v0.1.0_sdumont.gnu/src/external/SMIOL -I/scratch/app_sequana/netcdf/4.8.1_hdf5-threadsafe-HL_openmpi-4.1.6_gnu/include -I/scratch/app_sequana/pnetcdf/1.12.3_hdf5-threadsafe-HL_openmpi-4.1.6_gnu/include -I.
rm -f wrf_error_fatal.o wrf_error_fatal.mod
mpif90 -D_MPI -DCORE_ATMOSPHERE -DMPAS_NAMELIST_SUFFIX=atmosphere -DMPAS_EXE_NAME=atmosphere_model -DMPAS_OPENMP -DSINGLE_PRECISION -DMPAS_NATIVE_TIMERS -DMPAS_GIT_VERSION=v0.1.0-dirty -DMPAS_BUILD_TARGET=gfortran -DMPAS_SMIOL_SUPPORT -DHIDE_MPI -O3 -ffree-line-length-none -fconvert=big-endian -ffree-form -fopenmp -c ESMF_FractionMod.F90 -I/scratch/app_sequana/netcdf/4.8.1_hdf5-threadsafe-HL_openmpi-4.1.6_gnu/include -I/scratch/app_sequana/pnetcdf/1.12.3_hdf5-threadsafe-HL_openmpi-4.1.6_gnu/include -I/scratch/cenapadrjsd/eduardo.garcia2/MONAN-scripts/sdumont/MONAN_src/MONAN-Model_v0.1.0_sdumont.gnu/src/external/SMIOL -I/scratch/app_sequana/netcdf/4.8.1_hdf5-threadsafe-HL_openmpi-4.1.6_gnu/include -I/scratch/app_sequana/pnetcdf/1.12.3_hdf5-threadsafe-HL_openmpi-4.1.6_gnu/include -I.
rm -f wrf_message.o wrf_message.mod
mpif90 -D_MPI -DCORE_ATMOSPHERE -DMPAS_NAMELIST_SUFFIX=atmosphere -DMPAS_EXE_NAME=atmosphere_model -DMPAS_OPENMP -DSINGLE_PRECISION -DMPAS_NATIVE_TIMERS -DMPAS_GIT_VERSION=v0.1.0-dirty -DMPAS_BUILD_TARGET=gfortran -DMPAS_SMIOL_SUPPORT -DHIDE_MPI -O3 -ffree-line-length-none -fconvert=big-endian -ffree-form -fopenmp -c wrf_error_fatal.F90 -I/scratch/app_sequana/netcdf/4.8.1_hdf5-threadsafe-HL_openmpi-4.1.6_gnu/include -I/scratch/app_sequana/pnetcdf/1.12.3_hdf5-threadsafe-HL_openmpi-4.1.6_gnu/include -I/scratch/cenapadrjsd/eduardo.garcia2/MONAN-scripts/sdumont/MONAN_src/MONAN-Model_v0.1.0_sdumont.gnu/src/external/SMIOL -I/scratch/app_sequana/netcdf/4.8.1_hdf5-threadsafe-HL_openmpi-4.1.6_gnu/include -I/scratch/app_sequana/pnetcdf/1.12.3_hdf5-threadsafe-HL_openmpi-4.1.6_gnu/include -I.
mpif90 -D_MPI -DCORE_ATMOSPHERE -DMPAS_NAMELIST_SUFFIX=atmosphere -DMPAS_EXE_NAME=atmosphere_model -DMPAS_OPENMP -DSINGLE_PRECISION -DMPAS_NATIVE_TIMERS -DMPAS_GIT_VERSION=v0.1.0-dirty -DMPAS_BUILD_TARGET=gfortran -DMPAS_SMIOL_SUPPORT -DHIDE_MPI -O3 -ffree-line-length-none -fconvert=big-endian -ffree-form -fopenmp -c wrf_message.F90 -I/scratch/app_sequana/netcdf/4.8.1_hdf5-threadsafe-HL_openmpi-4.1.6_gnu/include -I/scratch/app_sequana/pnetcdf/1.12.3_hdf5-threadsafe-HL_openmpi-4.1.6_gnu/include -I/scratch/cenapadrjsd/eduardo.garcia2/MONAN-scripts/sdumont/MONAN_src/MONAN-Model_v0.1.0_sdumont.gnu/src/external/SMIOL -I/scratch/app_sequana/netcdf/4.8.1_hdf5-threadsafe-HL_openmpi-4.1.6_gnu/include -I/scratch/app_sequana/pnetcdf/1.12.3_hdf5-threadsafe-HL_openmpi-4.1.6_gnu/include -I.
rm -f ESMF_BaseTimeMod.o ESMF_BaseTimeMod.mod
rm -f MeatMod.o MeatMod.mod
mpif90 -D_MPI -DCORE_ATMOSPHERE -DMPAS_NAMELIST_SUFFIX=atmosphere -DMPAS_EXE_NAME=atmosphere_model -DMPAS_OPENMP -DSINGLE_PRECISION -DMPAS_NATIVE_TIMERS -DMPAS_GIT_VERSION=v0.1.0-dirty -DMPAS_BUILD_TARGET=gfortran -DMPAS_SMIOL_SUPPORT -DHIDE_MPI -O3 -ffree-line-length-none -fconvert=big-endian -ffree-form -fopenmp -c ESMF_BaseTimeMod.F90 -I/scratch/app_sequana/netcdf/4.8.1_hdf5-threadsafe-HL_openmpi-4.1.6_gnu/include -I/scratch/app_sequana/pnetcdf/1.12.3_hdf5-threadsafe-HL_openmpi-4.1.6_gnu/include -I/scratch/cenapadrjsd/eduardo.garcia2/MONAN-scripts/sdumont/MONAN_src/MONAN-Model_v0.1.0_sdumont.gnu/src/external/SMIOL -I/scratch/app_sequana/netcdf/4.8.1_hdf5-threadsafe-HL_openmpi-4.1.6_gnu/include -I/scratch/app_sequana/pnetcdf/1.12.3_hdf5-threadsafe-HL_openmpi-4.1.6_gnu/include -I.
mpif90 -D_MPI -DCORE_ATMOSPHERE -DMPAS_NAMELIST_SUFFIX=atmosphere -DMPAS_EXE_NAME=atmosphere_model -DMPAS_OPENMP -DSINGLE_PRECISION -DMPAS_NATIVE_TIMERS -DMPAS_GIT_VERSION=v0.1.0-dirty -DMPAS_BUILD_TARGET=gfortran -DMPAS_SMIOL_SUPPORT -DHIDE_MPI -O3 -ffree-line-length-none -fconvert=big-endian -ffree-form -fopenmp -c MeatMod.F90 -I/scratch/app_sequana/netcdf/4.8.1_hdf5-threadsafe-HL_openmpi-4.1.6_gnu/include -I/scratch/app_sequana/pnetcdf/1.12.3_hdf5-threadsafe-HL_openmpi-4.1.6_gnu/include -I/scratch/cenapadrjsd/eduardo.garcia2/MONAN-scripts/sdumont/MONAN_src/MONAN-Model_v0.1.0_sdumont.gnu/src/external/SMIOL -I/scratch/app_sequana/netcdf/4.8.1_hdf5-threadsafe-HL_openmpi-4.1.6_gnu/include -I/scratch/app_sequana/pnetcdf/1.12.3_hdf5-threadsafe-HL_openmpi-4.1.6_gnu/include -I.
rm -f ESMF_CalendarMod.o ESMF_CalendarMod.mod
mpif90 -D_MPI -DCORE_ATMOSPHERE -DMPAS_NAMELIST_SUFFIX=atmosphere -DMPAS_EXE_NAME=atmosphere_model -DMPAS_OPENMP -DSINGLE_PRECISION -DMPAS_NATIVE_TIMERS -DMPAS_GIT_VERSION=v0.1.0-dirty -DMPAS_BUILD_TARGET=gfortran -DMPAS_SMIOL_SUPPORT -DHIDE_MPI -O3 -ffree-line-length-none -fconvert=big-endian -ffree-form -fopenmp -c ESMF_CalendarMod.F90 -I/scratch/app_sequana/netcdf/4.8.1_hdf5-threadsafe-HL_openmpi-4.1.6_gnu/include -I/scratch/app_sequana/pnetcdf/1.12.3_hdf5-threadsafe-HL_openmpi-4.1.6_gnu/include -I/scratch/cenapadrjsd/eduardo.garcia2/MONAN-scripts/sdumont/MONAN_src/MONAN-Model_v0.1.0_sdumont.gnu/src/external/SMIOL -I/scratch/app_sequana/netcdf/4.8.1_hdf5-threadsafe-HL_openmpi-4.1.6_gnu/include -I/scratch/app_sequana/pnetcdf/1.12.3_hdf5-threadsafe-HL_openmpi-4.1.6_gnu/include -I.
ar -cr libsmiol.a smiol.o smiol_utils.o
rm -f ESMF_ShrTimeMod.o ESMF_ShrTimeMod.mod
rm -f ESMF_Stubs.o ESMF_Stubs.mod
mpif90 -D_MPI -DCORE_ATMOSPHERE -DMPAS_NAMELIST_SUFFIX=atmosphere -DMPAS_EXE_NAME=atmosphere_model -DMPAS_OPENMP -DSINGLE_PRECISION -DMPAS_NATIVE_TIMERS -DMPAS_GIT_VERSION=v0.1.0-dirty -DMPAS_BUILD_TARGET=gfortran -DMPAS_SMIOL_SUPPORT -DHIDE_MPI -O3 -ffree-line-length-none -fconvert=big-endian -ffree-form -fopenmp -c ESMF_ShrTimeMod.F90 -I/scratch/app_sequana/netcdf/4.8.1_hdf5-threadsafe-HL_openmpi-4.1.6_gnu/include -I/scratch/app_sequana/pnetcdf/1.12.3_hdf5-threadsafe-HL_openmpi-4.1.6_gnu/include -I/scratch/cenapadrjsd/eduardo.garcia2/MONAN-scripts/sdumont/MONAN_src/MONAN-Model_v0.1.0_sdumont.gnu/src/external/SMIOL -I/scratch/app_sequana/netcdf/4.8.1_hdf5-threadsafe-HL_openmpi-4.1.6_gnu/include -I/scratch/app_sequana/pnetcdf/1.12.3_hdf5-threadsafe-HL_openmpi-4.1.6_gnu/include -I.
mpif90 -D_MPI -DCORE_ATMOSPHERE -DMPAS_NAMELIST_SUFFIX=atmosphere -DMPAS_EXE_NAME=atmosphere_model -DMPAS_OPENMP -DSINGLE_PRECISION -DMPAS_NATIVE_TIMERS -DMPAS_GIT_VERSION=v0.1.0-dirty -DMPAS_BUILD_TARGET=gfortran -DMPAS_SMIOL_SUPPORT -DHIDE_MPI -O3 -ffree-line-length-none -fconvert=big-endian -ffree-form -fopenmp -c ESMF_Stubs.F90 -I/scratch/app_sequana/netcdf/4.8.1_hdf5-threadsafe-HL_openmpi-4.1.6_gnu/include -I/scratch/app_sequana/pnetcdf/1.12.3_hdf5-threadsafe-HL_openmpi-4.1.6_gnu/include -I/scratch/cenapadrjsd/eduardo.garcia2/MONAN-scripts/sdumont/MONAN_src/MONAN-Model_v0.1.0_sdumont.gnu/src/external/SMIOL -I/scratch/app_sequana/netcdf/4.8.1_hdf5-threadsafe-HL_openmpi-4.1.6_gnu/include -I/scratch/app_sequana/pnetcdf/1.12.3_hdf5-threadsafe-HL_openmpi-4.1.6_gnu/include -I.
rm -f ESMF_TimeIntervalMod.o ESMF_TimeIntervalMod.mod
mpif90 -D_MPI -DCORE_ATMOSPHERE -DMPAS_NAMELIST_SUFFIX=atmosphere -DMPAS_EXE_NAME=atmosphere_model -DMPAS_OPENMP -DSINGLE_PRECISION -DMPAS_NATIVE_TIMERS -DMPAS_GIT_VERSION=v0.1.0-dirty -DMPAS_BUILD_TARGET=gfortran -DMPAS_SMIOL_SUPPORT -DHIDE_MPI -O3 -ffree-line-length-none -fconvert=big-endian -ffree-form -fopenmp -c ESMF_TimeIntervalMod.F90 -I/scratch/app_sequana/netcdf/4.8.1_hdf5-threadsafe-HL_openmpi-4.1.6_gnu/include -I/scratch/app_sequana/pnetcdf/1.12.3_hdf5-threadsafe-HL_openmpi-4.1.6_gnu/include -I/scratch/cenapadrjsd/eduardo.garcia2/MONAN-scripts/sdumont/MONAN_src/MONAN-Model_v0.1.0_sdumont.gnu/src/external/SMIOL -I/scratch/app_sequana/netcdf/4.8.1_hdf5-threadsafe-HL_openmpi-4.1.6_gnu/include -I/scratch/app_sequana/pnetcdf/1.12.3_hdf5-threadsafe-HL_openmpi-4.1.6_gnu/include -I.
make[4]: Leaving directory `/scratch/cenapadrjsd/eduardo.garcia2/MONAN-scripts/sdumont/MONAN_src/MONAN-Model_v0.1.0_sdumont.gnu/src/external/ezxml'
rm -f ESMF_TimeMod.o ESMF_TimeMod.mod
mpif90 -D_MPI -DCORE_ATMOSPHERE -DMPAS_NAMELIST_SUFFIX=atmosphere -DMPAS_EXE_NAME=atmosphere_model -DMPAS_OPENMP -DSINGLE_PRECISION -DMPAS_NATIVE_TIMERS -DMPAS_GIT_VERSION=v0.1.0-dirty -DMPAS_BUILD_TARGET=gfortran -DMPAS_SMIOL_SUPPORT -DHIDE_MPI -O3 -ffree-line-length-none -fconvert=big-endian -ffree-form -fopenmp -c ESMF_TimeMod.F90 -I/scratch/app_sequana/netcdf/4.8.1_hdf5-threadsafe-HL_openmpi-4.1.6_gnu/include -I/scratch/app_sequana/pnetcdf/1.12.3_hdf5-threadsafe-HL_openmpi-4.1.6_gnu/include -I/scratch/cenapadrjsd/eduardo.garcia2/MONAN-scripts/sdumont/MONAN_src/MONAN-Model_v0.1.0_sdumont.gnu/src/external/SMIOL -I/scratch/app_sequana/netcdf/4.8.1_hdf5-threadsafe-HL_openmpi-4.1.6_gnu/include -I/scratch/app_sequana/pnetcdf/1.12.3_hdf5-threadsafe-HL_openmpi-4.1.6_gnu/include -I.
ar -cr libsmiolf.a smiolf.o
make[4]: Leaving directory `/scratch/cenapadrjsd/eduardo.garcia2/MONAN-scripts/sdumont/MONAN_src/MONAN-Model_v0.1.0_sdumont.gnu/src/external/SMIOL'
rm -f ESMF_AlarmMod.o ESMF_AlarmMod.mod
mpif90 -D_MPI -DCORE_ATMOSPHERE -DMPAS_NAMELIST_SUFFIX=atmosphere -DMPAS_EXE_NAME=atmosphere_model -DMPAS_OPENMP -DSINGLE_PRECISION -DMPAS_NATIVE_TIMERS -DMPAS_GIT_VERSION=v0.1.0-dirty -DMPAS_BUILD_TARGET=gfortran -DMPAS_SMIOL_SUPPORT -DHIDE_MPI -O3 -ffree-line-length-none -fconvert=big-endian -ffree-form -fopenmp -c ESMF_AlarmMod.F90 -I/scratch/app_sequana/netcdf/4.8.1_hdf5-threadsafe-HL_openmpi-4.1.6_gnu/include -I/scratch/app_sequana/pnetcdf/1.12.3_hdf5-threadsafe-HL_openmpi-4.1.6_gnu/include -I/scratch/cenapadrjsd/eduardo.garcia2/MONAN-scripts/sdumont/MONAN_src/MONAN-Model_v0.1.0_sdumont.gnu/src/external/SMIOL -I/scratch/app_sequana/netcdf/4.8.1_hdf5-threadsafe-HL_openmpi-4.1.6_gnu/include -I/scratch/app_sequana/pnetcdf/1.12.3_hdf5-threadsafe-HL_openmpi-4.1.6_gnu/include -I.
rm -f ESMF_ClockMod.o ESMF_ClockMod.mod
mpif90 -D_MPI -DCORE_ATMOSPHERE -DMPAS_NAMELIST_SUFFIX=atmosphere -DMPAS_EXE_NAME=atmosphere_model -DMPAS_OPENMP -DSINGLE_PRECISION -DMPAS_NATIVE_TIMERS -DMPAS_GIT_VERSION=v0.1.0-dirty -DMPAS_BUILD_TARGET=gfortran -DMPAS_SMIOL_SUPPORT -DHIDE_MPI -O3 -ffree-line-length-none -fconvert=big-endian -ffree-form -fopenmp -c ESMF_ClockMod.F90 -I/scratch/app_sequana/netcdf/4.8.1_hdf5-threadsafe-HL_openmpi-4.1.6_gnu/include -I/scratch/app_sequana/pnetcdf/1.12.3_hdf5-threadsafe-HL_openmpi-4.1.6_gnu/include -I/scratch/cenapadrjsd/eduardo.garcia2/MONAN-scripts/sdumont/MONAN_src/MONAN-Model_v0.1.0_sdumont.gnu/src/external/SMIOL -I/scratch/app_sequana/netcdf/4.8.1_hdf5-threadsafe-HL_openmpi-4.1.6_gnu/include -I/scratch/app_sequana/pnetcdf/1.12.3_hdf5-threadsafe-HL_openmpi-4.1.6_gnu/include -I.
rm -f ESMF_AlarmClockMod.o ESMF_AlarmClockMod.mod
mpif90 -D_MPI -DCORE_ATMOSPHERE -DMPAS_NAMELIST_SUFFIX=atmosphere -DMPAS_EXE_NAME=atmosphere_model -DMPAS_OPENMP -DSINGLE_PRECISION -DMPAS_NATIVE_TIMERS -DMPAS_GIT_VERSION=v0.1.0-dirty -DMPAS_BUILD_TARGET=gfortran -DMPAS_SMIOL_SUPPORT -DHIDE_MPI -O3 -ffree-line-length-none -fconvert=big-endian -ffree-form -fopenmp -c ESMF_AlarmClockMod.F90 -I/scratch/app_sequana/netcdf/4.8.1_hdf5-threadsafe-HL_openmpi-4.1.6_gnu/include -I/scratch/app_sequana/pnetcdf/1.12.3_hdf5-threadsafe-HL_openmpi-4.1.6_gnu/include -I/scratch/cenapadrjsd/eduardo.garcia2/MONAN-scripts/sdumont/MONAN_src/MONAN-Model_v0.1.0_sdumont.gnu/src/external/SMIOL -I/scratch/app_sequana/netcdf/4.8.1_hdf5-threadsafe-HL_openmpi-4.1.6_gnu/include -I/scratch/app_sequana/pnetcdf/1.12.3_hdf5-threadsafe-HL_openmpi-4.1.6_gnu/include -I.
rm -f ESMF.o ESMF.mod
mpif90 -D_MPI -DCORE_ATMOSPHERE -DMPAS_NAMELIST_SUFFIX=atmosphere -DMPAS_EXE_NAME=atmosphere_model -DMPAS_OPENMP -DSINGLE_PRECISION -DMPAS_NATIVE_TIMERS -DMPAS_GIT_VERSION=v0.1.0-dirty -DMPAS_BUILD_TARGET=gfortran -DMPAS_SMIOL_SUPPORT -DHIDE_MPI -O3 -ffree-line-length-none -fconvert=big-endian -ffree-form -fopenmp -c ESMF.F90 -I/scratch/app_sequana/netcdf/4.8.1_hdf5-threadsafe-HL_openmpi-4.1.6_gnu/include -I/scratch/app_sequana/pnetcdf/1.12.3_hdf5-threadsafe-HL_openmpi-4.1.6_gnu/include -I/scratch/cenapadrjsd/eduardo.garcia2/MONAN-scripts/sdumont/MONAN_src/MONAN-Model_v0.1.0_sdumont.gnu/src/external/SMIOL -I/scratch/app_sequana/netcdf/4.8.1_hdf5-threadsafe-HL_openmpi-4.1.6_gnu/include -I/scratch/app_sequana/pnetcdf/1.12.3_hdf5-threadsafe-HL_openmpi-4.1.6_gnu/include -I.
ar -ru libesmf_time.a *.o
ar: creating libesmf_time.a
make[4]: Leaving directory `/scratch/cenapadrjsd/eduardo.garcia2/MONAN-scripts/sdumont/MONAN_src/MONAN-Model_v0.1.0_sdumont.gnu/src/external/esmf_time_f90'
make[3]: Leaving directory `/scratch/cenapadrjsd/eduardo.garcia2/MONAN-scripts/sdumont/MONAN_src/MONAN-Model_v0.1.0_sdumont.gnu/src/external'
( cd framework; make CPPFLAGS="-D_MPI -DCORE_ATMOSPHERE -DMPAS_NAMELIST_SUFFIX=atmosphere -DMPAS_EXE_NAME=atmosphere_model -DMPAS_OPENMP -DSINGLE_PRECISION -DMPAS_NATIVE_TIMERS -DMPAS_GIT_VERSION=v0.1.0-dirty -DMPAS_BUILD_TARGET=gfortran -DMPAS_SMIOL_SUPPORT" CPPINCLUDES="-I/scratch/app_sequana/netcdf/4.8.1_hdf5-threadsafe-HL_openmpi-4.1.6_gnu/include -I/scratch/app_sequana/pnetcdf/1.12.3_hdf5-threadsafe-HL_openmpi-4.1.6_gnu/include" all ) 
(cd tools; make CPPFLAGS="-D_MPI -DCORE_ATMOSPHERE -DMPAS_NAMELIST_SUFFIX=atmosphere -DMPAS_EXE_NAME=atmosphere_model -DMPAS_OPENMP -DSINGLE_PRECISION -DMPAS_NATIVE_TIMERS -DMPAS_GIT_VERSION=v0.1.0-dirty -DMPAS_BUILD_TARGET=gfortran -DMPAS_SMIOL_SUPPORT" CC="gcc" CFLAGS="-O3 -fopenmp -DSINGLE_PRECISION")
make[3]: Entering directory `/scratch/cenapadrjsd/eduardo.garcia2/MONAN-scripts/sdumont/MONAN_src/MONAN-Model_v0.1.0_sdumont.gnu/src/tools'
( make build_registry CPPFLAGS="-D_MPI -DCORE_ATMOSPHERE -DMPAS_NAMELIST_SUFFIX=atmosphere -DMPAS_EXE_NAME=atmosphere_model -DMPAS_OPENMP -DSINGLE_PRECISION -DMPAS_NATIVE_TIMERS -DMPAS_GIT_VERSION=v0.1.0-dirty -DMPAS_BUILD_TARGET=gfortran -DMPAS_SMIOL_SUPPORT" CC="gcc" CFLAGS="-O3 -fopenmp -DSINGLE_PRECISION" )
make[4]: Entering directory `/scratch/cenapadrjsd/eduardo.garcia2/MONAN-scripts/sdumont/MONAN_src/MONAN-Model_v0.1.0_sdumont.gnu/src/tools'
*** Building MPAS tools from source ***
(cd registry; make CPPFLAGS="-D_MPI -DCORE_ATMOSPHERE -DMPAS_NAMELIST_SUFFIX=atmosphere -DMPAS_EXE_NAME=atmosphere_model -DMPAS_OPENMP -DSINGLE_PRECISION -DMPAS_NATIVE_TIMERS -DMPAS_GIT_VERSION=v0.1.0-dirty -DMPAS_BUILD_TARGET=gfortran -DMPAS_SMIOL_SUPPORT" CC="gcc" CFLAGS="-O3 -fopenmp -DSINGLE_PRECISION")
make[3]: Entering directory `/scratch/cenapadrjsd/eduardo.garcia2/MONAN-scripts/sdumont/MONAN_src/MONAN-Model_v0.1.0_sdumont.gnu/src/framework'
rm -f mpas_kind_types.o mpas_kind_types.mod
make[5]: Entering directory `/scratch/cenapadrjsd/eduardo.garcia2/MONAN-scripts/sdumont/MONAN_src/MONAN-Model_v0.1.0_sdumont.gnu/src/tools/registry'
(cd ../../external/ezxml; make CFLAGS="-O3 -fopenmp -DSINGLE_PRECISION " OBJFILE="ezxml_tools.o")
mpif90 -D_MPI -DCORE_ATMOSPHERE -DMPAS_NAMELIST_SUFFIX=atmosphere -DMPAS_EXE_NAME=atmosphere_model -DMPAS_OPENMP -DSINGLE_PRECISION -DMPAS_NATIVE_TIMERS -DMPAS_GIT_VERSION=v0.1.0-dirty -DMPAS_BUILD_TARGET=gfortran -DMPAS_SMIOL_SUPPORT -O3 -ffree-line-length-none -fconvert=big-endian -ffree-form -fopenmp -c mpas_kind_types.F -I/scratch/app_sequana/netcdf/4.8.1_hdf5-threadsafe-HL_openmpi-4.1.6_gnu/include -I/scratch/app_sequana/pnetcdf/1.12.3_hdf5-threadsafe-HL_openmpi-4.1.6_gnu/include -I/scratch/cenapadrjsd/eduardo.garcia2/MONAN-scripts/sdumont/MONAN_src/MONAN-Model_v0.1.0_sdumont.gnu/src/external/SMIOL -I/scratch/app_sequana/netcdf/4.8.1_hdf5-threadsafe-HL_openmpi-4.1.6_gnu/include -I/scratch/app_sequana/pnetcdf/1.12.3_hdf5-threadsafe-HL_openmpi-4.1.6_gnu/include -I../external/esmf_time_f90
rm -f mpas_c_interfacing.o mpas_c_interfacing.mod
mpif90 -D_MPI -DCORE_ATMOSPHERE -DMPAS_NAMELIST_SUFFIX=atmosphere -DMPAS_EXE_NAME=atmosphere_model -DMPAS_OPENMP -DSINGLE_PRECISION -DMPAS_NATIVE_TIMERS -DMPAS_GIT_VERSION=v0.1.0-dirty -DMPAS_BUILD_TARGET=gfortran -DMPAS_SMIOL_SUPPORT -O3 -ffree-line-length-none -fconvert=big-endian -ffree-form -fopenmp -c mpas_c_interfacing.F -I/scratch/app_sequana/netcdf/4.8.1_hdf5-threadsafe-HL_openmpi-4.1.6_gnu/include -I/scratch/app_sequana/pnetcdf/1.12.3_hdf5-threadsafe-HL_openmpi-4.1.6_gnu/include -I/scratch/cenapadrjsd/eduardo.garcia2/MONAN-scripts/sdumont/MONAN_src/MONAN-Model_v0.1.0_sdumont.gnu/src/external/SMIOL -I/scratch/app_sequana/netcdf/4.8.1_hdf5-threadsafe-HL_openmpi-4.1.6_gnu/include -I/scratch/app_sequana/pnetcdf/1.12.3_hdf5-threadsafe-HL_openmpi-4.1.6_gnu/include -I../external/esmf_time_f90
mpicc -O3 -fopenmp -DSINGLE_PRECISION -D_MPI -DCORE_ATMOSPHERE -DMPAS_NAMELIST_SUFFIX=atmosphere -DMPAS_EXE_NAME=atmosphere_model -DMPAS_OPENMP -DSINGLE_PRECISION -DMPAS_NATIVE_TIMERS -DMPAS_GIT_VERSION=v0.1.0-dirty -DMPAS_BUILD_TARGET=gfortran -DMPAS_SMIOL_SUPPORT -I/scratch/app_sequana/netcdf/4.8.1_hdf5-threadsafe-HL_openmpi-4.1.6_gnu/include -I/scratch/app_sequana/pnetcdf/1.12.3_hdf5-threadsafe-HL_openmpi-4.1.6_gnu/include -I../external/ezxml -c regex_matching.c
make[6]: Entering directory `/scratch/cenapadrjsd/eduardo.garcia2/MONAN-scripts/sdumont/MONAN_src/MONAN-Model_v0.1.0_sdumont.gnu/src/external/ezxml'
gcc -O3 -fopenmp -DSINGLE_PRECISION  -D_MPI -DCORE_ATMOSPHERE -DMPAS_NAMELIST_SUFFIX=atmosphere -DMPAS_EXE_NAME=atmosphere_model -DMPAS_OPENMP -DSINGLE_PRECISION -DMPAS_NATIVE_TIMERS -DMPAS_GIT_VERSION=v0.1.0-dirty -DMPAS_BUILD_TARGET=gfortran -DMPAS_SMIOL_SUPPORT -c ezxml.c -o ezxml_tools.o
mpicc -O3 -fopenmp -DSINGLE_PRECISION -D_MPI -DCORE_ATMOSPHERE -DMPAS_NAMELIST_SUFFIX=atmosphere -DMPAS_EXE_NAME=atmosphere_model -DMPAS_OPENMP -DSINGLE_PRECISION -DMPAS_NATIVE_TIMERS -DMPAS_GIT_VERSION=v0.1.0-dirty -DMPAS_BUILD_TARGET=gfortran -DMPAS_SMIOL_SUPPORT -I/scratch/app_sequana/netcdf/4.8.1_hdf5-threadsafe-HL_openmpi-4.1.6_gnu/include -I/scratch/app_sequana/pnetcdf/1.12.3_hdf5-threadsafe-HL_openmpi-4.1.6_gnu/include -I../external/ezxml -c random_id.c
mpicc -O3 -fopenmp -DSINGLE_PRECISION -D_MPI -DCORE_ATMOSPHERE -DMPAS_NAMELIST_SUFFIX=atmosphere -DMPAS_EXE_NAME=atmosphere_model -DMPAS_OPENMP -DSINGLE_PRECISION -DMPAS_NATIVE_TIMERS -DMPAS_GIT_VERSION=v0.1.0-dirty -DMPAS_BUILD_TARGET=gfortran -DMPAS_SMIOL_SUPPORT -I/scratch/app_sequana/netcdf/4.8.1_hdf5-threadsafe-HL_openmpi-4.1.6_gnu/include -I/scratch/app_sequana/pnetcdf/1.12.3_hdf5-threadsafe-HL_openmpi-4.1.6_gnu/include -I../external/ezxml -c pool_hash.c
mpicc -O3 -fopenmp -DSINGLE_PRECISION -D_MPI -DCORE_ATMOSPHERE -DMPAS_NAMELIST_SUFFIX=atmosphere -DMPAS_EXE_NAME=atmosphere_model -DMPAS_OPENMP -DSINGLE_PRECISION -DMPAS_NATIVE_TIMERS -DMPAS_GIT_VERSION=v0.1.0-dirty -DMPAS_BUILD_TARGET=gfortran -DMPAS_SMIOL_SUPPORT -I/scratch/app_sequana/netcdf/4.8.1_hdf5-threadsafe-HL_openmpi-4.1.6_gnu/include -I/scratch/app_sequana/pnetcdf/1.12.3_hdf5-threadsafe-HL_openmpi-4.1.6_gnu/include -I../external/ezxml -c xml_stream_parser.c
rm -f mpas_constants.o mpas_constants.mod
rm -f mpas_io_units.o mpas_io_units.mod
mpif90 -D_MPI -DCORE_ATMOSPHERE -DMPAS_NAMELIST_SUFFIX=atmosphere -DMPAS_EXE_NAME=atmosphere_model -DMPAS_OPENMP -DSINGLE_PRECISION -DMPAS_NATIVE_TIMERS -DMPAS_GIT_VERSION=v0.1.0-dirty -DMPAS_BUILD_TARGET=gfortran -DMPAS_SMIOL_SUPPORT -O3 -ffree-line-length-none -fconvert=big-endian -ffree-form -fopenmp -c mpas_constants.F -I/scratch/app_sequana/netcdf/4.8.1_hdf5-threadsafe-HL_openmpi-4.1.6_gnu/include -I/scratch/app_sequana/pnetcdf/1.12.3_hdf5-threadsafe-HL_openmpi-4.1.6_gnu/include -I/scratch/cenapadrjsd/eduardo.garcia2/MONAN-scripts/sdumont/MONAN_src/MONAN-Model_v0.1.0_sdumont.gnu/src/external/SMIOL -I/scratch/app_sequana/netcdf/4.8.1_hdf5-threadsafe-HL_openmpi-4.1.6_gnu/include -I/scratch/app_sequana/pnetcdf/1.12.3_hdf5-threadsafe-HL_openmpi-4.1.6_gnu/include -I../external/esmf_time_f90
mpif90 -D_MPI -DCORE_ATMOSPHERE -DMPAS_NAMELIST_SUFFIX=atmosphere -DMPAS_EXE_NAME=atmosphere_model -DMPAS_OPENMP -DSINGLE_PRECISION -DMPAS_NATIVE_TIMERS -DMPAS_GIT_VERSION=v0.1.0-dirty -DMPAS_BUILD_TARGET=gfortran -DMPAS_SMIOL_SUPPORT -O3 -ffree-line-length-none -fconvert=big-endian -ffree-form -fopenmp -c mpas_io_units.F -I/scratch/app_sequana/netcdf/4.8.1_hdf5-threadsafe-HL_openmpi-4.1.6_gnu/include -I/scratch/app_sequana/pnetcdf/1.12.3_hdf5-threadsafe-HL_openmpi-4.1.6_gnu/include -I/scratch/cenapadrjsd/eduardo.garcia2/MONAN-scripts/sdumont/MONAN_src/MONAN-Model_v0.1.0_sdumont.gnu/src/external/SMIOL -I/scratch/app_sequana/netcdf/4.8.1_hdf5-threadsafe-HL_openmpi-4.1.6_gnu/include -I/scratch/app_sequana/pnetcdf/1.12.3_hdf5-threadsafe-HL_openmpi-4.1.6_gnu/include -I../external/esmf_time_f90
rm -f mpas_threading.o mpas_threading.mod
mpif90 -D_MPI -DCORE_ATMOSPHERE -DMPAS_NAMELIST_SUFFIX=atmosphere -DMPAS_EXE_NAME=atmosphere_model -DMPAS_OPENMP -DSINGLE_PRECISION -DMPAS_NATIVE_TIMERS -DMPAS_GIT_VERSION=v0.1.0-dirty -DMPAS_BUILD_TARGET=gfortran -DMPAS_SMIOL_SUPPORT -O3 -ffree-line-length-none -fconvert=big-endian -ffree-form -fopenmp -c mpas_threading.F -I/scratch/app_sequana/netcdf/4.8.1_hdf5-threadsafe-HL_openmpi-4.1.6_gnu/include -I/scratch/app_sequana/pnetcdf/1.12.3_hdf5-threadsafe-HL_openmpi-4.1.6_gnu/include -I/scratch/cenapadrjsd/eduardo.garcia2/MONAN-scripts/sdumont/MONAN_src/MONAN-Model_v0.1.0_sdumont.gnu/src/external/SMIOL -I/scratch/app_sequana/netcdf/4.8.1_hdf5-threadsafe-HL_openmpi-4.1.6_gnu/include -I/scratch/app_sequana/pnetcdf/1.12.3_hdf5-threadsafe-HL_openmpi-4.1.6_gnu/include -I../external/esmf_time_f90
rm -f mpas_abort.o mpas_abort.mod
mpif90 -D_MPI -DCORE_ATMOSPHERE -DMPAS_NAMELIST_SUFFIX=atmosphere -DMPAS_EXE_NAME=atmosphere_model -DMPAS_OPENMP -DSINGLE_PRECISION -DMPAS_NATIVE_TIMERS -DMPAS_GIT_VERSION=v0.1.0-dirty -DMPAS_BUILD_TARGET=gfortran -DMPAS_SMIOL_SUPPORT -O3 -ffree-line-length-none -fconvert=big-endian -ffree-form -fopenmp -c mpas_abort.F -I/scratch/app_sequana/netcdf/4.8.1_hdf5-threadsafe-HL_openmpi-4.1.6_gnu/include -I/scratch/app_sequana/pnetcdf/1.12.3_hdf5-threadsafe-HL_openmpi-4.1.6_gnu/include -I/scratch/cenapadrjsd/eduardo.garcia2/MONAN-scripts/sdumont/MONAN_src/MONAN-Model_v0.1.0_sdumont.gnu/src/external/SMIOL -I/scratch/app_sequana/netcdf/4.8.1_hdf5-threadsafe-HL_openmpi-4.1.6_gnu/include -I/scratch/app_sequana/pnetcdf/1.12.3_hdf5-threadsafe-HL_openmpi-4.1.6_gnu/include -I../external/esmf_time_f90
rm -f mpas_derived_types.o mpas_derived_types.mod
mpif90 -D_MPI -DCORE_ATMOSPHERE -DMPAS_NAMELIST_SUFFIX=atmosphere -DMPAS_EXE_NAME=atmosphere_model -DMPAS_OPENMP -DSINGLE_PRECISION -DMPAS_NATIVE_TIMERS -DMPAS_GIT_VERSION=v0.1.0-dirty -DMPAS_BUILD_TARGET=gfortran -DMPAS_SMIOL_SUPPORT -O3 -ffree-line-length-none -fconvert=big-endian -ffree-form -fopenmp -c mpas_derived_types.F -I/scratch/app_sequana/netcdf/4.8.1_hdf5-threadsafe-HL_openmpi-4.1.6_gnu/include -I/scratch/app_sequana/pnetcdf/1.12.3_hdf5-threadsafe-HL_openmpi-4.1.6_gnu/include -I/scratch/cenapadrjsd/eduardo.garcia2/MONAN-scripts/sdumont/MONAN_src/MONAN-Model_v0.1.0_sdumont.gnu/src/external/SMIOL -I/scratch/app_sequana/netcdf/4.8.1_hdf5-threadsafe-HL_openmpi-4.1.6_gnu/include -I/scratch/app_sequana/pnetcdf/1.12.3_hdf5-threadsafe-HL_openmpi-4.1.6_gnu/include -I../external/esmf_time_f90
rm -f mpas_log.o mpas_log.mod
rm -f mpas_hash.o mpas_hash.mod
rm -f mpas_attlist.o mpas_attlist.mod
mpif90 -D_MPI -DCORE_ATMOSPHERE -DMPAS_NAMELIST_SUFFIX=atmosphere -DMPAS_EXE_NAME=atmosphere_model -DMPAS_OPENMP -DSINGLE_PRECISION -DMPAS_NATIVE_TIMERS -DMPAS_GIT_VERSION=v0.1.0-dirty -DMPAS_BUILD_TARGET=gfortran -DMPAS_SMIOL_SUPPORT -O3 -ffree-line-length-none -fconvert=big-endian -ffree-form -fopenmp -c mpas_log.F -I/scratch/app_sequana/netcdf/4.8.1_hdf5-threadsafe-HL_openmpi-4.1.6_gnu/include -I/scratch/app_sequana/pnetcdf/1.12.3_hdf5-threadsafe-HL_openmpi-4.1.6_gnu/include -I/scratch/cenapadrjsd/eduardo.garcia2/MONAN-scripts/sdumont/MONAN_src/MONAN-Model_v0.1.0_sdumont.gnu/src/external/SMIOL -I/scratch/app_sequana/netcdf/4.8.1_hdf5-threadsafe-HL_openmpi-4.1.6_gnu/include -I/scratch/app_sequana/pnetcdf/1.12.3_hdf5-threadsafe-HL_openmpi-4.1.6_gnu/include -I../external/esmf_time_f90
mpif90 -D_MPI -DCORE_ATMOSPHERE -DMPAS_NAMELIST_SUFFIX=atmosphere -DMPAS_EXE_NAME=atmosphere_model -DMPAS_OPENMP -DSINGLE_PRECISION -DMPAS_NATIVE_TIMERS -DMPAS_GIT_VERSION=v0.1.0-dirty -DMPAS_BUILD_TARGET=gfortran -DMPAS_SMIOL_SUPPORT -O3 -ffree-line-length-none -fconvert=big-endian -ffree-form -fopenmp -c mpas_attlist.F -I/scratch/app_sequana/netcdf/4.8.1_hdf5-threadsafe-HL_openmpi-4.1.6_gnu/include -I/scratch/app_sequana/pnetcdf/1.12.3_hdf5-threadsafe-HL_openmpi-4.1.6_gnu/include -I/scratch/cenapadrjsd/eduardo.garcia2/MONAN-scripts/sdumont/MONAN_src/MONAN-Model_v0.1.0_sdumont.gnu/src/external/SMIOL -I/scratch/app_sequana/netcdf/4.8.1_hdf5-threadsafe-HL_openmpi-4.1.6_gnu/include -I/scratch/app_sequana/pnetcdf/1.12.3_hdf5-threadsafe-HL_openmpi-4.1.6_gnu/include -I../external/esmf_time_f90
mpif90 -D_MPI -DCORE_ATMOSPHERE -DMPAS_NAMELIST_SUFFIX=atmosphere -DMPAS_EXE_NAME=atmosphere_model -DMPAS_OPENMP -DSINGLE_PRECISION -DMPAS_NATIVE_TIMERS -DMPAS_GIT_VERSION=v0.1.0-dirty -DMPAS_BUILD_TARGET=gfortran -DMPAS_SMIOL_SUPPORT -O3 -ffree-line-length-none -fconvert=big-endian -ffree-form -fopenmp -c mpas_hash.F -I/scratch/app_sequana/netcdf/4.8.1_hdf5-threadsafe-HL_openmpi-4.1.6_gnu/include -I/scratch/app_sequana/pnetcdf/1.12.3_hdf5-threadsafe-HL_openmpi-4.1.6_gnu/include -I/scratch/cenapadrjsd/eduardo.garcia2/MONAN-scripts/sdumont/MONAN_src/MONAN-Model_v0.1.0_sdumont.gnu/src/external/SMIOL -I/scratch/app_sequana/netcdf/4.8.1_hdf5-threadsafe-HL_openmpi-4.1.6_gnu/include -I/scratch/app_sequana/pnetcdf/1.12.3_hdf5-threadsafe-HL_openmpi-4.1.6_gnu/include -I../external/esmf_time_f90
make[6]: Leaving directory `/scratch/cenapadrjsd/eduardo.garcia2/MONAN-scripts/sdumont/MONAN_src/MONAN-Model_v0.1.0_sdumont.gnu/src/external/ezxml'
#(make ezxml CPPFLAGS="-D_MPI -DCORE_ATMOSPHERE -DMPAS_NAMELIST_SUFFIX=atmosphere -DMPAS_EXE_NAME=atmosphere_model -DMPAS_OPENMP -DSINGLE_PRECISION -DMPAS_NATIVE_TIMERS -DMPAS_GIT_VERSION=v0.1.0-dirty -DMPAS_BUILD_TARGET=gfortran -DMPAS_SMIOL_SUPPORT" CPPINCLUDES="-I/scratch/app_sequana/netcdf/4.8.1_hdf5-threadsafe-HL_openmpi-4.1.6_gnu/include -I/scratch/app_sequana/pnetcdf/1.12.3_hdf5-threadsafe-HL_openmpi-4.1.6_gnu/include")
(make parse CPPFLAGS="-D_MPI -DCORE_ATMOSPHERE -DMPAS_NAMELIST_SUFFIX=atmosphere -DMPAS_EXE_NAME=atmosphere_model -DMPAS_OPENMP -DSINGLE_PRECISION -DMPAS_NATIVE_TIMERS -DMPAS_GIT_VERSION=v0.1.0-dirty -DMPAS_BUILD_TARGET=gfortran -DMPAS_SMIOL_SUPPORT" CPPINCLUDES="-I/scratch/app_sequana/netcdf/4.8.1_hdf5-threadsafe-HL_openmpi-4.1.6_gnu/include -I/scratch/app_sequana/pnetcdf/1.12.3_hdf5-threadsafe-HL_openmpi-4.1.6_gnu/include")
make[6]: Entering directory `/scratch/cenapadrjsd/eduardo.garcia2/MONAN-scripts/sdumont/MONAN_src/MONAN-Model_v0.1.0_sdumont.gnu/src/tools/registry'
gcc  -O3 -fopenmp -DSINGLE_PRECISION -D_MPI -DCORE_ATMOSPHERE -DMPAS_NAMELIST_SUFFIX=atmosphere -DMPAS_EXE_NAME=atmosphere_model -DMPAS_OPENMP -DSINGLE_PRECISION -DMPAS_NATIVE_TIMERS -DMPAS_GIT_VERSION=v0.1.0-dirty -DMPAS_BUILD_TARGET=gfortran -DMPAS_SMIOL_SUPPORT -I../../external/ezxml -c parse.c
gcc  -O3 -fopenmp -DSINGLE_PRECISION -D_MPI -DCORE_ATMOSPHERE -DMPAS_NAMELIST_SUFFIX=atmosphere -DMPAS_EXE_NAME=atmosphere_model -DMPAS_OPENMP -DSINGLE_PRECISION -DMPAS_NATIVE_TIMERS -DMPAS_GIT_VERSION=v0.1.0-dirty -DMPAS_BUILD_TARGET=gfortran -DMPAS_SMIOL_SUPPORT -I../../external/ezxml -c dictionary.c
gcc  -O3 -fopenmp -DSINGLE_PRECISION -D_MPI -DCORE_ATMOSPHERE -DMPAS_NAMELIST_SUFFIX=atmosphere -DMPAS_EXE_NAME=atmosphere_model -DMPAS_OPENMP -DSINGLE_PRECISION -DMPAS_NATIVE_TIMERS -DMPAS_GIT_VERSION=v0.1.0-dirty -DMPAS_BUILD_TARGET=gfortran -DMPAS_SMIOL_SUPPORT -I../../external/ezxml -c gen_inc.c
gcc  -O3 -fopenmp -DSINGLE_PRECISION -D_MPI -DCORE_ATMOSPHERE -DMPAS_NAMELIST_SUFFIX=atmosphere -DMPAS_EXE_NAME=atmosphere_model -DMPAS_OPENMP -DSINGLE_PRECISION -DMPAS_NATIVE_TIMERS -DMPAS_GIT_VERSION=v0.1.0-dirty -DMPAS_BUILD_TARGET=gfortran -DMPAS_SMIOL_SUPPORT -I../../external/ezxml -c fortprintf.c
gcc  -O3 -fopenmp -DSINGLE_PRECISION -D_MPI -DCORE_ATMOSPHERE -DMPAS_NAMELIST_SUFFIX=atmosphere -DMPAS_EXE_NAME=atmosphere_model -DMPAS_OPENMP -DSINGLE_PRECISION -DMPAS_NATIVE_TIMERS -DMPAS_GIT_VERSION=v0.1.0-dirty -DMPAS_BUILD_TARGET=gfortran -DMPAS_SMIOL_SUPPORT -I../../external/ezxml -c utility.c
rm -f mpas_field_routines.o mpas_field_routines.mod
mpif90 -D_MPI -DCORE_ATMOSPHERE -DMPAS_NAMELIST_SUFFIX=atmosphere -DMPAS_EXE_NAME=atmosphere_model -DMPAS_OPENMP -DSINGLE_PRECISION -DMPAS_NATIVE_TIMERS -DMPAS_GIT_VERSION=v0.1.0-dirty -DMPAS_BUILD_TARGET=gfortran -DMPAS_SMIOL_SUPPORT -O3 -ffree-line-length-none -fconvert=big-endian -ffree-form -fopenmp -c mpas_field_routines.F -I/scratch/app_sequana/netcdf/4.8.1_hdf5-threadsafe-HL_openmpi-4.1.6_gnu/include -I/scratch/app_sequana/pnetcdf/1.12.3_hdf5-threadsafe-HL_openmpi-4.1.6_gnu/include -I/scratch/cenapadrjsd/eduardo.garcia2/MONAN-scripts/sdumont/MONAN_src/MONAN-Model_v0.1.0_sdumont.gnu/src/external/SMIOL -I/scratch/app_sequana/netcdf/4.8.1_hdf5-threadsafe-HL_openmpi-4.1.6_gnu/include -I/scratch/app_sequana/pnetcdf/1.12.3_hdf5-threadsafe-HL_openmpi-4.1.6_gnu/include -I../external/esmf_time_f90
rm -f mpas_sort.o mpas_sort.mod
mpif90 -D_MPI -DCORE_ATMOSPHERE -DMPAS_NAMELIST_SUFFIX=atmosphere -DMPAS_EXE_NAME=atmosphere_model -DMPAS_OPENMP -DSINGLE_PRECISION -DMPAS_NATIVE_TIMERS -DMPAS_GIT_VERSION=v0.1.0-dirty -DMPAS_BUILD_TARGET=gfortran -DMPAS_SMIOL_SUPPORT -O3 -ffree-line-length-none -fconvert=big-endian -ffree-form -fopenmp -c mpas_sort.F -I/scratch/app_sequana/netcdf/4.8.1_hdf5-threadsafe-HL_openmpi-4.1.6_gnu/include -I/scratch/app_sequana/pnetcdf/1.12.3_hdf5-threadsafe-HL_openmpi-4.1.6_gnu/include -I/scratch/cenapadrjsd/eduardo.garcia2/MONAN-scripts/sdumont/MONAN_src/MONAN-Model_v0.1.0_sdumont.gnu/src/external/SMIOL -I/scratch/app_sequana/netcdf/4.8.1_hdf5-threadsafe-HL_openmpi-4.1.6_gnu/include -I/scratch/app_sequana/pnetcdf/1.12.3_hdf5-threadsafe-HL_openmpi-4.1.6_gnu/include -I../external/esmf_time_f90
gcc -D_MPI -DCORE_ATMOSPHERE -DMPAS_NAMELIST_SUFFIX=atmosphere -DMPAS_EXE_NAME=atmosphere_model -DMPAS_OPENMP -DSINGLE_PRECISION -DMPAS_NATIVE_TIMERS -DMPAS_GIT_VERSION=v0.1.0-dirty -DMPAS_BUILD_TARGET=gfortran -DMPAS_SMIOL_SUPPORT -O3 -fopenmp -DSINGLE_PRECISION ../../external/ezxml/ezxml_tools.o -I../../external/ezxml -o parse parse.o dictionary.o gen_inc.o fortprintf.o utility.o
make[6]: Leaving directory `/scratch/cenapadrjsd/eduardo.garcia2/MONAN-scripts/sdumont/MONAN_src/MONAN-Model_v0.1.0_sdumont.gnu/src/tools/registry'
make[5]: Leaving directory `/scratch/cenapadrjsd/eduardo.garcia2/MONAN-scripts/sdumont/MONAN_src/MONAN-Model_v0.1.0_sdumont.gnu/src/tools/registry'
make[4]: Leaving directory `/scratch/cenapadrjsd/eduardo.garcia2/MONAN-scripts/sdumont/MONAN_src/MONAN-Model_v0.1.0_sdumont.gnu/src/tools'
( make build_input_gen CPPFLAGS="-D_MPI -DCORE_ATMOSPHERE -DMPAS_NAMELIST_SUFFIX=atmosphere -DMPAS_EXE_NAME=atmosphere_model -DMPAS_OPENMP -DSINGLE_PRECISION -DMPAS_NATIVE_TIMERS -DMPAS_GIT_VERSION=v0.1.0-dirty -DMPAS_BUILD_TARGET=gfortran -DMPAS_SMIOL_SUPPORT" CC="gcc" CFLAGS="-O3 -fopenmp -DSINGLE_PRECISION" )
make[4]: Entering directory `/scratch/cenapadrjsd/eduardo.garcia2/MONAN-scripts/sdumont/MONAN_src/MONAN-Model_v0.1.0_sdumont.gnu/src/tools'
*** Building MPAS tools from source ***
(cd input_gen; make CPPFLAGS="-D_MPI -DCORE_ATMOSPHERE -DMPAS_NAMELIST_SUFFIX=atmosphere -DMPAS_EXE_NAME=atmosphere_model -DMPAS_OPENMP -DSINGLE_PRECISION -DMPAS_NATIVE_TIMERS -DMPAS_GIT_VERSION=v0.1.0-dirty -DMPAS_BUILD_TARGET=gfortran -DMPAS_SMIOL_SUPPORT" CC="gcc" CFLAGS="-O3 -fopenmp -DSINGLE_PRECISION")
make[5]: Entering directory `/scratch/cenapadrjsd/eduardo.garcia2/MONAN-scripts/sdumont/MONAN_src/MONAN-Model_v0.1.0_sdumont.gnu/src/tools/input_gen'
(cd ../../external/ezxml; make CFLAGS="-O3 -fopenmp -DSINGLE_PRECISION " OBJFILE="ezxml_tools.o")
make[6]: Entering directory `/scratch/cenapadrjsd/eduardo.garcia2/MONAN-scripts/sdumont/MONAN_src/MONAN-Model_v0.1.0_sdumont.gnu/src/external/ezxml'
make[6]: `ezxml_tools.o' is up to date.
make[6]: Leaving directory `/scratch/cenapadrjsd/eduardo.garcia2/MONAN-scripts/sdumont/MONAN_src/MONAN-Model_v0.1.0_sdumont.gnu/src/external/ezxml'
(make -j 1 namelist_gen CPPFLAGS="-D_MPI -DCORE_ATMOSPHERE -DMPAS_NAMELIST_SUFFIX=atmosphere -DMPAS_EXE_NAME=atmosphere_model -DMPAS_OPENMP -DSINGLE_PRECISION -DMPAS_NATIVE_TIMERS -DMPAS_GIT_VERSION=v0.1.0-dirty -DMPAS_BUILD_TARGET=gfortran -DMPAS_SMIOL_SUPPORT" CPPINCLUDES="-I/scratch/app_sequana/netcdf/4.8.1_hdf5-threadsafe-HL_openmpi-4.1.6_gnu/include -I/scratch/app_sequana/pnetcdf/1.12.3_hdf5-threadsafe-HL_openmpi-4.1.6_gnu/include")
make[6]: Entering directory `/scratch/cenapadrjsd/eduardo.garcia2/MONAN-scripts/sdumont/MONAN_src/MONAN-Model_v0.1.0_sdumont.gnu/src/tools/input_gen'
make[6]: warning: -jN forced in submake: disabling jobserver mode.
(cd ../../external/ezxml; make CFLAGS="-O3 -fopenmp -DSINGLE_PRECISION " OBJFILE="ezxml_tools.o")
make[7]: Entering directory `/scratch/cenapadrjsd/eduardo.garcia2/MONAN-scripts/sdumont/MONAN_src/MONAN-Model_v0.1.0_sdumont.gnu/src/external/ezxml'
make[7]: `ezxml_tools.o' is up to date.
make[7]: Leaving directory `/scratch/cenapadrjsd/eduardo.garcia2/MONAN-scripts/sdumont/MONAN_src/MONAN-Model_v0.1.0_sdumont.gnu/src/external/ezxml'
gcc  -O3 -fopenmp -DSINGLE_PRECISION -D_MPI -DCORE_ATMOSPHERE -DMPAS_NAMELIST_SUFFIX=atmosphere -DMPAS_EXE_NAME=atmosphere_model -DMPAS_OPENMP -DSINGLE_PRECISION -DMPAS_NATIVE_TIMERS -DMPAS_GIT_VERSION=v0.1.0-dirty -DMPAS_BUILD_TARGET=gfortran -DMPAS_SMIOL_SUPPORT -I../../external/ezxml -c namelist_gen.c
gcc  -O3 -fopenmp -DSINGLE_PRECISION -D_MPI -DCORE_ATMOSPHERE -DMPAS_NAMELIST_SUFFIX=atmosphere -DMPAS_EXE_NAME=atmosphere_model -DMPAS_OPENMP -DSINGLE_PRECISION -DMPAS_NATIVE_TIMERS -DMPAS_GIT_VERSION=v0.1.0-dirty -DMPAS_BUILD_TARGET=gfortran -DMPAS_SMIOL_SUPPORT -I../../external/ezxml -c test_functions.c
gcc -D_MPI -DCORE_ATMOSPHERE -DMPAS_NAMELIST_SUFFIX=atmosphere -DMPAS_EXE_NAME=atmosphere_model -DMPAS_OPENMP -DSINGLE_PRECISION -DMPAS_NATIVE_TIMERS -DMPAS_GIT_VERSION=v0.1.0-dirty -DMPAS_BUILD_TARGET=gfortran -DMPAS_SMIOL_SUPPORT -O3 -fopenmp -DSINGLE_PRECISION -I../../external/ezxml -o namelist_gen namelist_gen.o test_functions.o ../../external/ezxml/ezxml_tools.o
make[6]: Leaving directory `/scratch/cenapadrjsd/eduardo.garcia2/MONAN-scripts/sdumont/MONAN_src/MONAN-Model_v0.1.0_sdumont.gnu/src/tools/input_gen'
(make -j 1 streams_gen CPPFLAGS="-D_MPI -DCORE_ATMOSPHERE -DMPAS_NAMELIST_SUFFIX=atmosphere -DMPAS_EXE_NAME=atmosphere_model -DMPAS_OPENMP -DSINGLE_PRECISION -DMPAS_NATIVE_TIMERS -DMPAS_GIT_VERSION=v0.1.0-dirty -DMPAS_BUILD_TARGET=gfortran -DMPAS_SMIOL_SUPPORT" CPPINCLUDES="-I/scratch/app_sequana/netcdf/4.8.1_hdf5-threadsafe-HL_openmpi-4.1.6_gnu/include -I/scratch/app_sequana/pnetcdf/1.12.3_hdf5-threadsafe-HL_openmpi-4.1.6_gnu/include")
make[6]: Entering directory `/scratch/cenapadrjsd/eduardo.garcia2/MONAN-scripts/sdumont/MONAN_src/MONAN-Model_v0.1.0_sdumont.gnu/src/tools/input_gen'
make[6]: warning: -jN forced in submake: disabling jobserver mode.
(cd ../../external/ezxml; make CFLAGS="-O3 -fopenmp -DSINGLE_PRECISION " OBJFILE="ezxml_tools.o")
make[7]: Entering directory `/scratch/cenapadrjsd/eduardo.garcia2/MONAN-scripts/sdumont/MONAN_src/MONAN-Model_v0.1.0_sdumont.gnu/src/external/ezxml'
make[7]: `ezxml_tools.o' is up to date.
make[7]: Leaving directory `/scratch/cenapadrjsd/eduardo.garcia2/MONAN-scripts/sdumont/MONAN_src/MONAN-Model_v0.1.0_sdumont.gnu/src/external/ezxml'
gcc  -O3 -fopenmp -DSINGLE_PRECISION -D_MPI -DCORE_ATMOSPHERE -DMPAS_NAMELIST_SUFFIX=atmosphere -DMPAS_EXE_NAME=atmosphere_model -DMPAS_OPENMP -DSINGLE_PRECISION -DMPAS_NATIVE_TIMERS -DMPAS_GIT_VERSION=v0.1.0-dirty -DMPAS_BUILD_TARGET=gfortran -DMPAS_SMIOL_SUPPORT -I../../external/ezxml -c streams_gen.c
gcc -D_MPI -DCORE_ATMOSPHERE -DMPAS_NAMELIST_SUFFIX=atmosphere -DMPAS_EXE_NAME=atmosphere_model -DMPAS_OPENMP -DSINGLE_PRECISION -DMPAS_NATIVE_TIMERS -DMPAS_GIT_VERSION=v0.1.0-dirty -DMPAS_BUILD_TARGET=gfortran -DMPAS_SMIOL_SUPPORT -O3 -fopenmp -DSINGLE_PRECISION -I../../external/ezxml -o streams_gen streams_gen.o test_functions.o ../../external/ezxml/ezxml_tools.o
make[6]: Leaving directory `/scratch/cenapadrjsd/eduardo.garcia2/MONAN-scripts/sdumont/MONAN_src/MONAN-Model_v0.1.0_sdumont.gnu/src/tools/input_gen'
make[5]: Leaving directory `/scratch/cenapadrjsd/eduardo.garcia2/MONAN-scripts/sdumont/MONAN_src/MONAN-Model_v0.1.0_sdumont.gnu/src/tools/input_gen'
make[4]: Leaving directory `/scratch/cenapadrjsd/eduardo.garcia2/MONAN-scripts/sdumont/MONAN_src/MONAN-Model_v0.1.0_sdumont.gnu/src/tools'
make[3]: Leaving directory `/scratch/cenapadrjsd/eduardo.garcia2/MONAN-scripts/sdumont/MONAN_src/MONAN-Model_v0.1.0_sdumont.gnu/src/tools'
rm -f mpas_pool_routines.o mpas_pool_routines.mod
mpif90 -D_MPI -DCORE_ATMOSPHERE -DMPAS_NAMELIST_SUFFIX=atmosphere -DMPAS_EXE_NAME=atmosphere_model -DMPAS_OPENMP -DSINGLE_PRECISION -DMPAS_NATIVE_TIMERS -DMPAS_GIT_VERSION=v0.1.0-dirty -DMPAS_BUILD_TARGET=gfortran -DMPAS_SMIOL_SUPPORT -O3 -ffree-line-length-none -fconvert=big-endian -ffree-form -fopenmp -c mpas_pool_routines.F -I/scratch/app_sequana/netcdf/4.8.1_hdf5-threadsafe-HL_openmpi-4.1.6_gnu/include -I/scratch/app_sequana/pnetcdf/1.12.3_hdf5-threadsafe-HL_openmpi-4.1.6_gnu/include -I/scratch/cenapadrjsd/eduardo.garcia2/MONAN-scripts/sdumont/MONAN_src/MONAN-Model_v0.1.0_sdumont.gnu/src/external/SMIOL -I/scratch/app_sequana/netcdf/4.8.1_hdf5-threadsafe-HL_openmpi-4.1.6_gnu/include -I/scratch/app_sequana/pnetcdf/1.12.3_hdf5-threadsafe-HL_openmpi-4.1.6_gnu/include -I../external/esmf_time_f90
rm -f mpas_dmpar.o mpas_dmpar.mod
rm -f mpas_halo.o mpas_halo.mod
mpif90 -D_MPI -DCORE_ATMOSPHERE -DMPAS_NAMELIST_SUFFIX=atmosphere -DMPAS_EXE_NAME=atmosphere_model -DMPAS_OPENMP -DSINGLE_PRECISION -DMPAS_NATIVE_TIMERS -DMPAS_GIT_VERSION=v0.1.0-dirty -DMPAS_BUILD_TARGET=gfortran -DMPAS_SMIOL_SUPPORT -O3 -ffree-line-length-none -fconvert=big-endian -ffree-form -fopenmp -c mpas_dmpar.F -I/scratch/app_sequana/netcdf/4.8.1_hdf5-threadsafe-HL_openmpi-4.1.6_gnu/include -I/scratch/app_sequana/pnetcdf/1.12.3_hdf5-threadsafe-HL_openmpi-4.1.6_gnu/include -I/scratch/cenapadrjsd/eduardo.garcia2/MONAN-scripts/sdumont/MONAN_src/MONAN-Model_v0.1.0_sdumont.gnu/src/external/SMIOL -I/scratch/app_sequana/netcdf/4.8.1_hdf5-threadsafe-HL_openmpi-4.1.6_gnu/include -I/scratch/app_sequana/pnetcdf/1.12.3_hdf5-threadsafe-HL_openmpi-4.1.6_gnu/include -I../external/esmf_time_f90
mpif90 -D_MPI -DCORE_ATMOSPHERE -DMPAS_NAMELIST_SUFFIX=atmosphere -DMPAS_EXE_NAME=atmosphere_model -DMPAS_OPENMP -DSINGLE_PRECISION -DMPAS_NATIVE_TIMERS -DMPAS_GIT_VERSION=v0.1.0-dirty -DMPAS_BUILD_TARGET=gfortran -DMPAS_SMIOL_SUPPORT -O3 -ffree-line-length-none -fconvert=big-endian -ffree-form -fopenmp -c mpas_halo.F -I/scratch/app_sequana/netcdf/4.8.1_hdf5-threadsafe-HL_openmpi-4.1.6_gnu/include -I/scratch/app_sequana/pnetcdf/1.12.3_hdf5-threadsafe-HL_openmpi-4.1.6_gnu/include -I/scratch/cenapadrjsd/eduardo.garcia2/MONAN-scripts/sdumont/MONAN_src/MONAN-Model_v0.1.0_sdumont.gnu/src/external/SMIOL -I/scratch/app_sequana/netcdf/4.8.1_hdf5-threadsafe-HL_openmpi-4.1.6_gnu/include -I/scratch/app_sequana/pnetcdf/1.12.3_hdf5-threadsafe-HL_openmpi-4.1.6_gnu/include -I../external/esmf_time_f90
rm -f mpas_io.o mpas_io.mod
rm -f mpas_domain_routines.o mpas_domain_routines.mod
rm -f mpas_timer.o mpas_timer.mod
rm -f mpas_block_decomp.o mpas_block_decomp.mod
rm -f mpas_timekeeping.o mpas_timekeeping.mod
mpif90 -D_MPI -DCORE_ATMOSPHERE -DMPAS_NAMELIST_SUFFIX=atmosphere -DMPAS_EXE_NAME=atmosphere_model -DMPAS_OPENMP -DSINGLE_PRECISION -DMPAS_NATIVE_TIMERS -DMPAS_GIT_VERSION=v0.1.0-dirty -DMPAS_BUILD_TARGET=gfortran -DMPAS_SMIOL_SUPPORT -O3 -ffree-line-length-none -fconvert=big-endian -ffree-form -fopenmp -c mpas_io.F -I/scratch/app_sequana/netcdf/4.8.1_hdf5-threadsafe-HL_openmpi-4.1.6_gnu/include -I/scratch/app_sequana/pnetcdf/1.12.3_hdf5-threadsafe-HL_openmpi-4.1.6_gnu/include -I/scratch/cenapadrjsd/eduardo.garcia2/MONAN-scripts/sdumont/MONAN_src/MONAN-Model_v0.1.0_sdumont.gnu/src/external/SMIOL -I/scratch/app_sequana/netcdf/4.8.1_hdf5-threadsafe-HL_openmpi-4.1.6_gnu/include -I/scratch/app_sequana/pnetcdf/1.12.3_hdf5-threadsafe-HL_openmpi-4.1.6_gnu/include -I../external/esmf_time_f90
mpif90 -D_MPI -DCORE_ATMOSPHERE -DMPAS_NAMELIST_SUFFIX=atmosphere -DMPAS_EXE_NAME=atmosphere_model -DMPAS_OPENMP -DSINGLE_PRECISION -DMPAS_NATIVE_TIMERS -DMPAS_GIT_VERSION=v0.1.0-dirty -DMPAS_BUILD_TARGET=gfortran -DMPAS_SMIOL_SUPPORT -O3 -ffree-line-length-none -fconvert=big-endian -ffree-form -fopenmp -c mpas_domain_routines.F -I/scratch/app_sequana/netcdf/4.8.1_hdf5-threadsafe-HL_openmpi-4.1.6_gnu/include -I/scratch/app_sequana/pnetcdf/1.12.3_hdf5-threadsafe-HL_openmpi-4.1.6_gnu/include -I/scratch/cenapadrjsd/eduardo.garcia2/MONAN-scripts/sdumont/MONAN_src/MONAN-Model_v0.1.0_sdumont.gnu/src/external/SMIOL -I/scratch/app_sequana/netcdf/4.8.1_hdf5-threadsafe-HL_openmpi-4.1.6_gnu/include -I/scratch/app_sequana/pnetcdf/1.12.3_hdf5-threadsafe-HL_openmpi-4.1.6_gnu/include -I../external/esmf_time_f90
mpif90 -D_MPI -DCORE_ATMOSPHERE -DMPAS_NAMELIST_SUFFIX=atmosphere -DMPAS_EXE_NAME=atmosphere_model -DMPAS_OPENMP -DSINGLE_PRECISION -DMPAS_NATIVE_TIMERS -DMPAS_GIT_VERSION=v0.1.0-dirty -DMPAS_BUILD_TARGET=gfortran -DMPAS_SMIOL_SUPPORT -O3 -ffree-line-length-none -fconvert=big-endian -ffree-form -fopenmp -c mpas_timer.F -I/scratch/app_sequana/netcdf/4.8.1_hdf5-threadsafe-HL_openmpi-4.1.6_gnu/include -I/scratch/app_sequana/pnetcdf/1.12.3_hdf5-threadsafe-HL_openmpi-4.1.6_gnu/include -I/scratch/cenapadrjsd/eduardo.garcia2/MONAN-scripts/sdumont/MONAN_src/MONAN-Model_v0.1.0_sdumont.gnu/src/external/SMIOL -I/scratch/app_sequana/netcdf/4.8.1_hdf5-threadsafe-HL_openmpi-4.1.6_gnu/include -I/scratch/app_sequana/pnetcdf/1.12.3_hdf5-threadsafe-HL_openmpi-4.1.6_gnu/include -I../external/esmf_time_f90
mpif90 -D_MPI -DCORE_ATMOSPHERE -DMPAS_NAMELIST_SUFFIX=atmosphere -DMPAS_EXE_NAME=atmosphere_model -DMPAS_OPENMP -DSINGLE_PRECISION -DMPAS_NATIVE_TIMERS -DMPAS_GIT_VERSION=v0.1.0-dirty -DMPAS_BUILD_TARGET=gfortran -DMPAS_SMIOL_SUPPORT -O3 -ffree-line-length-none -fconvert=big-endian -ffree-form -fopenmp -c mpas_block_decomp.F -I/scratch/app_sequana/netcdf/4.8.1_hdf5-threadsafe-HL_openmpi-4.1.6_gnu/include -I/scratch/app_sequana/pnetcdf/1.12.3_hdf5-threadsafe-HL_openmpi-4.1.6_gnu/include -I/scratch/cenapadrjsd/eduardo.garcia2/MONAN-scripts/sdumont/MONAN_src/MONAN-Model_v0.1.0_sdumont.gnu/src/external/SMIOL -I/scratch/app_sequana/netcdf/4.8.1_hdf5-threadsafe-HL_openmpi-4.1.6_gnu/include -I/scratch/app_sequana/pnetcdf/1.12.3_hdf5-threadsafe-HL_openmpi-4.1.6_gnu/include -I../external/esmf_time_f90
mpif90 -D_MPI -DCORE_ATMOSPHERE -DMPAS_NAMELIST_SUFFIX=atmosphere -DMPAS_EXE_NAME=atmosphere_model -DMPAS_OPENMP -DSINGLE_PRECISION -DMPAS_NATIVE_TIMERS -DMPAS_GIT_VERSION=v0.1.0-dirty -DMPAS_BUILD_TARGET=gfortran -DMPAS_SMIOL_SUPPORT -O3 -ffree-line-length-none -fconvert=big-endian -ffree-form -fopenmp -c mpas_timekeeping.F -I/scratch/app_sequana/netcdf/4.8.1_hdf5-threadsafe-HL_openmpi-4.1.6_gnu/include -I/scratch/app_sequana/pnetcdf/1.12.3_hdf5-threadsafe-HL_openmpi-4.1.6_gnu/include -I/scratch/cenapadrjsd/eduardo.garcia2/MONAN-scripts/sdumont/MONAN_src/MONAN-Model_v0.1.0_sdumont.gnu/src/external/SMIOL -I/scratch/app_sequana/netcdf/4.8.1_hdf5-threadsafe-HL_openmpi-4.1.6_gnu/include -I/scratch/app_sequana/pnetcdf/1.12.3_hdf5-threadsafe-HL_openmpi-4.1.6_gnu/include -I../external/esmf_time_f90
rm -f mpas_io_streams.o mpas_io_streams.mod
mpif90 -D_MPI -DCORE_ATMOSPHERE -DMPAS_NAMELIST_SUFFIX=atmosphere -DMPAS_EXE_NAME=atmosphere_model -DMPAS_OPENMP -DSINGLE_PRECISION -DMPAS_NATIVE_TIMERS -DMPAS_GIT_VERSION=v0.1.0-dirty -DMPAS_BUILD_TARGET=gfortran -DMPAS_SMIOL_SUPPORT -O3 -ffree-line-length-none -fconvert=big-endian -ffree-form -fopenmp -c mpas_io_streams.F -I/scratch/app_sequana/netcdf/4.8.1_hdf5-threadsafe-HL_openmpi-4.1.6_gnu/include -I/scratch/app_sequana/pnetcdf/1.12.3_hdf5-threadsafe-HL_openmpi-4.1.6_gnu/include -I/scratch/cenapadrjsd/eduardo.garcia2/MONAN-scripts/sdumont/MONAN_src/MONAN-Model_v0.1.0_sdumont.gnu/src/external/SMIOL -I/scratch/app_sequana/netcdf/4.8.1_hdf5-threadsafe-HL_openmpi-4.1.6_gnu/include -I/scratch/app_sequana/pnetcdf/1.12.3_hdf5-threadsafe-HL_openmpi-4.1.6_gnu/include -I../external/esmf_time_f90
rm -f mpas_stream_list.o mpas_stream_list.mod
mpif90 -D_MPI -DCORE_ATMOSPHERE -DMPAS_NAMELIST_SUFFIX=atmosphere -DMPAS_EXE_NAME=atmosphere_model -DMPAS_OPENMP -DSINGLE_PRECISION -DMPAS_NATIVE_TIMERS -DMPAS_GIT_VERSION=v0.1.0-dirty -DMPAS_BUILD_TARGET=gfortran -DMPAS_SMIOL_SUPPORT -O3 -ffree-line-length-none -fconvert=big-endian -ffree-form -fopenmp -c mpas_stream_list.F -I/scratch/app_sequana/netcdf/4.8.1_hdf5-threadsafe-HL_openmpi-4.1.6_gnu/include -I/scratch/app_sequana/pnetcdf/1.12.3_hdf5-threadsafe-HL_openmpi-4.1.6_gnu/include -I/scratch/cenapadrjsd/eduardo.garcia2/MONAN-scripts/sdumont/MONAN_src/MONAN-Model_v0.1.0_sdumont.gnu/src/external/SMIOL -I/scratch/app_sequana/netcdf/4.8.1_hdf5-threadsafe-HL_openmpi-4.1.6_gnu/include -I/scratch/app_sequana/pnetcdf/1.12.3_hdf5-threadsafe-HL_openmpi-4.1.6_gnu/include -I../external/esmf_time_f90
rm -f mpas_stream_manager.o mpas_stream_manager.mod
mpif90 -D_MPI -DCORE_ATMOSPHERE -DMPAS_NAMELIST_SUFFIX=atmosphere -DMPAS_EXE_NAME=atmosphere_model -DMPAS_OPENMP -DSINGLE_PRECISION -DMPAS_NATIVE_TIMERS -DMPAS_GIT_VERSION=v0.1.0-dirty -DMPAS_BUILD_TARGET=gfortran -DMPAS_SMIOL_SUPPORT -O3 -ffree-line-length-none -fconvert=big-endian -ffree-form -fopenmp -c mpas_stream_manager.F -I/scratch/app_sequana/netcdf/4.8.1_hdf5-threadsafe-HL_openmpi-4.1.6_gnu/include -I/scratch/app_sequana/pnetcdf/1.12.3_hdf5-threadsafe-HL_openmpi-4.1.6_gnu/include -I/scratch/cenapadrjsd/eduardo.garcia2/MONAN-scripts/sdumont/MONAN_src/MONAN-Model_v0.1.0_sdumont.gnu/src/external/SMIOL -I/scratch/app_sequana/netcdf/4.8.1_hdf5-threadsafe-HL_openmpi-4.1.6_gnu/include -I/scratch/app_sequana/pnetcdf/1.12.3_hdf5-threadsafe-HL_openmpi-4.1.6_gnu/include -I../external/esmf_time_f90
rm -f mpas_framework.o mpas_framework.mod
rm -f mpas_decomp.o mpas_decomp.mod
rm -f mpas_forcing.o mpas_forcing.mod
mpif90 -D_MPI -DCORE_ATMOSPHERE -DMPAS_NAMELIST_SUFFIX=atmosphere -DMPAS_EXE_NAME=atmosphere_model -DMPAS_OPENMP -DSINGLE_PRECISION -DMPAS_NATIVE_TIMERS -DMPAS_GIT_VERSION=v0.1.0-dirty -DMPAS_BUILD_TARGET=gfortran -DMPAS_SMIOL_SUPPORT -O3 -ffree-line-length-none -fconvert=big-endian -ffree-form -fopenmp -c mpas_framework.F -I/scratch/app_sequana/netcdf/4.8.1_hdf5-threadsafe-HL_openmpi-4.1.6_gnu/include -I/scratch/app_sequana/pnetcdf/1.12.3_hdf5-threadsafe-HL_openmpi-4.1.6_gnu/include -I/scratch/cenapadrjsd/eduardo.garcia2/MONAN-scripts/sdumont/MONAN_src/MONAN-Model_v0.1.0_sdumont.gnu/src/external/SMIOL -I/scratch/app_sequana/netcdf/4.8.1_hdf5-threadsafe-HL_openmpi-4.1.6_gnu/include -I/scratch/app_sequana/pnetcdf/1.12.3_hdf5-threadsafe-HL_openmpi-4.1.6_gnu/include -I../external/esmf_time_f90
mpif90 -D_MPI -DCORE_ATMOSPHERE -DMPAS_NAMELIST_SUFFIX=atmosphere -DMPAS_EXE_NAME=atmosphere_model -DMPAS_OPENMP -DSINGLE_PRECISION -DMPAS_NATIVE_TIMERS -DMPAS_GIT_VERSION=v0.1.0-dirty -DMPAS_BUILD_TARGET=gfortran -DMPAS_SMIOL_SUPPORT -O3 -ffree-line-length-none -fconvert=big-endian -ffree-form -fopenmp -c mpas_decomp.F -I/scratch/app_sequana/netcdf/4.8.1_hdf5-threadsafe-HL_openmpi-4.1.6_gnu/include -I/scratch/app_sequana/pnetcdf/1.12.3_hdf5-threadsafe-HL_openmpi-4.1.6_gnu/include -I/scratch/cenapadrjsd/eduardo.garcia2/MONAN-scripts/sdumont/MONAN_src/MONAN-Model_v0.1.0_sdumont.gnu/src/external/SMIOL -I/scratch/app_sequana/netcdf/4.8.1_hdf5-threadsafe-HL_openmpi-4.1.6_gnu/include -I/scratch/app_sequana/pnetcdf/1.12.3_hdf5-threadsafe-HL_openmpi-4.1.6_gnu/include -I../external/esmf_time_f90
mpif90 -D_MPI -DCORE_ATMOSPHERE -DMPAS_NAMELIST_SUFFIX=atmosphere -DMPAS_EXE_NAME=atmosphere_model -DMPAS_OPENMP -DSINGLE_PRECISION -DMPAS_NATIVE_TIMERS -DMPAS_GIT_VERSION=v0.1.0-dirty -DMPAS_BUILD_TARGET=gfortran -DMPAS_SMIOL_SUPPORT -O3 -ffree-line-length-none -fconvert=big-endian -ffree-form -fopenmp -c mpas_forcing.F -I/scratch/app_sequana/netcdf/4.8.1_hdf5-threadsafe-HL_openmpi-4.1.6_gnu/include -I/scratch/app_sequana/pnetcdf/1.12.3_hdf5-threadsafe-HL_openmpi-4.1.6_gnu/include -I/scratch/cenapadrjsd/eduardo.garcia2/MONAN-scripts/sdumont/MONAN_src/MONAN-Model_v0.1.0_sdumont.gnu/src/external/SMIOL -I/scratch/app_sequana/netcdf/4.8.1_hdf5-threadsafe-HL_openmpi-4.1.6_gnu/include -I/scratch/app_sequana/pnetcdf/1.12.3_hdf5-threadsafe-HL_openmpi-4.1.6_gnu/include -I../external/esmf_time_f90
rm -f mpas_block_creator.o mpas_block_creator.mod
mpif90 -D_MPI -DCORE_ATMOSPHERE -DMPAS_NAMELIST_SUFFIX=atmosphere -DMPAS_EXE_NAME=atmosphere_model -DMPAS_OPENMP -DSINGLE_PRECISION -DMPAS_NATIVE_TIMERS -DMPAS_GIT_VERSION=v0.1.0-dirty -DMPAS_BUILD_TARGET=gfortran -DMPAS_SMIOL_SUPPORT -O3 -ffree-line-length-none -fconvert=big-endian -ffree-form -fopenmp -c mpas_block_creator.F -I/scratch/app_sequana/netcdf/4.8.1_hdf5-threadsafe-HL_openmpi-4.1.6_gnu/include -I/scratch/app_sequana/pnetcdf/1.12.3_hdf5-threadsafe-HL_openmpi-4.1.6_gnu/include -I/scratch/cenapadrjsd/eduardo.garcia2/MONAN-scripts/sdumont/MONAN_src/MONAN-Model_v0.1.0_sdumont.gnu/src/external/SMIOL -I/scratch/app_sequana/netcdf/4.8.1_hdf5-threadsafe-HL_openmpi-4.1.6_gnu/include -I/scratch/app_sequana/pnetcdf/1.12.3_hdf5-threadsafe-HL_openmpi-4.1.6_gnu/include -I../external/esmf_time_f90
rm -f mpas_bootstrapping.o mpas_bootstrapping.mod
mpif90 -D_MPI -DCORE_ATMOSPHERE -DMPAS_NAMELIST_SUFFIX=atmosphere -DMPAS_EXE_NAME=atmosphere_model -DMPAS_OPENMP -DSINGLE_PRECISION -DMPAS_NATIVE_TIMERS -DMPAS_GIT_VERSION=v0.1.0-dirty -DMPAS_BUILD_TARGET=gfortran -DMPAS_SMIOL_SUPPORT -O3 -ffree-line-length-none -fconvert=big-endian -ffree-form -fopenmp -c mpas_bootstrapping.F -I/scratch/app_sequana/netcdf/4.8.1_hdf5-threadsafe-HL_openmpi-4.1.6_gnu/include -I/scratch/app_sequana/pnetcdf/1.12.3_hdf5-threadsafe-HL_openmpi-4.1.6_gnu/include -I/scratch/cenapadrjsd/eduardo.garcia2/MONAN-scripts/sdumont/MONAN_src/MONAN-Model_v0.1.0_sdumont.gnu/src/external/SMIOL -I/scratch/app_sequana/netcdf/4.8.1_hdf5-threadsafe-HL_openmpi-4.1.6_gnu/include -I/scratch/app_sequana/pnetcdf/1.12.3_hdf5-threadsafe-HL_openmpi-4.1.6_gnu/include -I../external/esmf_time_f90
ar -ru libframework.a mpas_kind_types.o mpas_framework.o mpas_timer.o mpas_timekeeping.o mpas_constants.o mpas_attlist.o mpas_hash.o mpas_sort.o mpas_block_decomp.o mpas_block_creator.o mpas_dmpar.o mpas_abort.o mpas_decomp.o mpas_threading.o mpas_io.o mpas_io_streams.o mpas_bootstrapping.o mpas_io_units.o mpas_stream_manager.o mpas_stream_list.o mpas_forcing.o mpas_c_interfacing.o random_id.o pool_hash.o mpas_derived_types.o mpas_domain_routines.o mpas_field_routines.o mpas_pool_routines.o xml_stream_parser.o regex_matching.o mpas_log.o mpas_halo.o ../external/ezxml/ezxml.o
ar: creating libframework.a
make[3]: Leaving directory `/scratch/cenapadrjsd/eduardo.garcia2/MONAN-scripts/sdumont/MONAN_src/MONAN-Model_v0.1.0_sdumont.gnu/src/framework'
ln -sf framework/libframework.a libframework.a
( cd operators; make CPPFLAGS="-D_MPI -DCORE_ATMOSPHERE -DMPAS_NAMELIST_SUFFIX=atmosphere -DMPAS_EXE_NAME=atmosphere_model -DMPAS_OPENMP -DSINGLE_PRECISION -DMPAS_NATIVE_TIMERS -DMPAS_GIT_VERSION=v0.1.0-dirty -DMPAS_BUILD_TARGET=gfortran -DMPAS_SMIOL_SUPPORT" CPPINCLUDES="-I/scratch/app_sequana/netcdf/4.8.1_hdf5-threadsafe-HL_openmpi-4.1.6_gnu/include -I/scratch/app_sequana/pnetcdf/1.12.3_hdf5-threadsafe-HL_openmpi-4.1.6_gnu/include" all ) 
make[3]: Entering directory `/scratch/cenapadrjsd/eduardo.garcia2/MONAN-scripts/sdumont/MONAN_src/MONAN-Model_v0.1.0_sdumont.gnu/src/operators'
rm -f mpas_vector_operations.o mpas_vector_operations.mod
rm -f mpas_matrix_operations.o mpas_matrix_operations.mod
rm -f mpas_spline_interpolation.o mpas_spline_interpolation.mod
mpif90 -D_MPI -DCORE_ATMOSPHERE -DMPAS_NAMELIST_SUFFIX=atmosphere -DMPAS_EXE_NAME=atmosphere_model -DMPAS_OPENMP -DSINGLE_PRECISION -DMPAS_NATIVE_TIMERS -DMPAS_GIT_VERSION=v0.1.0-dirty -DMPAS_BUILD_TARGET=gfortran -DMPAS_SMIOL_SUPPORT -O3 -ffree-line-length-none -fconvert=big-endian -ffree-form -fopenmp -c mpas_vector_operations.F -I/scratch/app_sequana/netcdf/4.8.1_hdf5-threadsafe-HL_openmpi-4.1.6_gnu/include -I/scratch/app_sequana/pnetcdf/1.12.3_hdf5-threadsafe-HL_openmpi-4.1.6_gnu/include -I/scratch/cenapadrjsd/eduardo.garcia2/MONAN-scripts/sdumont/MONAN_src/MONAN-Model_v0.1.0_sdumont.gnu/src/external/SMIOL -I/scratch/app_sequana/netcdf/4.8.1_hdf5-threadsafe-HL_openmpi-4.1.6_gnu/include -I/scratch/app_sequana/pnetcdf/1.12.3_hdf5-threadsafe-HL_openmpi-4.1.6_gnu/include -I../framework -I../external/esmf_time_f90
mpif90 -D_MPI -DCORE_ATMOSPHERE -DMPAS_NAMELIST_SUFFIX=atmosphere -DMPAS_EXE_NAME=atmosphere_model -DMPAS_OPENMP -DSINGLE_PRECISION -DMPAS_NATIVE_TIMERS -DMPAS_GIT_VERSION=v0.1.0-dirty -DMPAS_BUILD_TARGET=gfortran -DMPAS_SMIOL_SUPPORT -O3 -ffree-line-length-none -fconvert=big-endian -ffree-form -fopenmp -c mpas_matrix_operations.F -I/scratch/app_sequana/netcdf/4.8.1_hdf5-threadsafe-HL_openmpi-4.1.6_gnu/include -I/scratch/app_sequana/pnetcdf/1.12.3_hdf5-threadsafe-HL_openmpi-4.1.6_gnu/include -I/scratch/cenapadrjsd/eduardo.garcia2/MONAN-scripts/sdumont/MONAN_src/MONAN-Model_v0.1.0_sdumont.gnu/src/external/SMIOL -I/scratch/app_sequana/netcdf/4.8.1_hdf5-threadsafe-HL_openmpi-4.1.6_gnu/include -I/scratch/app_sequana/pnetcdf/1.12.3_hdf5-threadsafe-HL_openmpi-4.1.6_gnu/include -I../framework -I../external/esmf_time_f90
mpif90 -D_MPI -DCORE_ATMOSPHERE -DMPAS_NAMELIST_SUFFIX=atmosphere -DMPAS_EXE_NAME=atmosphere_model -DMPAS_OPENMP -DSINGLE_PRECISION -DMPAS_NATIVE_TIMERS -DMPAS_GIT_VERSION=v0.1.0-dirty -DMPAS_BUILD_TARGET=gfortran -DMPAS_SMIOL_SUPPORT -O3 -ffree-line-length-none -fconvert=big-endian -ffree-form -fopenmp -c mpas_spline_interpolation.F -I/scratch/app_sequana/netcdf/4.8.1_hdf5-threadsafe-HL_openmpi-4.1.6_gnu/include -I/scratch/app_sequana/pnetcdf/1.12.3_hdf5-threadsafe-HL_openmpi-4.1.6_gnu/include -I/scratch/cenapadrjsd/eduardo.garcia2/MONAN-scripts/sdumont/MONAN_src/MONAN-Model_v0.1.0_sdumont.gnu/src/external/SMIOL -I/scratch/app_sequana/netcdf/4.8.1_hdf5-threadsafe-HL_openmpi-4.1.6_gnu/include -I/scratch/app_sequana/pnetcdf/1.12.3_hdf5-threadsafe-HL_openmpi-4.1.6_gnu/include -I../framework -I../external/esmf_time_f90
rm -f mpas_tensor_operations.o mpas_tensor_operations.mod
rm -f mpas_rbf_interpolation.o mpas_rbf_interpolation.mod
rm -f mpas_geometry_utils.o mpas_geometry_utils.mod
mpif90 -D_MPI -DCORE_ATMOSPHERE -DMPAS_NAMELIST_SUFFIX=atmosphere -DMPAS_EXE_NAME=atmosphere_model -DMPAS_OPENMP -DSINGLE_PRECISION -DMPAS_NATIVE_TIMERS -DMPAS_GIT_VERSION=v0.1.0-dirty -DMPAS_BUILD_TARGET=gfortran -DMPAS_SMIOL_SUPPORT -O3 -ffree-line-length-none -fconvert=big-endian -ffree-form -fopenmp -c mpas_tensor_operations.F -I/scratch/app_sequana/netcdf/4.8.1_hdf5-threadsafe-HL_openmpi-4.1.6_gnu/include -I/scratch/app_sequana/pnetcdf/1.12.3_hdf5-threadsafe-HL_openmpi-4.1.6_gnu/include -I/scratch/cenapadrjsd/eduardo.garcia2/MONAN-scripts/sdumont/MONAN_src/MONAN-Model_v0.1.0_sdumont.gnu/src/external/SMIOL -I/scratch/app_sequana/netcdf/4.8.1_hdf5-threadsafe-HL_openmpi-4.1.6_gnu/include -I/scratch/app_sequana/pnetcdf/1.12.3_hdf5-threadsafe-HL_openmpi-4.1.6_gnu/include -I../framework -I../external/esmf_time_f90
mpif90 -D_MPI -DCORE_ATMOSPHERE -DMPAS_NAMELIST_SUFFIX=atmosphere -DMPAS_EXE_NAME=atmosphere_model -DMPAS_OPENMP -DSINGLE_PRECISION -DMPAS_NATIVE_TIMERS -DMPAS_GIT_VERSION=v0.1.0-dirty -DMPAS_BUILD_TARGET=gfortran -DMPAS_SMIOL_SUPPORT -O3 -ffree-line-length-none -fconvert=big-endian -ffree-form -fopenmp -c mpas_rbf_interpolation.F -I/scratch/app_sequana/netcdf/4.8.1_hdf5-threadsafe-HL_openmpi-4.1.6_gnu/include -I/scratch/app_sequana/pnetcdf/1.12.3_hdf5-threadsafe-HL_openmpi-4.1.6_gnu/include -I/scratch/cenapadrjsd/eduardo.garcia2/MONAN-scripts/sdumont/MONAN_src/MONAN-Model_v0.1.0_sdumont.gnu/src/external/SMIOL -I/scratch/app_sequana/netcdf/4.8.1_hdf5-threadsafe-HL_openmpi-4.1.6_gnu/include -I/scratch/app_sequana/pnetcdf/1.12.3_hdf5-threadsafe-HL_openmpi-4.1.6_gnu/include -I../framework -I../external/esmf_time_f90
mpif90 -D_MPI -DCORE_ATMOSPHERE -DMPAS_NAMELIST_SUFFIX=atmosphere -DMPAS_EXE_NAME=atmosphere_model -DMPAS_OPENMP -DSINGLE_PRECISION -DMPAS_NATIVE_TIMERS -DMPAS_GIT_VERSION=v0.1.0-dirty -DMPAS_BUILD_TARGET=gfortran -DMPAS_SMIOL_SUPPORT -O3 -ffree-line-length-none -fconvert=big-endian -ffree-form -fopenmp -c mpas_geometry_utils.F -I/scratch/app_sequana/netcdf/4.8.1_hdf5-threadsafe-HL_openmpi-4.1.6_gnu/include -I/scratch/app_sequana/pnetcdf/1.12.3_hdf5-threadsafe-HL_openmpi-4.1.6_gnu/include -I/scratch/cenapadrjsd/eduardo.garcia2/MONAN-scripts/sdumont/MONAN_src/MONAN-Model_v0.1.0_sdumont.gnu/src/external/SMIOL -I/scratch/app_sequana/netcdf/4.8.1_hdf5-threadsafe-HL_openmpi-4.1.6_gnu/include -I/scratch/app_sequana/pnetcdf/1.12.3_hdf5-threadsafe-HL_openmpi-4.1.6_gnu/include -I../framework -I../external/esmf_time_f90
rm -f mpas_tracer_advection_helpers.o mpas_tracer_advection_helpers.mod
mpif90 -D_MPI -DCORE_ATMOSPHERE -DMPAS_NAMELIST_SUFFIX=atmosphere -DMPAS_EXE_NAME=atmosphere_model -DMPAS_OPENMP -DSINGLE_PRECISION -DMPAS_NATIVE_TIMERS -DMPAS_GIT_VERSION=v0.1.0-dirty -DMPAS_BUILD_TARGET=gfortran -DMPAS_SMIOL_SUPPORT -O3 -ffree-line-length-none -fconvert=big-endian -ffree-form -fopenmp -c mpas_tracer_advection_helpers.F -I/scratch/app_sequana/netcdf/4.8.1_hdf5-threadsafe-HL_openmpi-4.1.6_gnu/include -I/scratch/app_sequana/pnetcdf/1.12.3_hdf5-threadsafe-HL_openmpi-4.1.6_gnu/include -I/scratch/cenapadrjsd/eduardo.garcia2/MONAN-scripts/sdumont/MONAN_src/MONAN-Model_v0.1.0_sdumont.gnu/src/external/SMIOL -I/scratch/app_sequana/netcdf/4.8.1_hdf5-threadsafe-HL_openmpi-4.1.6_gnu/include -I/scratch/app_sequana/pnetcdf/1.12.3_hdf5-threadsafe-HL_openmpi-4.1.6_gnu/include -I../framework -I../external/esmf_time_f90
rm -f mpas_vector_reconstruction.o mpas_vector_reconstruction.mod
mpif90 -D_MPI -DCORE_ATMOSPHERE -DMPAS_NAMELIST_SUFFIX=atmosphere -DMPAS_EXE_NAME=atmosphere_model -DMPAS_OPENMP -DSINGLE_PRECISION -DMPAS_NATIVE_TIMERS -DMPAS_GIT_VERSION=v0.1.0-dirty -DMPAS_BUILD_TARGET=gfortran -DMPAS_SMIOL_SUPPORT -O3 -ffree-line-length-none -fconvert=big-endian -ffree-form -fopenmp -c mpas_vector_reconstruction.F -I/scratch/app_sequana/netcdf/4.8.1_hdf5-threadsafe-HL_openmpi-4.1.6_gnu/include -I/scratch/app_sequana/pnetcdf/1.12.3_hdf5-threadsafe-HL_openmpi-4.1.6_gnu/include -I/scratch/cenapadrjsd/eduardo.garcia2/MONAN-scripts/sdumont/MONAN_src/MONAN-Model_v0.1.0_sdumont.gnu/src/external/SMIOL -I/scratch/app_sequana/netcdf/4.8.1_hdf5-threadsafe-HL_openmpi-4.1.6_gnu/include -I/scratch/app_sequana/pnetcdf/1.12.3_hdf5-threadsafe-HL_openmpi-4.1.6_gnu/include -I../framework -I../external/esmf_time_f90
rm -f mpas_tracer_advection_mono.o mpas_tracer_advection_mono.mod
rm -f mpas_tracer_advection_std.o mpas_tracer_advection_std.mod
mpif90 -D_MPI -DCORE_ATMOSPHERE -DMPAS_NAMELIST_SUFFIX=atmosphere -DMPAS_EXE_NAME=atmosphere_model -DMPAS_OPENMP -DSINGLE_PRECISION -DMPAS_NATIVE_TIMERS -DMPAS_GIT_VERSION=v0.1.0-dirty -DMPAS_BUILD_TARGET=gfortran -DMPAS_SMIOL_SUPPORT -O3 -ffree-line-length-none -fconvert=big-endian -ffree-form -fopenmp -c mpas_tracer_advection_mono.F -I/scratch/app_sequana/netcdf/4.8.1_hdf5-threadsafe-HL_openmpi-4.1.6_gnu/include -I/scratch/app_sequana/pnetcdf/1.12.3_hdf5-threadsafe-HL_openmpi-4.1.6_gnu/include -I/scratch/cenapadrjsd/eduardo.garcia2/MONAN-scripts/sdumont/MONAN_src/MONAN-Model_v0.1.0_sdumont.gnu/src/external/SMIOL -I/scratch/app_sequana/netcdf/4.8.1_hdf5-threadsafe-HL_openmpi-4.1.6_gnu/include -I/scratch/app_sequana/pnetcdf/1.12.3_hdf5-threadsafe-HL_openmpi-4.1.6_gnu/include -I../framework -I../external/esmf_time_f90
mpif90 -D_MPI -DCORE_ATMOSPHERE -DMPAS_NAMELIST_SUFFIX=atmosphere -DMPAS_EXE_NAME=atmosphere_model -DMPAS_OPENMP -DSINGLE_PRECISION -DMPAS_NATIVE_TIMERS -DMPAS_GIT_VERSION=v0.1.0-dirty -DMPAS_BUILD_TARGET=gfortran -DMPAS_SMIOL_SUPPORT -O3 -ffree-line-length-none -fconvert=big-endian -ffree-form -fopenmp -c mpas_tracer_advection_std.F -I/scratch/app_sequana/netcdf/4.8.1_hdf5-threadsafe-HL_openmpi-4.1.6_gnu/include -I/scratch/app_sequana/pnetcdf/1.12.3_hdf5-threadsafe-HL_openmpi-4.1.6_gnu/include -I/scratch/cenapadrjsd/eduardo.garcia2/MONAN-scripts/sdumont/MONAN_src/MONAN-Model_v0.1.0_sdumont.gnu/src/external/SMIOL -I/scratch/app_sequana/netcdf/4.8.1_hdf5-threadsafe-HL_openmpi-4.1.6_gnu/include -I/scratch/app_sequana/pnetcdf/1.12.3_hdf5-threadsafe-HL_openmpi-4.1.6_gnu/include -I../framework -I../external/esmf_time_f90
ar -ru libops.a mpas_vector_operations.o mpas_matrix_operations.o mpas_tensor_operations.o mpas_rbf_interpolation.o mpas_vector_reconstruction.o mpas_spline_interpolation.o mpas_tracer_advection_helpers.o mpas_tracer_advection_mono.o mpas_tracer_advection_std.o mpas_geometry_utils.o
ar: creating libops.a
make[3]: Leaving directory `/scratch/cenapadrjsd/eduardo.garcia2/MONAN-scripts/sdumont/MONAN_src/MONAN-Model_v0.1.0_sdumont.gnu/src/operators'
ln -sf operators/libops.a libops.a
( cd core_atmosphere; make CPPFLAGS="-D_MPI -DCORE_ATMOSPHERE -DMPAS_NAMELIST_SUFFIX=atmosphere -DMPAS_EXE_NAME=atmosphere_model -DMPAS_OPENMP -DSINGLE_PRECISION -DMPAS_NATIVE_TIMERS -DMPAS_GIT_VERSION=v0.1.0-dirty -DMPAS_BUILD_TARGET=gfortran -DMPAS_SMIOL_SUPPORT" CPPINCLUDES="-I/scratch/app_sequana/netcdf/4.8.1_hdf5-threadsafe-HL_openmpi-4.1.6_gnu/include -I/scratch/app_sequana/pnetcdf/1.12.3_hdf5-threadsafe-HL_openmpi-4.1.6_gnu/include" REG_PARSE="/scratch/cenapadrjsd/eduardo.garcia2/MONAN-scripts/sdumont/MONAN_src/MONAN-Model_v0.1.0_sdumont.gnu/src/tools/registry/parse" gen_includes )
make[3]: Entering directory `/scratch/cenapadrjsd/eduardo.garcia2/MONAN-scripts/sdumont/MONAN_src/MONAN-Model_v0.1.0_sdumont.gnu/src/core_atmosphere'
cpp -P -traditional -D_MPI -DCORE_ATMOSPHERE -DMPAS_NAMELIST_SUFFIX=atmosphere -DMPAS_EXE_NAME=atmosphere_model -DMPAS_OPENMP -DSINGLE_PRECISION -DMPAS_NATIVE_TIMERS -DMPAS_GIT_VERSION=v0.1.0-dirty -DMPAS_BUILD_TARGET=gfortran -DMPAS_SMIOL_SUPPORT -I/scratch/app_sequana/netcdf/4.8.1_hdf5-threadsafe-HL_openmpi-4.1.6_gnu/include -I/scratch/app_sequana/pnetcdf/1.12.3_hdf5-threadsafe-HL_openmpi-4.1.6_gnu/include -DDO_PHYSICS Registry.xml > Registry_processed.xml
(if [ ! -d inc ]; then mkdir -p inc; fi) # To generate *.inc files
(cd inc; /scratch/cenapadrjsd/eduardo.garcia2/MONAN-scripts/sdumont/MONAN_src/MONAN-Model_v0.1.0_sdumont.gnu/src/tools/registry/parse < ../Registry_processed.xml )
Reading registry file from standard input
Warning: runtime_format attribute has no effect for immutable stream "lbc_in".
---- GENERATING IMMUTABLE STREAMS ----
make[3]: Leaving directory `/scratch/cenapadrjsd/eduardo.garcia2/MONAN-scripts/sdumont/MONAN_src/MONAN-Model_v0.1.0_sdumont.gnu/src/core_atmosphere'
( cd core_atmosphere; make CPPFLAGS="-D_MPI -DCORE_ATMOSPHERE -DMPAS_NAMELIST_SUFFIX=atmosphere -DMPAS_EXE_NAME=atmosphere_model -DMPAS_OPENMP -DSINGLE_PRECISION -DMPAS_NATIVE_TIMERS -DMPAS_GIT_VERSION=v0.1.0-dirty -DMPAS_BUILD_TARGET=gfortran -DMPAS_SMIOL_SUPPORT" CPPINCLUDES="-I/scratch/app_sequana/netcdf/4.8.1_hdf5-threadsafe-HL_openmpi-4.1.6_gnu/include -I/scratch/app_sequana/pnetcdf/1.12.3_hdf5-threadsafe-HL_openmpi-4.1.6_gnu/include" NL_GEN="/scratch/cenapadrjsd/eduardo.garcia2/MONAN-scripts/sdumont/MONAN_src/MONAN-Model_v0.1.0_sdumont.gnu/src/tools/input_gen/namelist_gen" ST_GEN="/scratch/cenapadrjsd/eduardo.garcia2/MONAN-scripts/sdumont/MONAN_src/MONAN-Model_v0.1.0_sdumont.gnu/src/tools/input_gen/streams_gen" core_input_gen )
make[3]: Entering directory `/scratch/cenapadrjsd/eduardo.garcia2/MONAN-scripts/sdumont/MONAN_src/MONAN-Model_v0.1.0_sdumont.gnu/src/core_atmosphere'
if [ ! -e default_inputs ]; then  mkdir default_inputs; fi
( cd default_inputs; /scratch/cenapadrjsd/eduardo.garcia2/MONAN-scripts/sdumont/MONAN_src/MONAN-Model_v0.1.0_sdumont.gnu/src/tools/input_gen/namelist_gen ../Registry_processed.xml namelist.atmosphere in_defaults=true )
( cd default_inputs; /scratch/cenapadrjsd/eduardo.garcia2/MONAN-scripts/sdumont/MONAN_src/MONAN-Model_v0.1.0_sdumont.gnu/src/tools/input_gen/streams_gen ../Registry_processed.xml streams.atmosphere stream_list.atmosphere. listed )
make[3]: Leaving directory `/scratch/cenapadrjsd/eduardo.garcia2/MONAN-scripts/sdumont/MONAN_src/MONAN-Model_v0.1.0_sdumont.gnu/src/core_atmosphere'
( cd core_atmosphere; make CPPFLAGS="-D_MPI -DCORE_ATMOSPHERE -DMPAS_NAMELIST_SUFFIX=atmosphere -DMPAS_EXE_NAME=atmosphere_model -DMPAS_OPENMP -DSINGLE_PRECISION -DMPAS_NATIVE_TIMERS -DMPAS_GIT_VERSION=v0.1.0-dirty -DMPAS_BUILD_TARGET=gfortran -DMPAS_SMIOL_SUPPORT" CPPINCLUDES="-I/scratch/app_sequana/netcdf/4.8.1_hdf5-threadsafe-HL_openmpi-4.1.6_gnu/include -I/scratch/app_sequana/pnetcdf/1.12.3_hdf5-threadsafe-HL_openmpi-4.1.6_gnu/include" all ) 
make[3]: Entering directory `/scratch/cenapadrjsd/eduardo.garcia2/MONAN-scripts/sdumont/MONAN_src/MONAN-Model_v0.1.0_sdumont.gnu/src/core_atmosphere'
rm -f mpas_atm_dimensions.o mpas_atm_dimensions.mod
rm -f mpas_atm_threading.o mpas_atm_threading.mod
mpif90 -D_MPI -DCORE_ATMOSPHERE -DMPAS_NAMELIST_SUFFIX=atmosphere -DMPAS_EXE_NAME=atmosphere_model -DMPAS_OPENMP -DSINGLE_PRECISION -DMPAS_NATIVE_TIMERS -DMPAS_GIT_VERSION=v0.1.0-dirty -DMPAS_BUILD_TARGET=gfortran -DMPAS_SMIOL_SUPPORT -DDO_PHYSICS -O3 -ffree-line-length-none -fconvert=big-endian -ffree-form -fopenmp -c mpas_atm_dimensions.F -I/scratch/app_sequana/netcdf/4.8.1_hdf5-threadsafe-HL_openmpi-4.1.6_gnu/include -I/scratch/app_sequana/pnetcdf/1.12.3_hdf5-threadsafe-HL_openmpi-4.1.6_gnu/include -I/scratch/cenapadrjsd/eduardo.garcia2/MONAN-scripts/sdumont/MONAN_src/MONAN-Model_v0.1.0_sdumont.gnu/src/external/SMIOL -I/scratch/app_sequana/netcdf/4.8.1_hdf5-threadsafe-HL_openmpi-4.1.6_gnu/include -I/scratch/app_sequana/pnetcdf/1.12.3_hdf5-threadsafe-HL_openmpi-4.1.6_gnu/include -I./inc -I../framework -I../operators -I./physics -I./dynamics -I./diagnostics -I./physics/physics_wrf -I./physics/physics_mmm -I../external/esmf_time_f90
mpif90 -D_MPI -DCORE_ATMOSPHERE -DMPAS_NAMELIST_SUFFIX=atmosphere -DMPAS_EXE_NAME=atmosphere_model -DMPAS_OPENMP -DSINGLE_PRECISION -DMPAS_NATIVE_TIMERS -DMPAS_GIT_VERSION=v0.1.0-dirty -DMPAS_BUILD_TARGET=gfortran -DMPAS_SMIOL_SUPPORT -DDO_PHYSICS -O3 -ffree-line-length-none -fconvert=big-endian -ffree-form -fopenmp -c mpas_atm_threading.F -I/scratch/app_sequana/netcdf/4.8.1_hdf5-threadsafe-HL_openmpi-4.1.6_gnu/include -I/scratch/app_sequana/pnetcdf/1.12.3_hdf5-threadsafe-HL_openmpi-4.1.6_gnu/include -I/scratch/cenapadrjsd/eduardo.garcia2/MONAN-scripts/sdumont/MONAN_src/MONAN-Model_v0.1.0_sdumont.gnu/src/external/SMIOL -I/scratch/app_sequana/netcdf/4.8.1_hdf5-threadsafe-HL_openmpi-4.1.6_gnu/include -I/scratch/app_sequana/pnetcdf/1.12.3_hdf5-threadsafe-HL_openmpi-4.1.6_gnu/include -I./inc -I../framework -I../operators -I./physics -I./dynamics -I./diagnostics -I./physics/physics_wrf -I./physics/physics_mmm -I../external/esmf_time_f90
( cd physics; make all )
make[4]: Entering directory `/scratch/cenapadrjsd/eduardo.garcia2/MONAN-scripts/sdumont/MONAN_src/MONAN-Model_v0.1.0_sdumont.gnu/src/core_atmosphere/physics'
./checkout_data_files.sh
rm -f ccpp_kinds.o ccpp_kinds.mod
rm -f mpas_atmphys_constants.o mpas_atmphys_constants.mod
rm -f mpas_atmphys_date_time.o mpas_atmphys_date_time.mod
rm -f mpas_atmphys_functions.o mpas_atmphys_functions.mod
mpif90 -D_MPI -DCORE_ATMOSPHERE -DMPAS_NAMELIST_SUFFIX=atmosphere -DMPAS_EXE_NAME=atmosphere_model -DMPAS_OPENMP -DSINGLE_PRECISION -DMPAS_NATIVE_TIMERS -DMPAS_GIT_VERSION=v0.1.0-dirty -DMPAS_BUILD_TARGET=gfortran -DMPAS_SMIOL_SUPPORT -Dmpas  -O3 -ffree-line-length-none -fconvert=big-endian -ffree-form -fopenmp -c ccpp_kinds.F -I/scratch/app_sequana/netcdf/4.8.1_hdf5-threadsafe-HL_openmpi-4.1.6_gnu/include -I/scratch/app_sequana/pnetcdf/1.12.3_hdf5-threadsafe-HL_openmpi-4.1.6_gnu/include -I/scratch/cenapadrjsd/eduardo.garcia2/MONAN-scripts/sdumont/MONAN_src/MONAN-Model_v0.1.0_sdumont.gnu/src/external/SMIOL -I/scratch/app_sequana/netcdf/4.8.1_hdf5-threadsafe-HL_openmpi-4.1.6_gnu/include -I/scratch/app_sequana/pnetcdf/1.12.3_hdf5-threadsafe-HL_openmpi-4.1.6_gnu/include -I./physics_mmm -I./physics_wrf -I.. -I../../framework -I../../external/esmf_time_f90
mpif90 -D_MPI -DCORE_ATMOSPHERE -DMPAS_NAMELIST_SUFFIX=atmosphere -DMPAS_EXE_NAME=atmosphere_model -DMPAS_OPENMP -DSINGLE_PRECISION -DMPAS_NATIVE_TIMERS -DMPAS_GIT_VERSION=v0.1.0-dirty -DMPAS_BUILD_TARGET=gfortran -DMPAS_SMIOL_SUPPORT -Dmpas  -O3 -ffree-line-length-none -fconvert=big-endian -ffree-form -fopenmp -c mpas_atmphys_constants.F -I/scratch/app_sequana/netcdf/4.8.1_hdf5-threadsafe-HL_openmpi-4.1.6_gnu/include -I/scratch/app_sequana/pnetcdf/1.12.3_hdf5-threadsafe-HL_openmpi-4.1.6_gnu/include -I/scratch/cenapadrjsd/eduardo.garcia2/MONAN-scripts/sdumont/MONAN_src/MONAN-Model_v0.1.0_sdumont.gnu/src/external/SMIOL -I/scratch/app_sequana/netcdf/4.8.1_hdf5-threadsafe-HL_openmpi-4.1.6_gnu/include -I/scratch/app_sequana/pnetcdf/1.12.3_hdf5-threadsafe-HL_openmpi-4.1.6_gnu/include -I./physics_mmm -I./physics_wrf -I.. -I../../framework -I../../external/esmf_time_f90
rm -f mpas_atmphys_utilities.o mpas_atmphys_utilities.mod
mpif90 -D_MPI -DCORE_ATMOSPHERE -DMPAS_NAMELIST_SUFFIX=atmosphere -DMPAS_EXE_NAME=atmosphere_model -DMPAS_OPENMP -DSINGLE_PRECISION -DMPAS_NATIVE_TIMERS -DMPAS_GIT_VERSION=v0.1.0-dirty -DMPAS_BUILD_TARGET=gfortran -DMPAS_SMIOL_SUPPORT -Dmpas  -O3 -ffree-line-length-none -fconvert=big-endian -ffree-form -fopenmp -c mpas_atmphys_date_time.F -I/scratch/app_sequana/netcdf/4.8.1_hdf5-threadsafe-HL_openmpi-4.1.6_gnu/include -I/scratch/app_sequana/pnetcdf/1.12.3_hdf5-threadsafe-HL_openmpi-4.1.6_gnu/include -I/scratch/cenapadrjsd/eduardo.garcia2/MONAN-scripts/sdumont/MONAN_src/MONAN-Model_v0.1.0_sdumont.gnu/src/external/SMIOL -I/scratch/app_sequana/netcdf/4.8.1_hdf5-threadsafe-HL_openmpi-4.1.6_gnu/include -I/scratch/app_sequana/pnetcdf/1.12.3_hdf5-threadsafe-HL_openmpi-4.1.6_gnu/include -I./physics_mmm -I./physics_wrf -I.. -I../../framework -I../../external/esmf_time_f90
mpif90 -D_MPI -DCORE_ATMOSPHERE -DMPAS_NAMELIST_SUFFIX=atmosphere -DMPAS_EXE_NAME=atmosphere_model -DMPAS_OPENMP -DSINGLE_PRECISION -DMPAS_NATIVE_TIMERS -DMPAS_GIT_VERSION=v0.1.0-dirty -DMPAS_BUILD_TARGET=gfortran -DMPAS_SMIOL_SUPPORT -Dmpas  -O3 -ffree-line-length-none -fconvert=big-endian -ffree-form -fopenmp -c mpas_atmphys_functions.F -I/scratch/app_sequana/netcdf/4.8.1_hdf5-threadsafe-HL_openmpi-4.1.6_gnu/include -I/scratch/app_sequana/pnetcdf/1.12.3_hdf5-threadsafe-HL_openmpi-4.1.6_gnu/include -I/scratch/cenapadrjsd/eduardo.garcia2/MONAN-scripts/sdumont/MONAN_src/MONAN-Model_v0.1.0_sdumont.gnu/src/external/SMIOL -I/scratch/app_sequana/netcdf/4.8.1_hdf5-threadsafe-HL_openmpi-4.1.6_gnu/include -I/scratch/app_sequana/pnetcdf/1.12.3_hdf5-threadsafe-HL_openmpi-4.1.6_gnu/include -I./physics_mmm -I./physics_wrf -I.. -I../../framework -I../../external/esmf_time_f90
mpif90 -D_MPI -DCORE_ATMOSPHERE -DMPAS_NAMELIST_SUFFIX=atmosphere -DMPAS_EXE_NAME=atmosphere_model -DMPAS_OPENMP -DSINGLE_PRECISION -DMPAS_NATIVE_TIMERS -DMPAS_GIT_VERSION=v0.1.0-dirty -DMPAS_BUILD_TARGET=gfortran -DMPAS_SMIOL_SUPPORT -Dmpas  -O3 -ffree-line-length-none -fconvert=big-endian -ffree-form -fopenmp -c mpas_atmphys_utilities.F -I/scratch/app_sequana/netcdf/4.8.1_hdf5-threadsafe-HL_openmpi-4.1.6_gnu/include -I/scratch/app_sequana/pnetcdf/1.12.3_hdf5-threadsafe-HL_openmpi-4.1.6_gnu/include -I/scratch/cenapadrjsd/eduardo.garcia2/MONAN-scripts/sdumont/MONAN_src/MONAN-Model_v0.1.0_sdumont.gnu/src/external/SMIOL -I/scratch/app_sequana/netcdf/4.8.1_hdf5-threadsafe-HL_openmpi-4.1.6_gnu/include -I/scratch/app_sequana/pnetcdf/1.12.3_hdf5-threadsafe-HL_openmpi-4.1.6_gnu/include -I./physics_mmm -I./physics_wrf -I.. -I../../framework -I../../external/esmf_time_f90
*** Compatible versions of WRF physics tables appear to already exist; no need to obtain them again ***
ar -ru libphys.a ccpp_kinds.o mpas_atmphys_constants.o mpas_atmphys_date_time.o mpas_atmphys_functions.o mpas_atmphys_utilities.o
ar: creating libphys.a
(cd physics_mmm; make all)
make[5]: Entering directory `/scratch/cenapadrjsd/eduardo.garcia2/MONAN-scripts/sdumont/MONAN_src/MONAN-Model_v0.1.0_sdumont.gnu/src/core_atmosphere/physics/physics_mmm'
echo "****** compiling physics_mmm ******"
mpif90 -D_MPI -DCORE_ATMOSPHERE -DMPAS_NAMELIST_SUFFIX=atmosphere -DMPAS_EXE_NAME=atmosphere_model -DMPAS_OPENMP -DSINGLE_PRECISION -DMPAS_NATIVE_TIMERS -DMPAS_GIT_VERSION=v0.1.0-dirty -DMPAS_BUILD_TARGET=gfortran -DMPAS_SMIOL_SUPPORT  -O3 -ffree-line-length-none -fconvert=big-endian -ffree-form -fopenmp -c bl_gwdo.F -I/scratch/app_sequana/netcdf/4.8.1_hdf5-threadsafe-HL_openmpi-4.1.6_gnu/include -I/scratch/app_sequana/pnetcdf/1.12.3_hdf5-threadsafe-HL_openmpi-4.1.6_gnu/include -I/scratch/cenapadrjsd/eduardo.garcia2/MONAN-scripts/sdumont/MONAN_src/MONAN-Model_v0.1.0_sdumont.gnu/src/external/SMIOL -I/scratch/app_sequana/netcdf/4.8.1_hdf5-threadsafe-HL_openmpi-4.1.6_gnu/include -I/scratch/app_sequana/pnetcdf/1.12.3_hdf5-threadsafe-HL_openmpi-4.1.6_gnu/include -I.. -I../../../framework -I../../../external/esmf_time_f90
mpif90 -D_MPI -DCORE_ATMOSPHERE -DMPAS_NAMELIST_SUFFIX=atmosphere -DMPAS_EXE_NAME=atmosphere_model -DMPAS_OPENMP -DSINGLE_PRECISION -DMPAS_NATIVE_TIMERS -DMPAS_GIT_VERSION=v0.1.0-dirty -DMPAS_BUILD_TARGET=gfortran -DMPAS_SMIOL_SUPPORT  -O3 -ffree-line-length-none -fconvert=big-endian -ffree-form -fopenmp -c bl_ysu.F -I/scratch/app_sequana/netcdf/4.8.1_hdf5-threadsafe-HL_openmpi-4.1.6_gnu/include -I/scratch/app_sequana/pnetcdf/1.12.3_hdf5-threadsafe-HL_openmpi-4.1.6_gnu/include -I/scratch/cenapadrjsd/eduardo.garcia2/MONAN-scripts/sdumont/MONAN_src/MONAN-Model_v0.1.0_sdumont.gnu/src/external/SMIOL -I/scratch/app_sequana/netcdf/4.8.1_hdf5-threadsafe-HL_openmpi-4.1.6_gnu/include -I/scratch/app_sequana/pnetcdf/1.12.3_hdf5-threadsafe-HL_openmpi-4.1.6_gnu/include -I.. -I../../../framework -I../../../external/esmf_time_f90
mpif90 -D_MPI -DCORE_ATMOSPHERE -DMPAS_NAMELIST_SUFFIX=atmosphere -DMPAS_EXE_NAME=atmosphere_model -DMPAS_OPENMP -DSINGLE_PRECISION -DMPAS_NATIVE_TIMERS -DMPAS_GIT_VERSION=v0.1.0-dirty -DMPAS_BUILD_TARGET=gfortran -DMPAS_SMIOL_SUPPORT  -O3 -ffree-line-length-none -fconvert=big-endian -ffree-form -fopenmp -c cu_ntiedtke.F -I/scratch/app_sequana/netcdf/4.8.1_hdf5-threadsafe-HL_openmpi-4.1.6_gnu/include -I/scratch/app_sequana/pnetcdf/1.12.3_hdf5-threadsafe-HL_openmpi-4.1.6_gnu/include -I/scratch/cenapadrjsd/eduardo.garcia2/MONAN-scripts/sdumont/MONAN_src/MONAN-Model_v0.1.0_sdumont.gnu/src/external/SMIOL -I/scratch/app_sequana/netcdf/4.8.1_hdf5-threadsafe-HL_openmpi-4.1.6_gnu/include -I/scratch/app_sequana/pnetcdf/1.12.3_hdf5-threadsafe-HL_openmpi-4.1.6_gnu/include -I.. -I../../../framework -I../../../external/esmf_time_f90
****** compiling physics_mmm ******
mpif90 -D_MPI -DCORE_ATMOSPHERE -DMPAS_NAMELIST_SUFFIX=atmosphere -DMPAS_EXE_NAME=atmosphere_model -DMPAS_OPENMP -DSINGLE_PRECISION -DMPAS_NATIVE_TIMERS -DMPAS_GIT_VERSION=v0.1.0-dirty -DMPAS_BUILD_TARGET=gfortran -DMPAS_SMIOL_SUPPORT  -O3 -ffree-line-length-none -fconvert=big-endian -ffree-form -fopenmp -c sf_sfclayrev.F -I/scratch/app_sequana/netcdf/4.8.1_hdf5-threadsafe-HL_openmpi-4.1.6_gnu/include -I/scratch/app_sequana/pnetcdf/1.12.3_hdf5-threadsafe-HL_openmpi-4.1.6_gnu/include -I/scratch/cenapadrjsd/eduardo.garcia2/MONAN-scripts/sdumont/MONAN_src/MONAN-Model_v0.1.0_sdumont.gnu/src/external/SMIOL -I/scratch/app_sequana/netcdf/4.8.1_hdf5-threadsafe-HL_openmpi-4.1.6_gnu/include -I/scratch/app_sequana/pnetcdf/1.12.3_hdf5-threadsafe-HL_openmpi-4.1.6_gnu/include -I.. -I../../../framework -I../../../external/esmf_time_f90
mpif90 -D_MPI -DCORE_ATMOSPHERE -DMPAS_NAMELIST_SUFFIX=atmosphere -DMPAS_EXE_NAME=atmosphere_model -DMPAS_OPENMP -DSINGLE_PRECISION -DMPAS_NATIVE_TIMERS -DMPAS_GIT_VERSION=v0.1.0-dirty -DMPAS_BUILD_TARGET=gfortran -DMPAS_SMIOL_SUPPORT  -O3 -ffree-line-length-none -fconvert=big-endian -ffree-form -fopenmp -c module_libmassv.F -I/scratch/app_sequana/netcdf/4.8.1_hdf5-threadsafe-HL_openmpi-4.1.6_gnu/include -I/scratch/app_sequana/pnetcdf/1.12.3_hdf5-threadsafe-HL_openmpi-4.1.6_gnu/include -I/scratch/cenapadrjsd/eduardo.garcia2/MONAN-scripts/sdumont/MONAN_src/MONAN-Model_v0.1.0_sdumont.gnu/src/external/SMIOL -I/scratch/app_sequana/netcdf/4.8.1_hdf5-threadsafe-HL_openmpi-4.1.6_gnu/include -I/scratch/app_sequana/pnetcdf/1.12.3_hdf5-threadsafe-HL_openmpi-4.1.6_gnu/include -I.. -I../../../framework -I../../../external/esmf_time_f90
mpif90 -D_MPI -DCORE_ATMOSPHERE -DMPAS_NAMELIST_SUFFIX=atmosphere -DMPAS_EXE_NAME=atmosphere_model -DMPAS_OPENMP -DSINGLE_PRECISION -DMPAS_NATIVE_TIMERS -DMPAS_GIT_VERSION=v0.1.0-dirty -DMPAS_BUILD_TARGET=gfortran -DMPAS_SMIOL_SUPPORT  -O3 -ffree-line-length-none -fconvert=big-endian -ffree-form -fopenmp -c mp_radar.F -I/scratch/app_sequana/netcdf/4.8.1_hdf5-threadsafe-HL_openmpi-4.1.6_gnu/include -I/scratch/app_sequana/pnetcdf/1.12.3_hdf5-threadsafe-HL_openmpi-4.1.6_gnu/include -I/scratch/cenapadrjsd/eduardo.garcia2/MONAN-scripts/sdumont/MONAN_src/MONAN-Model_v0.1.0_sdumont.gnu/src/external/SMIOL -I/scratch/app_sequana/netcdf/4.8.1_hdf5-threadsafe-HL_openmpi-4.1.6_gnu/include -I/scratch/app_sequana/pnetcdf/1.12.3_hdf5-threadsafe-HL_openmpi-4.1.6_gnu/include -I.. -I../../../framework -I../../../external/esmf_time_f90
mpif90 -D_MPI -DCORE_ATMOSPHERE -DMPAS_NAMELIST_SUFFIX=atmosphere -DMPAS_EXE_NAME=atmosphere_model -DMPAS_OPENMP -DSINGLE_PRECISION -DMPAS_NATIVE_TIMERS -DMPAS_GIT_VERSION=v0.1.0-dirty -DMPAS_BUILD_TARGET=gfortran -DMPAS_SMIOL_SUPPORT  -O3 -ffree-line-length-none -fconvert=big-endian -ffree-form -fopenmp -c mp_wsm6.F -I/scratch/app_sequana/netcdf/4.8.1_hdf5-threadsafe-HL_openmpi-4.1.6_gnu/include -I/scratch/app_sequana/pnetcdf/1.12.3_hdf5-threadsafe-HL_openmpi-4.1.6_gnu/include -I/scratch/cenapadrjsd/eduardo.garcia2/MONAN-scripts/sdumont/MONAN_src/MONAN-Model_v0.1.0_sdumont.gnu/src/external/SMIOL -I/scratch/app_sequana/netcdf/4.8.1_hdf5-threadsafe-HL_openmpi-4.1.6_gnu/include -I/scratch/app_sequana/pnetcdf/1.12.3_hdf5-threadsafe-HL_openmpi-4.1.6_gnu/include -I.. -I../../../framework -I../../../external/esmf_time_f90
mpif90 -D_MPI -DCORE_ATMOSPHERE -DMPAS_NAMELIST_SUFFIX=atmosphere -DMPAS_EXE_NAME=atmosphere_model -DMPAS_OPENMP -DSINGLE_PRECISION -DMPAS_NATIVE_TIMERS -DMPAS_GIT_VERSION=v0.1.0-dirty -DMPAS_BUILD_TARGET=gfortran -DMPAS_SMIOL_SUPPORT  -O3 -ffree-line-length-none -fconvert=big-endian -ffree-form -fopenmp -c mp_wsm6_effectRad.F -I/scratch/app_sequana/netcdf/4.8.1_hdf5-threadsafe-HL_openmpi-4.1.6_gnu/include -I/scratch/app_sequana/pnetcdf/1.12.3_hdf5-threadsafe-HL_openmpi-4.1.6_gnu/include -I/scratch/cenapadrjsd/eduardo.garcia2/MONAN-scripts/sdumont/MONAN_src/MONAN-Model_v0.1.0_sdumont.gnu/src/external/SMIOL -I/scratch/app_sequana/netcdf/4.8.1_hdf5-threadsafe-HL_openmpi-4.1.6_gnu/include -I/scratch/app_sequana/pnetcdf/1.12.3_hdf5-threadsafe-HL_openmpi-4.1.6_gnu/include -I.. -I../../../framework -I../../../external/esmf_time_f90
ar -ru ./../libphys.a bl_gwdo.o bl_ysu.o cu_ntiedtke.o sf_sfclayrev.o module_libmassv.o mp_radar.o mp_wsm6_effectRad.o mp_wsm6.o
make[5]: Leaving directory `/scratch/cenapadrjsd/eduardo.garcia2/MONAN-scripts/sdumont/MONAN_src/MONAN-Model_v0.1.0_sdumont.gnu/src/core_atmosphere/physics/physics_mmm'
(cd physics_wrf; make all COREDEF="-Dmpas")
make[5]: Entering directory `/scratch/cenapadrjsd/eduardo.garcia2/MONAN-scripts/sdumont/MONAN_src/MONAN-Model_v0.1.0_sdumont.gnu/src/core_atmosphere/physics/physics_wrf'
echo "****** compiling physics_wrf ******"
mpif90 -D_MPI -DCORE_ATMOSPHERE -DMPAS_NAMELIST_SUFFIX=atmosphere -DMPAS_EXE_NAME=atmosphere_model -DMPAS_OPENMP -DSINGLE_PRECISION -DMPAS_NATIVE_TIMERS -DMPAS_GIT_VERSION=v0.1.0-dirty -DMPAS_BUILD_TARGET=gfortran -DMPAS_SMIOL_SUPPORT -Dmpas -O3 -ffree-line-length-none -fconvert=big-endian -ffree-form -fopenmp -c libmassv.F -I/scratch/app_sequana/netcdf/4.8.1_hdf5-threadsafe-HL_openmpi-4.1.6_gnu/include -I/scratch/app_sequana/pnetcdf/1.12.3_hdf5-threadsafe-HL_openmpi-4.1.6_gnu/include -I/scratch/cenapadrjsd/eduardo.garcia2/MONAN-scripts/sdumont/MONAN_src/MONAN-Model_v0.1.0_sdumont.gnu/src/external/SMIOL -I/scratch/app_sequana/netcdf/4.8.1_hdf5-threadsafe-HL_openmpi-4.1.6_gnu/include -I/scratch/app_sequana/pnetcdf/1.12.3_hdf5-threadsafe-HL_openmpi-4.1.6_gnu/include -I.. -I../physics_mmm -I../../../framework -I../../../external/esmf_time_f90
mpif90 -D_MPI -DCORE_ATMOSPHERE -DMPAS_NAMELIST_SUFFIX=atmosphere -DMPAS_EXE_NAME=atmosphere_model -DMPAS_OPENMP -DSINGLE_PRECISION -DMPAS_NATIVE_TIMERS -DMPAS_GIT_VERSION=v0.1.0-dirty -DMPAS_BUILD_TARGET=gfortran -DMPAS_SMIOL_SUPPORT -Dmpas -O3 -ffree-line-length-none -fconvert=big-endian -ffree-form -fopenmp -c module_bep_bem_helper.F -I/scratch/app_sequana/netcdf/4.8.1_hdf5-threadsafe-HL_openmpi-4.1.6_gnu/include -I/scratch/app_sequana/pnetcdf/1.12.3_hdf5-threadsafe-HL_openmpi-4.1.6_gnu/include -I/scratch/cenapadrjsd/eduardo.garcia2/MONAN-scripts/sdumont/MONAN_src/MONAN-Model_v0.1.0_sdumont.gnu/src/external/SMIOL -I/scratch/app_sequana/netcdf/4.8.1_hdf5-threadsafe-HL_openmpi-4.1.6_gnu/include -I/scratch/app_sequana/pnetcdf/1.12.3_hdf5-threadsafe-HL_openmpi-4.1.6_gnu/include -I.. -I../physics_mmm -I../../../framework -I../../../external/esmf_time_f90
mpif90 -D_MPI -DCORE_ATMOSPHERE -DMPAS_NAMELIST_SUFFIX=atmosphere -DMPAS_EXE_NAME=atmosphere_model -DMPAS_OPENMP -DSINGLE_PRECISION -DMPAS_NATIVE_TIMERS -DMPAS_GIT_VERSION=v0.1.0-dirty -DMPAS_BUILD_TARGET=gfortran -DMPAS_SMIOL_SUPPORT -Dmpas -O3 -ffree-line-length-none -fconvert=big-endian -ffree-form -fopenmp -c module_bl_gwdo.F -I/scratch/app_sequana/netcdf/4.8.1_hdf5-threadsafe-HL_openmpi-4.1.6_gnu/include -I/scratch/app_sequana/pnetcdf/1.12.3_hdf5-threadsafe-HL_openmpi-4.1.6_gnu/include -I/scratch/cenapadrjsd/eduardo.garcia2/MONAN-scripts/sdumont/MONAN_src/MONAN-Model_v0.1.0_sdumont.gnu/src/external/SMIOL -I/scratch/app_sequana/netcdf/4.8.1_hdf5-threadsafe-HL_openmpi-4.1.6_gnu/include -I/scratch/app_sequana/pnetcdf/1.12.3_hdf5-threadsafe-HL_openmpi-4.1.6_gnu/include -I.. -I../physics_mmm -I../../../framework -I../../../external/esmf_time_f90
****** compiling physics_wrf ******
mpif90 -D_MPI -DCORE_ATMOSPHERE -DMPAS_NAMELIST_SUFFIX=atmosphere -DMPAS_EXE_NAME=atmosphere_model -DMPAS_OPENMP -DSINGLE_PRECISION -DMPAS_NATIVE_TIMERS -DMPAS_GIT_VERSION=v0.1.0-dirty -DMPAS_BUILD_TARGET=gfortran -DMPAS_SMIOL_SUPPORT -Dmpas -O3 -ffree-line-length-none -fconvert=big-endian -ffree-form -fopenmp -c module_cam_error_function.F -I/scratch/app_sequana/netcdf/4.8.1_hdf5-threadsafe-HL_openmpi-4.1.6_gnu/include -I/scratch/app_sequana/pnetcdf/1.12.3_hdf5-threadsafe-HL_openmpi-4.1.6_gnu/include -I/scratch/cenapadrjsd/eduardo.garcia2/MONAN-scripts/sdumont/MONAN_src/MONAN-Model_v0.1.0_sdumont.gnu/src/external/SMIOL -I/scratch/app_sequana/netcdf/4.8.1_hdf5-threadsafe-HL_openmpi-4.1.6_gnu/include -I/scratch/app_sequana/pnetcdf/1.12.3_hdf5-threadsafe-HL_openmpi-4.1.6_gnu/include -I.. -I../physics_mmm -I../../../framework -I../../../external/esmf_time_f90
mpif90 -D_MPI -DCORE_ATMOSPHERE -DMPAS_NAMELIST_SUFFIX=atmosphere -DMPAS_EXE_NAME=atmosphere_model -DMPAS_OPENMP -DSINGLE_PRECISION -DMPAS_NATIVE_TIMERS -DMPAS_GIT_VERSION=v0.1.0-dirty -DMPAS_BUILD_TARGET=gfortran -DMPAS_SMIOL_SUPPORT -Dmpas -O3 -ffree-line-length-none -fconvert=big-endian -ffree-form -fopenmp -c module_bl_ysu.F -I/scratch/app_sequana/netcdf/4.8.1_hdf5-threadsafe-HL_openmpi-4.1.6_gnu/include -I/scratch/app_sequana/pnetcdf/1.12.3_hdf5-threadsafe-HL_openmpi-4.1.6_gnu/include -I/scratch/cenapadrjsd/eduardo.garcia2/MONAN-scripts/sdumont/MONAN_src/MONAN-Model_v0.1.0_sdumont.gnu/src/external/SMIOL -I/scratch/app_sequana/netcdf/4.8.1_hdf5-threadsafe-HL_openmpi-4.1.6_gnu/include -I/scratch/app_sequana/pnetcdf/1.12.3_hdf5-threadsafe-HL_openmpi-4.1.6_gnu/include -I.. -I../physics_mmm -I../../../framework -I../../../external/esmf_time_f90
mpif90 -D_MPI -DCORE_ATMOSPHERE -DMPAS_NAMELIST_SUFFIX=atmosphere -DMPAS_EXE_NAME=atmosphere_model -DMPAS_OPENMP -DSINGLE_PRECISION -DMPAS_NATIVE_TIMERS -DMPAS_GIT_VERSION=v0.1.0-dirty -DMPAS_BUILD_TARGET=gfortran -DMPAS_SMIOL_SUPPORT -Dmpas -O3 -ffree-line-length-none -fconvert=big-endian -ffree-form -fopenmp -c module_cam_shr_kind_mod.F -I/scratch/app_sequana/netcdf/4.8.1_hdf5-threadsafe-HL_openmpi-4.1.6_gnu/include -I/scratch/app_sequana/pnetcdf/1.12.3_hdf5-threadsafe-HL_openmpi-4.1.6_gnu/include -I/scratch/cenapadrjsd/eduardo.garcia2/MONAN-scripts/sdumont/MONAN_src/MONAN-Model_v0.1.0_sdumont.gnu/src/external/SMIOL -I/scratch/app_sequana/netcdf/4.8.1_hdf5-threadsafe-HL_openmpi-4.1.6_gnu/include -I/scratch/app_sequana/pnetcdf/1.12.3_hdf5-threadsafe-HL_openmpi-4.1.6_gnu/include -I.. -I../physics_mmm -I../../../framework -I../../../external/esmf_time_f90
mpif90 -D_MPI -DCORE_ATMOSPHERE -DMPAS_NAMELIST_SUFFIX=atmosphere -DMPAS_EXE_NAME=atmosphere_model -DMPAS_OPENMP -DSINGLE_PRECISION -DMPAS_NATIVE_TIMERS -DMPAS_GIT_VERSION=v0.1.0-dirty -DMPAS_BUILD_TARGET=gfortran -DMPAS_SMIOL_SUPPORT -Dmpas -O3 -ffree-line-length-none -fconvert=big-endian -ffree-form -fopenmp -c module_cu_gf.mpas.F -I/scratch/app_sequana/netcdf/4.8.1_hdf5-threadsafe-HL_openmpi-4.1.6_gnu/include -I/scratch/app_sequana/pnetcdf/1.12.3_hdf5-threadsafe-HL_openmpi-4.1.6_gnu/include -I/scratch/cenapadrjsd/eduardo.garcia2/MONAN-scripts/sdumont/MONAN_src/MONAN-Model_v0.1.0_sdumont.gnu/src/external/SMIOL -I/scratch/app_sequana/netcdf/4.8.1_hdf5-threadsafe-HL_openmpi-4.1.6_gnu/include -I/scratch/app_sequana/pnetcdf/1.12.3_hdf5-threadsafe-HL_openmpi-4.1.6_gnu/include -I.. -I../physics_mmm -I../../../framework -I../../../external/esmf_time_f90
mpif90 -D_MPI -DCORE_ATMOSPHERE -DMPAS_NAMELIST_SUFFIX=atmosphere -DMPAS_EXE_NAME=atmosphere_model -DMPAS_OPENMP -DSINGLE_PRECISION -DMPAS_NATIVE_TIMERS -DMPAS_GIT_VERSION=v0.1.0-dirty -DMPAS_BUILD_TARGET=gfortran -DMPAS_SMIOL_SUPPORT -Dmpas -O3 -ffree-line-length-none -fconvert=big-endian -ffree-form -fopenmp -c module_cu_tiedtke.F -I/scratch/app_sequana/netcdf/4.8.1_hdf5-threadsafe-HL_openmpi-4.1.6_gnu/include -I/scratch/app_sequana/pnetcdf/1.12.3_hdf5-threadsafe-HL_openmpi-4.1.6_gnu/include -I/scratch/cenapadrjsd/eduardo.garcia2/MONAN-scripts/sdumont/MONAN_src/MONAN-Model_v0.1.0_sdumont.gnu/src/external/SMIOL -I/scratch/app_sequana/netcdf/4.8.1_hdf5-threadsafe-HL_openmpi-4.1.6_gnu/include -I/scratch/app_sequana/pnetcdf/1.12.3_hdf5-threadsafe-HL_openmpi-4.1.6_gnu/include -I.. -I../physics_mmm -I../../../framework -I../../../external/esmf_time_f90
mpif90 -D_MPI -DCORE_ATMOSPHERE -DMPAS_NAMELIST_SUFFIX=atmosphere -DMPAS_EXE_NAME=atmosphere_model -DMPAS_OPENMP -DSINGLE_PRECISION -DMPAS_NATIVE_TIMERS -DMPAS_GIT_VERSION=v0.1.0-dirty -DMPAS_BUILD_TARGET=gfortran -DMPAS_SMIOL_SUPPORT -Dmpas -O3 -ffree-line-length-none -fconvert=big-endian -ffree-form -fopenmp -c module_cu_ntiedtke.F -I/scratch/app_sequana/netcdf/4.8.1_hdf5-threadsafe-HL_openmpi-4.1.6_gnu/include -I/scratch/app_sequana/pnetcdf/1.12.3_hdf5-threadsafe-HL_openmpi-4.1.6_gnu/include -I/scratch/cenapadrjsd/eduardo.garcia2/MONAN-scripts/sdumont/MONAN_src/MONAN-Model_v0.1.0_sdumont.gnu/src/external/SMIOL -I/scratch/app_sequana/netcdf/4.8.1_hdf5-threadsafe-HL_openmpi-4.1.6_gnu/include -I/scratch/app_sequana/pnetcdf/1.12.3_hdf5-threadsafe-HL_openmpi-4.1.6_gnu/include -I.. -I../physics_mmm -I../../../framework -I../../../external/esmf_time_f90
mpif90 -D_MPI -DCORE_ATMOSPHERE -DMPAS_NAMELIST_SUFFIX=atmosphere -DMPAS_EXE_NAME=atmosphere_model -DMPAS_OPENMP -DSINGLE_PRECISION -DMPAS_NATIVE_TIMERS -DMPAS_GIT_VERSION=v0.1.0-dirty -DMPAS_BUILD_TARGET=gfortran -DMPAS_SMIOL_SUPPORT -Dmpas -O3 -ffree-line-length-none -fconvert=big-endian -ffree-form -fopenmp -c module_cu_kfeta.F -I/scratch/app_sequana/netcdf/4.8.1_hdf5-threadsafe-HL_openmpi-4.1.6_gnu/include -I/scratch/app_sequana/pnetcdf/1.12.3_hdf5-threadsafe-HL_openmpi-4.1.6_gnu/include -I/scratch/cenapadrjsd/eduardo.garcia2/MONAN-scripts/sdumont/MONAN_src/MONAN-Model_v0.1.0_sdumont.gnu/src/external/SMIOL -I/scratch/app_sequana/netcdf/4.8.1_hdf5-threadsafe-HL_openmpi-4.1.6_gnu/include -I/scratch/app_sequana/pnetcdf/1.12.3_hdf5-threadsafe-HL_openmpi-4.1.6_gnu/include -I.. -I../physics_mmm -I../../../framework -I../../../external/esmf_time_f90
module_cu_gf.mpas.F:3337:24:

 3337 |         DO 100 i=its,itf
      |                        1
Warning: Fortran 2018 deleted feature: Shared DO termination label 100 at (1)
module_cu_gf.mpas.F:3940:24:

 3940 |         DO 100 i=its,itf
      |                        1
Warning: Fortran 2018 deleted feature: Shared DO termination label 100 at (1)
mpif90 -D_MPI -DCORE_ATMOSPHERE -DMPAS_NAMELIST_SUFFIX=atmosphere -DMPAS_EXE_NAME=atmosphere_model -DMPAS_OPENMP -DSINGLE_PRECISION -DMPAS_NATIVE_TIMERS -DMPAS_GIT_VERSION=v0.1.0-dirty -DMPAS_BUILD_TARGET=gfortran -DMPAS_SMIOL_SUPPORT -Dmpas -O3 -ffree-line-length-none -fconvert=big-endian -ffree-form -fopenmp -c module_mp_kessler.F -I/scratch/app_sequana/netcdf/4.8.1_hdf5-threadsafe-HL_openmpi-4.1.6_gnu/include -I/scratch/app_sequana/pnetcdf/1.12.3_hdf5-threadsafe-HL_openmpi-4.1.6_gnu/include -I/scratch/cenapadrjsd/eduardo.garcia2/MONAN-scripts/sdumont/MONAN_src/MONAN-Model_v0.1.0_sdumont.gnu/src/external/SMIOL -I/scratch/app_sequana/netcdf/4.8.1_hdf5-threadsafe-HL_openmpi-4.1.6_gnu/include -I/scratch/app_sequana/pnetcdf/1.12.3_hdf5-threadsafe-HL_openmpi-4.1.6_gnu/include -I.. -I../physics_mmm -I../../../framework -I../../../external/esmf_time_f90
mpif90 -D_MPI -DCORE_ATMOSPHERE -DMPAS_NAMELIST_SUFFIX=atmosphere -DMPAS_EXE_NAME=atmosphere_model -DMPAS_OPENMP -DSINGLE_PRECISION -DMPAS_NATIVE_TIMERS -DMPAS_GIT_VERSION=v0.1.0-dirty -DMPAS_BUILD_TARGET=gfortran -DMPAS_SMIOL_SUPPORT -Dmpas -O3 -ffree-line-length-none -fconvert=big-endian -ffree-form -fopenmp -c module_mp_thompson.F -I/scratch/app_sequana/netcdf/4.8.1_hdf5-threadsafe-HL_openmpi-4.1.6_gnu/include -I/scratch/app_sequana/pnetcdf/1.12.3_hdf5-threadsafe-HL_openmpi-4.1.6_gnu/include -I/scratch/cenapadrjsd/eduardo.garcia2/MONAN-scripts/sdumont/MONAN_src/MONAN-Model_v0.1.0_sdumont.gnu/src/external/SMIOL -I/scratch/app_sequana/netcdf/4.8.1_hdf5-threadsafe-HL_openmpi-4.1.6_gnu/include -I/scratch/app_sequana/pnetcdf/1.12.3_hdf5-threadsafe-HL_openmpi-4.1.6_gnu/include -I.. -I../physics_mmm -I../../../framework -I../../../external/esmf_time_f90
mpif90 -D_MPI -DCORE_ATMOSPHERE -DMPAS_NAMELIST_SUFFIX=atmosphere -DMPAS_EXE_NAME=atmosphere_model -DMPAS_OPENMP -DSINGLE_PRECISION -DMPAS_NATIVE_TIMERS -DMPAS_GIT_VERSION=v0.1.0-dirty -DMPAS_BUILD_TARGET=gfortran -DMPAS_SMIOL_SUPPORT -Dmpas -O3 -ffree-line-length-none -fconvert=big-endian -ffree-form -fopenmp -c module_mp_thompson_cldfra3.F -I/scratch/app_sequana/netcdf/4.8.1_hdf5-threadsafe-HL_openmpi-4.1.6_gnu/include -I/scratch/app_sequana/pnetcdf/1.12.3_hdf5-threadsafe-HL_openmpi-4.1.6_gnu/include -I/scratch/cenapadrjsd/eduardo.garcia2/MONAN-scripts/sdumont/MONAN_src/MONAN-Model_v0.1.0_sdumont.gnu/src/external/SMIOL -I/scratch/app_sequana/netcdf/4.8.1_hdf5-threadsafe-HL_openmpi-4.1.6_gnu/include -I/scratch/app_sequana/pnetcdf/1.12.3_hdf5-threadsafe-HL_openmpi-4.1.6_gnu/include -I.. -I../physics_mmm -I../../../framework -I../../../external/esmf_time_f90
mpif90 -D_MPI -DCORE_ATMOSPHERE -DMPAS_NAMELIST_SUFFIX=atmosphere -DMPAS_EXE_NAME=atmosphere_model -DMPAS_OPENMP -DSINGLE_PRECISION -DMPAS_NATIVE_TIMERS -DMPAS_GIT_VERSION=v0.1.0-dirty -DMPAS_BUILD_TARGET=gfortran -DMPAS_SMIOL_SUPPORT -Dmpas -O3 -ffree-line-length-none -fconvert=big-endian -ffree-form -fopenmp -c module_mp_wsm6.F -I/scratch/app_sequana/netcdf/4.8.1_hdf5-threadsafe-HL_openmpi-4.1.6_gnu/include -I/scratch/app_sequana/pnetcdf/1.12.3_hdf5-threadsafe-HL_openmpi-4.1.6_gnu/include -I/scratch/cenapadrjsd/eduardo.garcia2/MONAN-scripts/sdumont/MONAN_src/MONAN-Model_v0.1.0_sdumont.gnu/src/external/SMIOL -I/scratch/app_sequana/netcdf/4.8.1_hdf5-threadsafe-HL_openmpi-4.1.6_gnu/include -I/scratch/app_sequana/pnetcdf/1.12.3_hdf5-threadsafe-HL_openmpi-4.1.6_gnu/include -I.. -I../physics_mmm -I../../../framework -I../../../external/esmf_time_f90
mpif90 -D_MPI -DCORE_ATMOSPHERE -DMPAS_NAMELIST_SUFFIX=atmosphere -DMPAS_EXE_NAME=atmosphere_model -DMPAS_OPENMP -DSINGLE_PRECISION -DMPAS_NATIVE_TIMERS -DMPAS_GIT_VERSION=v0.1.0-dirty -DMPAS_BUILD_TARGET=gfortran -DMPAS_SMIOL_SUPPORT -Dmpas -O3 -ffree-line-length-none -fconvert=big-endian -ffree-form -fopenmp -c module_ra_cam_support.F -I/scratch/app_sequana/netcdf/4.8.1_hdf5-threadsafe-HL_openmpi-4.1.6_gnu/include -I/scratch/app_sequana/pnetcdf/1.12.3_hdf5-threadsafe-HL_openmpi-4.1.6_gnu/include -I/scratch/cenapadrjsd/eduardo.garcia2/MONAN-scripts/sdumont/MONAN_src/MONAN-Model_v0.1.0_sdumont.gnu/src/external/SMIOL -I/scratch/app_sequana/netcdf/4.8.1_hdf5-threadsafe-HL_openmpi-4.1.6_gnu/include -I/scratch/app_sequana/pnetcdf/1.12.3_hdf5-threadsafe-HL_openmpi-4.1.6_gnu/include -I.. -I../physics_mmm -I../../../framework -I../../../external/esmf_time_f90
mpif90 -D_MPI -DCORE_ATMOSPHERE -DMPAS_NAMELIST_SUFFIX=atmosphere -DMPAS_EXE_NAME=atmosphere_model -DMPAS_OPENMP -DSINGLE_PRECISION -DMPAS_NATIVE_TIMERS -DMPAS_GIT_VERSION=v0.1.0-dirty -DMPAS_BUILD_TARGET=gfortran -DMPAS_SMIOL_SUPPORT -Dmpas -O3 -ffree-line-length-none -fconvert=big-endian -ffree-form -fopenmp -c module_ra_rrtmg_vinterp.F -I/scratch/app_sequana/netcdf/4.8.1_hdf5-threadsafe-HL_openmpi-4.1.6_gnu/include -I/scratch/app_sequana/pnetcdf/1.12.3_hdf5-threadsafe-HL_openmpi-4.1.6_gnu/include -I/scratch/cenapadrjsd/eduardo.garcia2/MONAN-scripts/sdumont/MONAN_src/MONAN-Model_v0.1.0_sdumont.gnu/src/external/SMIOL -I/scratch/app_sequana/netcdf/4.8.1_hdf5-threadsafe-HL_openmpi-4.1.6_gnu/include -I/scratch/app_sequana/pnetcdf/1.12.3_hdf5-threadsafe-HL_openmpi-4.1.6_gnu/include -I.. -I../physics_mmm -I../../../framework -I../../../external/esmf_time_f90
mpif90 -D_MPI -DCORE_ATMOSPHERE -DMPAS_NAMELIST_SUFFIX=atmosphere -DMPAS_EXE_NAME=atmosphere_model -DMPAS_OPENMP -DSINGLE_PRECISION -DMPAS_NATIVE_TIMERS -DMPAS_GIT_VERSION=v0.1.0-dirty -DMPAS_BUILD_TARGET=gfortran -DMPAS_SMIOL_SUPPORT -Dmpas -O3 -ffree-line-length-none -fconvert=big-endian -ffree-form -fopenmp -c module_sf_bem.F -I/scratch/app_sequana/netcdf/4.8.1_hdf5-threadsafe-HL_openmpi-4.1.6_gnu/include -I/scratch/app_sequana/pnetcdf/1.12.3_hdf5-threadsafe-HL_openmpi-4.1.6_gnu/include -I/scratch/cenapadrjsd/eduardo.garcia2/MONAN-scripts/sdumont/MONAN_src/MONAN-Model_v0.1.0_sdumont.gnu/src/external/SMIOL -I/scratch/app_sequana/netcdf/4.8.1_hdf5-threadsafe-HL_openmpi-4.1.6_gnu/include -I/scratch/app_sequana/pnetcdf/1.12.3_hdf5-threadsafe-HL_openmpi-4.1.6_gnu/include -I.. -I../physics_mmm -I../../../framework -I../../../external/esmf_time_f90
mpif90 -D_MPI -DCORE_ATMOSPHERE -DMPAS_NAMELIST_SUFFIX=atmosphere -DMPAS_EXE_NAME=atmosphere_model -DMPAS_OPENMP -DSINGLE_PRECISION -DMPAS_NATIVE_TIMERS -DMPAS_GIT_VERSION=v0.1.0-dirty -DMPAS_BUILD_TARGET=gfortran -DMPAS_SMIOL_SUPPORT -Dmpas -O3 -ffree-line-length-none -fconvert=big-endian -ffree-form -fopenmp -c module_sf_urban.F -I/scratch/app_sequana/netcdf/4.8.1_hdf5-threadsafe-HL_openmpi-4.1.6_gnu/include -I/scratch/app_sequana/pnetcdf/1.12.3_hdf5-threadsafe-HL_openmpi-4.1.6_gnu/include -I/scratch/cenapadrjsd/eduardo.garcia2/MONAN-scripts/sdumont/MONAN_src/MONAN-Model_v0.1.0_sdumont.gnu/src/external/SMIOL -I/scratch/app_sequana/netcdf/4.8.1_hdf5-threadsafe-HL_openmpi-4.1.6_gnu/include -I/scratch/app_sequana/pnetcdf/1.12.3_hdf5-threadsafe-HL_openmpi-4.1.6_gnu/include -I.. -I../physics_mmm -I../../../framework -I../../../external/esmf_time_f90
mpif90 -D_MPI -DCORE_ATMOSPHERE -DMPAS_NAMELIST_SUFFIX=atmosphere -DMPAS_EXE_NAME=atmosphere_model -DMPAS_OPENMP -DSINGLE_PRECISION -DMPAS_NATIVE_TIMERS -DMPAS_GIT_VERSION=v0.1.0-dirty -DMPAS_BUILD_TARGET=gfortran -DMPAS_SMIOL_SUPPORT -Dmpas -O3 -ffree-line-length-none -fconvert=big-endian -ffree-form -fopenmp -c module_sf_sfcdiags.F -I/scratch/app_sequana/netcdf/4.8.1_hdf5-threadsafe-HL_openmpi-4.1.6_gnu/include -I/scratch/app_sequana/pnetcdf/1.12.3_hdf5-threadsafe-HL_openmpi-4.1.6_gnu/include -I/scratch/cenapadrjsd/eduardo.garcia2/MONAN-scripts/sdumont/MONAN_src/MONAN-Model_v0.1.0_sdumont.gnu/src/external/SMIOL -I/scratch/app_sequana/netcdf/4.8.1_hdf5-threadsafe-HL_openmpi-4.1.6_gnu/include -I/scratch/app_sequana/pnetcdf/1.12.3_hdf5-threadsafe-HL_openmpi-4.1.6_gnu/include -I.. -I../physics_mmm -I../../../framework -I../../../external/esmf_time_f90
mpif90 -D_MPI -DCORE_ATMOSPHERE -DMPAS_NAMELIST_SUFFIX=atmosphere -DMPAS_EXE_NAME=atmosphere_model -DMPAS_OPENMP -DSINGLE_PRECISION -DMPAS_NATIVE_TIMERS -DMPAS_GIT_VERSION=v0.1.0-dirty -DMPAS_BUILD_TARGET=gfortran -DMPAS_SMIOL_SUPPORT -Dmpas -O3 -ffree-line-length-none -fconvert=big-endian -ffree-form -fopenmp -c module_sf_sfclay.F -I/scratch/app_sequana/netcdf/4.8.1_hdf5-threadsafe-HL_openmpi-4.1.6_gnu/include -I/scratch/app_sequana/pnetcdf/1.12.3_hdf5-threadsafe-HL_openmpi-4.1.6_gnu/include -I/scratch/cenapadrjsd/eduardo.garcia2/MONAN-scripts/sdumont/MONAN_src/MONAN-Model_v0.1.0_sdumont.gnu/src/external/SMIOL -I/scratch/app_sequana/netcdf/4.8.1_hdf5-threadsafe-HL_openmpi-4.1.6_gnu/include -I/scratch/app_sequana/pnetcdf/1.12.3_hdf5-threadsafe-HL_openmpi-4.1.6_gnu/include -I.. -I../physics_mmm -I../../../framework -I../../../external/esmf_time_f90
mpif90 -D_MPI -DCORE_ATMOSPHERE -DMPAS_NAMELIST_SUFFIX=atmosphere -DMPAS_EXE_NAME=atmosphere_model -DMPAS_OPENMP -DSINGLE_PRECISION -DMPAS_NATIVE_TIMERS -DMPAS_GIT_VERSION=v0.1.0-dirty -DMPAS_BUILD_TARGET=gfortran -DMPAS_SMIOL_SUPPORT -Dmpas -O3 -ffree-line-length-none -fconvert=big-endian -ffree-form -fopenmp -c module_sf_noahlsm.F -I/scratch/app_sequana/netcdf/4.8.1_hdf5-threadsafe-HL_openmpi-4.1.6_gnu/include -I/scratch/app_sequana/pnetcdf/1.12.3_hdf5-threadsafe-HL_openmpi-4.1.6_gnu/include -I/scratch/cenapadrjsd/eduardo.garcia2/MONAN-scripts/sdumont/MONAN_src/MONAN-Model_v0.1.0_sdumont.gnu/src/external/SMIOL -I/scratch/app_sequana/netcdf/4.8.1_hdf5-threadsafe-HL_openmpi-4.1.6_gnu/include -I/scratch/app_sequana/pnetcdf/1.12.3_hdf5-threadsafe-HL_openmpi-4.1.6_gnu/include -I.. -I../physics_mmm -I../../../framework -I../../../external/esmf_time_f90
mpif90 -D_MPI -DCORE_ATMOSPHERE -DMPAS_NAMELIST_SUFFIX=atmosphere -DMPAS_EXE_NAME=atmosphere_model -DMPAS_OPENMP -DSINGLE_PRECISION -DMPAS_NATIVE_TIMERS -DMPAS_GIT_VERSION=v0.1.0-dirty -DMPAS_BUILD_TARGET=gfortran -DMPAS_SMIOL_SUPPORT -Dmpas -O3 -ffree-line-length-none -fconvert=big-endian -ffree-form -fopenmp -c module_sf_oml.F -I/scratch/app_sequana/netcdf/4.8.1_hdf5-threadsafe-HL_openmpi-4.1.6_gnu/include -I/scratch/app_sequana/pnetcdf/1.12.3_hdf5-threadsafe-HL_openmpi-4.1.6_gnu/include -I/scratch/cenapadrjsd/eduardo.garcia2/MONAN-scripts/sdumont/MONAN_src/MONAN-Model_v0.1.0_sdumont.gnu/src/external/SMIOL -I/scratch/app_sequana/netcdf/4.8.1_hdf5-threadsafe-HL_openmpi-4.1.6_gnu/include -I/scratch/app_sequana/pnetcdf/1.12.3_hdf5-threadsafe-HL_openmpi-4.1.6_gnu/include -I.. -I../physics_mmm -I../../../framework -I../../../external/esmf_time_f90
mpif90 -D_MPI -DCORE_ATMOSPHERE -DMPAS_NAMELIST_SUFFIX=atmosphere -DMPAS_EXE_NAME=atmosphere_model -DMPAS_OPENMP -DSINGLE_PRECISION -DMPAS_NATIVE_TIMERS -DMPAS_GIT_VERSION=v0.1.0-dirty -DMPAS_BUILD_TARGET=gfortran -DMPAS_SMIOL_SUPPORT -Dmpas -O3 -ffree-line-length-none -fconvert=big-endian -ffree-form -fopenmp -c module_sf_sfclayrev.F -I/scratch/app_sequana/netcdf/4.8.1_hdf5-threadsafe-HL_openmpi-4.1.6_gnu/include -I/scratch/app_sequana/pnetcdf/1.12.3_hdf5-threadsafe-HL_openmpi-4.1.6_gnu/include -I/scratch/cenapadrjsd/eduardo.garcia2/MONAN-scripts/sdumont/MONAN_src/MONAN-Model_v0.1.0_sdumont.gnu/src/external/SMIOL -I/scratch/app_sequana/netcdf/4.8.1_hdf5-threadsafe-HL_openmpi-4.1.6_gnu/include -I/scratch/app_sequana/pnetcdf/1.12.3_hdf5-threadsafe-HL_openmpi-4.1.6_gnu/include -I.. -I../physics_mmm -I../../../framework -I../../../external/esmf_time_f90
mpif90 -D_MPI -DCORE_ATMOSPHERE -DMPAS_NAMELIST_SUFFIX=atmosphere -DMPAS_EXE_NAME=atmosphere_model -DMPAS_OPENMP -DSINGLE_PRECISION -DMPAS_NATIVE_TIMERS -DMPAS_GIT_VERSION=v0.1.0-dirty -DMPAS_BUILD_TARGET=gfortran -DMPAS_SMIOL_SUPPORT -Dmpas -O3 -ffree-line-length-none -fconvert=big-endian -ffree-form -fopenmp -c module_bl_mynn.F -I/scratch/app_sequana/netcdf/4.8.1_hdf5-threadsafe-HL_openmpi-4.1.6_gnu/include -I/scratch/app_sequana/pnetcdf/1.12.3_hdf5-threadsafe-HL_openmpi-4.1.6_gnu/include -I/scratch/cenapadrjsd/eduardo.garcia2/MONAN-scripts/sdumont/MONAN_src/MONAN-Model_v0.1.0_sdumont.gnu/src/external/SMIOL -I/scratch/app_sequana/netcdf/4.8.1_hdf5-threadsafe-HL_openmpi-4.1.6_gnu/include -I/scratch/app_sequana/pnetcdf/1.12.3_hdf5-threadsafe-HL_openmpi-4.1.6_gnu/include -I.. -I../physics_mmm -I../../../framework -I../../../external/esmf_time_f90
mpif90 -D_MPI -DCORE_ATMOSPHERE -DMPAS_NAMELIST_SUFFIX=atmosphere -DMPAS_EXE_NAME=atmosphere_model -DMPAS_OPENMP -DSINGLE_PRECISION -DMPAS_NATIVE_TIMERS -DMPAS_GIT_VERSION=v0.1.0-dirty -DMPAS_BUILD_TARGET=gfortran -DMPAS_SMIOL_SUPPORT -Dmpas -O3 -ffree-line-length-none -fconvert=big-endian -ffree-form -fopenmp -c module_cam_support.F -I/scratch/app_sequana/netcdf/4.8.1_hdf5-threadsafe-HL_openmpi-4.1.6_gnu/include -I/scratch/app_sequana/pnetcdf/1.12.3_hdf5-threadsafe-HL_openmpi-4.1.6_gnu/include -I/scratch/cenapadrjsd/eduardo.garcia2/MONAN-scripts/sdumont/MONAN_src/MONAN-Model_v0.1.0_sdumont.gnu/src/external/SMIOL -I/scratch/app_sequana/netcdf/4.8.1_hdf5-threadsafe-HL_openmpi-4.1.6_gnu/include -I/scratch/app_sequana/pnetcdf/1.12.3_hdf5-threadsafe-HL_openmpi-4.1.6_gnu/include -I.. -I../physics_mmm -I../../../framework -I../../../external/esmf_time_f90
mpif90 -D_MPI -DCORE_ATMOSPHERE -DMPAS_NAMELIST_SUFFIX=atmosphere -DMPAS_EXE_NAME=atmosphere_model -DMPAS_OPENMP -DSINGLE_PRECISION -DMPAS_NATIVE_TIMERS -DMPAS_GIT_VERSION=v0.1.0-dirty -DMPAS_BUILD_TARGET=gfortran -DMPAS_SMIOL_SUPPORT -Dmpas -O3 -ffree-line-length-none -fconvert=big-endian -ffree-form -fopenmp -c module_ra_rrtmg_lw.F -I/scratch/app_sequana/netcdf/4.8.1_hdf5-threadsafe-HL_openmpi-4.1.6_gnu/include -I/scratch/app_sequana/pnetcdf/1.12.3_hdf5-threadsafe-HL_openmpi-4.1.6_gnu/include -I/scratch/cenapadrjsd/eduardo.garcia2/MONAN-scripts/sdumont/MONAN_src/MONAN-Model_v0.1.0_sdumont.gnu/src/external/SMIOL -I/scratch/app_sequana/netcdf/4.8.1_hdf5-threadsafe-HL_openmpi-4.1.6_gnu/include -I/scratch/app_sequana/pnetcdf/1.12.3_hdf5-threadsafe-HL_openmpi-4.1.6_gnu/include -I.. -I../physics_mmm -I../../../framework -I../../../external/esmf_time_f90
mpif90 -D_MPI -DCORE_ATMOSPHERE -DMPAS_NAMELIST_SUFFIX=atmosphere -DMPAS_EXE_NAME=atmosphere_model -DMPAS_OPENMP -DSINGLE_PRECISION -DMPAS_NATIVE_TIMERS -DMPAS_GIT_VERSION=v0.1.0-dirty -DMPAS_BUILD_TARGET=gfortran -DMPAS_SMIOL_SUPPORT -Dmpas -O3 -ffree-line-length-none -fconvert=big-endian -ffree-form -fopenmp -c module_ra_cam.F -I/scratch/app_sequana/netcdf/4.8.1_hdf5-threadsafe-HL_openmpi-4.1.6_gnu/include -I/scratch/app_sequana/pnetcdf/1.12.3_hdf5-threadsafe-HL_openmpi-4.1.6_gnu/include -I/scratch/cenapadrjsd/eduardo.garcia2/MONAN-scripts/sdumont/MONAN_src/MONAN-Model_v0.1.0_sdumont.gnu/src/external/SMIOL -I/scratch/app_sequana/netcdf/4.8.1_hdf5-threadsafe-HL_openmpi-4.1.6_gnu/include -I/scratch/app_sequana/pnetcdf/1.12.3_hdf5-threadsafe-HL_openmpi-4.1.6_gnu/include -I.. -I../physics_mmm -I../../../framework -I../../../external/esmf_time_f90
mpif90 -D_MPI -DCORE_ATMOSPHERE -DMPAS_NAMELIST_SUFFIX=atmosphere -DMPAS_EXE_NAME=atmosphere_model -DMPAS_OPENMP -DSINGLE_PRECISION -DMPAS_NATIVE_TIMERS -DMPAS_GIT_VERSION=v0.1.0-dirty -DMPAS_BUILD_TARGET=gfortran -DMPAS_SMIOL_SUPPORT -Dmpas -O3 -ffree-line-length-none -fconvert=big-endian -ffree-form -fopenmp -c module_sf_noahlsm_glacial_only.F -I/scratch/app_sequana/netcdf/4.8.1_hdf5-threadsafe-HL_openmpi-4.1.6_gnu/include -I/scratch/app_sequana/pnetcdf/1.12.3_hdf5-threadsafe-HL_openmpi-4.1.6_gnu/include -I/scratch/cenapadrjsd/eduardo.garcia2/MONAN-scripts/sdumont/MONAN_src/MONAN-Model_v0.1.0_sdumont.gnu/src/external/SMIOL -I/scratch/app_sequana/netcdf/4.8.1_hdf5-threadsafe-HL_openmpi-4.1.6_gnu/include -I/scratch/app_sequana/pnetcdf/1.12.3_hdf5-threadsafe-HL_openmpi-4.1.6_gnu/include -I.. -I../physics_mmm -I../../../framework -I../../../external/esmf_time_f90
mpif90 -D_MPI -DCORE_ATMOSPHERE -DMPAS_NAMELIST_SUFFIX=atmosphere -DMPAS_EXE_NAME=atmosphere_model -DMPAS_OPENMP -DSINGLE_PRECISION -DMPAS_NATIVE_TIMERS -DMPAS_GIT_VERSION=v0.1.0-dirty -DMPAS_BUILD_TARGET=gfortran -DMPAS_SMIOL_SUPPORT -Dmpas -O3 -ffree-line-length-none -fconvert=big-endian -ffree-form -fopenmp -c module_sf_noah_seaice.F -I/scratch/app_sequana/netcdf/4.8.1_hdf5-threadsafe-HL_openmpi-4.1.6_gnu/include -I/scratch/app_sequana/pnetcdf/1.12.3_hdf5-threadsafe-HL_openmpi-4.1.6_gnu/include -I/scratch/cenapadrjsd/eduardo.garcia2/MONAN-scripts/sdumont/MONAN_src/MONAN-Model_v0.1.0_sdumont.gnu/src/external/SMIOL -I/scratch/app_sequana/netcdf/4.8.1_hdf5-threadsafe-HL_openmpi-4.1.6_gnu/include -I/scratch/app_sequana/pnetcdf/1.12.3_hdf5-threadsafe-HL_openmpi-4.1.6_gnu/include -I.. -I../physics_mmm -I../../../framework -I../../../external/esmf_time_f90
mpif90 -D_MPI -DCORE_ATMOSPHERE -DMPAS_NAMELIST_SUFFIX=atmosphere -DMPAS_EXE_NAME=atmosphere_model -DMPAS_OPENMP -DSINGLE_PRECISION -DMPAS_NATIVE_TIMERS -DMPAS_GIT_VERSION=v0.1.0-dirty -DMPAS_BUILD_TARGET=gfortran -DMPAS_SMIOL_SUPPORT -Dmpas -O3 -ffree-line-length-none -fconvert=big-endian -ffree-form -fopenmp -c module_sf_noah_seaice_drv.F -I/scratch/app_sequana/netcdf/4.8.1_hdf5-threadsafe-HL_openmpi-4.1.6_gnu/include -I/scratch/app_sequana/pnetcdf/1.12.3_hdf5-threadsafe-HL_openmpi-4.1.6_gnu/include -I/scratch/cenapadrjsd/eduardo.garcia2/MONAN-scripts/sdumont/MONAN_src/MONAN-Model_v0.1.0_sdumont.gnu/src/external/SMIOL -I/scratch/app_sequana/netcdf/4.8.1_hdf5-threadsafe-HL_openmpi-4.1.6_gnu/include -I/scratch/app_sequana/pnetcdf/1.12.3_hdf5-threadsafe-HL_openmpi-4.1.6_gnu/include -I.. -I../physics_mmm -I../../../framework -I../../../external/esmf_time_f90
mpif90 -D_MPI -DCORE_ATMOSPHERE -DMPAS_NAMELIST_SUFFIX=atmosphere -DMPAS_EXE_NAME=atmosphere_model -DMPAS_OPENMP -DSINGLE_PRECISION -DMPAS_NATIVE_TIMERS -DMPAS_GIT_VERSION=v0.1.0-dirty -DMPAS_BUILD_TARGET=gfortran -DMPAS_SMIOL_SUPPORT -Dmpas -O3 -ffree-line-length-none -fconvert=big-endian -ffree-form -fopenmp -c module_sf_bep.F -I/scratch/app_sequana/netcdf/4.8.1_hdf5-threadsafe-HL_openmpi-4.1.6_gnu/include -I/scratch/app_sequana/pnetcdf/1.12.3_hdf5-threadsafe-HL_openmpi-4.1.6_gnu/include -I/scratch/cenapadrjsd/eduardo.garcia2/MONAN-scripts/sdumont/MONAN_src/MONAN-Model_v0.1.0_sdumont.gnu/src/external/SMIOL -I/scratch/app_sequana/netcdf/4.8.1_hdf5-threadsafe-HL_openmpi-4.1.6_gnu/include -I/scratch/app_sequana/pnetcdf/1.12.3_hdf5-threadsafe-HL_openmpi-4.1.6_gnu/include -I.. -I../physics_mmm -I../../../framework -I../../../external/esmf_time_f90
mpif90 -D_MPI -DCORE_ATMOSPHERE -DMPAS_NAMELIST_SUFFIX=atmosphere -DMPAS_EXE_NAME=atmosphere_model -DMPAS_OPENMP -DSINGLE_PRECISION -DMPAS_NATIVE_TIMERS -DMPAS_GIT_VERSION=v0.1.0-dirty -DMPAS_BUILD_TARGET=gfortran -DMPAS_SMIOL_SUPPORT -Dmpas -O3 -ffree-line-length-none -fconvert=big-endian -ffree-form -fopenmp -c module_sf_bep_bem.F -I/scratch/app_sequana/netcdf/4.8.1_hdf5-threadsafe-HL_openmpi-4.1.6_gnu/include -I/scratch/app_sequana/pnetcdf/1.12.3_hdf5-threadsafe-HL_openmpi-4.1.6_gnu/include -I/scratch/cenapadrjsd/eduardo.garcia2/MONAN-scripts/sdumont/MONAN_src/MONAN-Model_v0.1.0_sdumont.gnu/src/external/SMIOL -I/scratch/app_sequana/netcdf/4.8.1_hdf5-threadsafe-HL_openmpi-4.1.6_gnu/include -I/scratch/app_sequana/pnetcdf/1.12.3_hdf5-threadsafe-HL_openmpi-4.1.6_gnu/include -I.. -I../physics_mmm -I../../../framework -I../../../external/esmf_time_f90
mpif90 -D_MPI -DCORE_ATMOSPHERE -DMPAS_NAMELIST_SUFFIX=atmosphere -DMPAS_EXE_NAME=atmosphere_model -DMPAS_OPENMP -DSINGLE_PRECISION -DMPAS_NATIVE_TIMERS -DMPAS_GIT_VERSION=v0.1.0-dirty -DMPAS_BUILD_TARGET=gfortran -DMPAS_SMIOL_SUPPORT -Dmpas -O3 -ffree-line-length-none -fconvert=big-endian -ffree-form -fopenmp -c module_sf_mynn.F -I/scratch/app_sequana/netcdf/4.8.1_hdf5-threadsafe-HL_openmpi-4.1.6_gnu/include -I/scratch/app_sequana/pnetcdf/1.12.3_hdf5-threadsafe-HL_openmpi-4.1.6_gnu/include -I/scratch/cenapadrjsd/eduardo.garcia2/MONAN-scripts/sdumont/MONAN_src/MONAN-Model_v0.1.0_sdumont.gnu/src/external/SMIOL -I/scratch/app_sequana/netcdf/4.8.1_hdf5-threadsafe-HL_openmpi-4.1.6_gnu/include -I/scratch/app_sequana/pnetcdf/1.12.3_hdf5-threadsafe-HL_openmpi-4.1.6_gnu/include -I.. -I../physics_mmm -I../../../framework -I../../../external/esmf_time_f90
mpif90 -D_MPI -DCORE_ATMOSPHERE -DMPAS_NAMELIST_SUFFIX=atmosphere -DMPAS_EXE_NAME=atmosphere_model -DMPAS_OPENMP -DSINGLE_PRECISION -DMPAS_NATIVE_TIMERS -DMPAS_GIT_VERSION=v0.1.0-dirty -DMPAS_BUILD_TARGET=gfortran -DMPAS_SMIOL_SUPPORT -Dmpas -O3 -ffree-line-length-none -fconvert=big-endian -ffree-form -fopenmp -c module_sf_noahdrv.F -I/scratch/app_sequana/netcdf/4.8.1_hdf5-threadsafe-HL_openmpi-4.1.6_gnu/include -I/scratch/app_sequana/pnetcdf/1.12.3_hdf5-threadsafe-HL_openmpi-4.1.6_gnu/include -I/scratch/cenapadrjsd/eduardo.garcia2/MONAN-scripts/sdumont/MONAN_src/MONAN-Model_v0.1.0_sdumont.gnu/src/external/SMIOL -I/scratch/app_sequana/netcdf/4.8.1_hdf5-threadsafe-HL_openmpi-4.1.6_gnu/include -I/scratch/app_sequana/pnetcdf/1.12.3_hdf5-threadsafe-HL_openmpi-4.1.6_gnu/include -I.. -I../physics_mmm -I../../../framework -I../../../external/esmf_time_f90
mpif90 -D_MPI -DCORE_ATMOSPHERE -DMPAS_NAMELIST_SUFFIX=atmosphere -DMPAS_EXE_NAME=atmosphere_model -DMPAS_OPENMP -DSINGLE_PRECISION -DMPAS_NATIVE_TIMERS -DMPAS_GIT_VERSION=v0.1.0-dirty -DMPAS_BUILD_TARGET=gfortran -DMPAS_SMIOL_SUPPORT -Dmpas -O3 -ffree-line-length-none -fconvert=big-endian -ffree-form -fopenmp -c module_ra_rrtmg_sw.F -I/scratch/app_sequana/netcdf/4.8.1_hdf5-threadsafe-HL_openmpi-4.1.6_gnu/include -I/scratch/app_sequana/pnetcdf/1.12.3_hdf5-threadsafe-HL_openmpi-4.1.6_gnu/include -I/scratch/cenapadrjsd/eduardo.garcia2/MONAN-scripts/sdumont/MONAN_src/MONAN-Model_v0.1.0_sdumont.gnu/src/external/SMIOL -I/scratch/app_sequana/netcdf/4.8.1_hdf5-threadsafe-HL_openmpi-4.1.6_gnu/include -I/scratch/app_sequana/pnetcdf/1.12.3_hdf5-threadsafe-HL_openmpi-4.1.6_gnu/include -I.. -I../physics_mmm -I../../../framework -I../../../external/esmf_time_f90
ar -ru ./../libphys.a libmassv.o module_bep_bem_helper.o module_bl_gwdo.o module_bl_mynn.o module_bl_ysu.o module_cam_error_function.o module_cam_shr_kind_mod.o module_cam_support.o module_cu_gf.mpas.o module_cu_tiedtke.o module_cu_ntiedtke.o module_cu_kfeta.o module_mp_kessler.o module_mp_thompson.o module_mp_thompson_cldfra3.o module_mp_wsm6.o module_ra_cam.o module_ra_cam_support.o module_ra_rrtmg_lw.o module_ra_rrtmg_sw.o module_ra_rrtmg_vinterp.o module_sf_bem.o module_sf_bep.o module_sf_bep_bem.o module_sf_sfcdiags.o module_sf_mynn.o module_sf_noahdrv.o module_sf_noahlsm.o module_sf_noahlsm_glacial_only.o module_sf_noah_seaice.o module_sf_noah_seaice_drv.o module_sf_oml.o module_sf_sfclay.o module_sf_sfclayrev.o module_sf_urban.o
make[5]: Leaving directory `/scratch/cenapadrjsd/eduardo.garcia2/MONAN-scripts/sdumont/MONAN_src/MONAN-Model_v0.1.0_sdumont.gnu/src/core_atmosphere/physics/physics_wrf'
(make phys_interface COREDEF="-Dmpas")
make[5]: Entering directory `/scratch/cenapadrjsd/eduardo.garcia2/MONAN-scripts/sdumont/MONAN_src/MONAN-Model_v0.1.0_sdumont.gnu/src/core_atmosphere/physics'
rm -f mpas_atmphys_camrad_init.o mpas_atmphys_camrad_init.mod
rm -f mpas_atmphys_vars.o mpas_atmphys_vars.mod
mpif90 -D_MPI -DCORE_ATMOSPHERE -DMPAS_NAMELIST_SUFFIX=atmosphere -DMPAS_EXE_NAME=atmosphere_model -DMPAS_OPENMP -DSINGLE_PRECISION -DMPAS_NATIVE_TIMERS -DMPAS_GIT_VERSION=v0.1.0-dirty -DMPAS_BUILD_TARGET=gfortran -DMPAS_SMIOL_SUPPORT -Dmpas  -O3 -ffree-line-length-none -fconvert=big-endian -ffree-form -fopenmp -c mpas_atmphys_camrad_init.F -I/scratch/app_sequana/netcdf/4.8.1_hdf5-threadsafe-HL_openmpi-4.1.6_gnu/include -I/scratch/app_sequana/pnetcdf/1.12.3_hdf5-threadsafe-HL_openmpi-4.1.6_gnu/include -I/scratch/cenapadrjsd/eduardo.garcia2/MONAN-scripts/sdumont/MONAN_src/MONAN-Model_v0.1.0_sdumont.gnu/src/external/SMIOL -I/scratch/app_sequana/netcdf/4.8.1_hdf5-threadsafe-HL_openmpi-4.1.6_gnu/include -I/scratch/app_sequana/pnetcdf/1.12.3_hdf5-threadsafe-HL_openmpi-4.1.6_gnu/include -I./physics_mmm -I./physics_wrf -I.. -I../../framework -I../../external/esmf_time_f90
rm -f mpas_atmphys_lsm_noahinit.o mpas_atmphys_lsm_noahinit.mod
mpif90 -D_MPI -DCORE_ATMOSPHERE -DMPAS_NAMELIST_SUFFIX=atmosphere -DMPAS_EXE_NAME=atmosphere_model -DMPAS_OPENMP -DSINGLE_PRECISION -DMPAS_NATIVE_TIMERS -DMPAS_GIT_VERSION=v0.1.0-dirty -DMPAS_BUILD_TARGET=gfortran -DMPAS_SMIOL_SUPPORT -Dmpas  -O3 -ffree-line-length-none -fconvert=big-endian -ffree-form -fopenmp -c mpas_atmphys_vars.F -I/scratch/app_sequana/netcdf/4.8.1_hdf5-threadsafe-HL_openmpi-4.1.6_gnu/include -I/scratch/app_sequana/pnetcdf/1.12.3_hdf5-threadsafe-HL_openmpi-4.1.6_gnu/include -I/scratch/cenapadrjsd/eduardo.garcia2/MONAN-scripts/sdumont/MONAN_src/MONAN-Model_v0.1.0_sdumont.gnu/src/external/SMIOL -I/scratch/app_sequana/netcdf/4.8.1_hdf5-threadsafe-HL_openmpi-4.1.6_gnu/include -I/scratch/app_sequana/pnetcdf/1.12.3_hdf5-threadsafe-HL_openmpi-4.1.6_gnu/include -I./physics_mmm -I./physics_wrf -I.. -I../../framework -I../../external/esmf_time_f90
rm -f mpas_atmphys_o3climatology.o mpas_atmphys_o3climatology.mod
mpif90 -D_MPI -DCORE_ATMOSPHERE -DMPAS_NAMELIST_SUFFIX=atmosphere -DMPAS_EXE_NAME=atmosphere_model -DMPAS_OPENMP -DSINGLE_PRECISION -DMPAS_NATIVE_TIMERS -DMPAS_GIT_VERSION=v0.1.0-dirty -DMPAS_BUILD_TARGET=gfortran -DMPAS_SMIOL_SUPPORT -Dmpas  -O3 -ffree-line-length-none -fconvert=big-endian -ffree-form -fopenmp -c mpas_atmphys_lsm_noahinit.F -I/scratch/app_sequana/netcdf/4.8.1_hdf5-threadsafe-HL_openmpi-4.1.6_gnu/include -I/scratch/app_sequana/pnetcdf/1.12.3_hdf5-threadsafe-HL_openmpi-4.1.6_gnu/include -I/scratch/cenapadrjsd/eduardo.garcia2/MONAN-scripts/sdumont/MONAN_src/MONAN-Model_v0.1.0_sdumont.gnu/src/external/SMIOL -I/scratch/app_sequana/netcdf/4.8.1_hdf5-threadsafe-HL_openmpi-4.1.6_gnu/include -I/scratch/app_sequana/pnetcdf/1.12.3_hdf5-threadsafe-HL_openmpi-4.1.6_gnu/include -I./physics_mmm -I./physics_wrf -I.. -I../../framework -I../../external/esmf_time_f90
rm -f mpas_atmphys_rrtmg_swinit.o mpas_atmphys_rrtmg_swinit.mod
rm -f mpas_atmphys_rrtmg_lwinit.o mpas_atmphys_rrtmg_lwinit.mod
mpif90 -D_MPI -DCORE_ATMOSPHERE -DMPAS_NAMELIST_SUFFIX=atmosphere -DMPAS_EXE_NAME=atmosphere_model -DMPAS_OPENMP -DSINGLE_PRECISION -DMPAS_NATIVE_TIMERS -DMPAS_GIT_VERSION=v0.1.0-dirty -DMPAS_BUILD_TARGET=gfortran -DMPAS_SMIOL_SUPPORT -Dmpas  -O3 -ffree-line-length-none -fconvert=big-endian -ffree-form -fopenmp -c mpas_atmphys_o3climatology.F -I/scratch/app_sequana/netcdf/4.8.1_hdf5-threadsafe-HL_openmpi-4.1.6_gnu/include -I/scratch/app_sequana/pnetcdf/1.12.3_hdf5-threadsafe-HL_openmpi-4.1.6_gnu/include -I/scratch/cenapadrjsd/eduardo.garcia2/MONAN-scripts/sdumont/MONAN_src/MONAN-Model_v0.1.0_sdumont.gnu/src/external/SMIOL -I/scratch/app_sequana/netcdf/4.8.1_hdf5-threadsafe-HL_openmpi-4.1.6_gnu/include -I/scratch/app_sequana/pnetcdf/1.12.3_hdf5-threadsafe-HL_openmpi-4.1.6_gnu/include -I./physics_mmm -I./physics_wrf -I.. -I../../framework -I../../external/esmf_time_f90
mpif90 -D_MPI -DCORE_ATMOSPHERE -DMPAS_NAMELIST_SUFFIX=atmosphere -DMPAS_EXE_NAME=atmosphere_model -DMPAS_OPENMP -DSINGLE_PRECISION -DMPAS_NATIVE_TIMERS -DMPAS_GIT_VERSION=v0.1.0-dirty -DMPAS_BUILD_TARGET=gfortran -DMPAS_SMIOL_SUPPORT -Dmpas  -O3 -ffree-line-length-none -fconvert=big-endian -ffree-form -fopenmp -c mpas_atmphys_rrtmg_swinit.F -I/scratch/app_sequana/netcdf/4.8.1_hdf5-threadsafe-HL_openmpi-4.1.6_gnu/include -I/scratch/app_sequana/pnetcdf/1.12.3_hdf5-threadsafe-HL_openmpi-4.1.6_gnu/include -I/scratch/cenapadrjsd/eduardo.garcia2/MONAN-scripts/sdumont/MONAN_src/MONAN-Model_v0.1.0_sdumont.gnu/src/external/SMIOL -I/scratch/app_sequana/netcdf/4.8.1_hdf5-threadsafe-HL_openmpi-4.1.6_gnu/include -I/scratch/app_sequana/pnetcdf/1.12.3_hdf5-threadsafe-HL_openmpi-4.1.6_gnu/include -I./physics_mmm -I./physics_wrf -I.. -I../../framework -I../../external/esmf_time_f90
rm -f mpas_atmphys_init_microphysics.o mpas_atmphys_init_microphysics.mod
mpif90 -D_MPI -DCORE_ATMOSPHERE -DMPAS_NAMELIST_SUFFIX=atmosphere -DMPAS_EXE_NAME=atmosphere_model -DMPAS_OPENMP -DSINGLE_PRECISION -DMPAS_NATIVE_TIMERS -DMPAS_GIT_VERSION=v0.1.0-dirty -DMPAS_BUILD_TARGET=gfortran -DMPAS_SMIOL_SUPPORT -Dmpas  -O3 -ffree-line-length-none -fconvert=big-endian -ffree-form -fopenmp -c mpas_atmphys_rrtmg_lwinit.F -I/scratch/app_sequana/netcdf/4.8.1_hdf5-threadsafe-HL_openmpi-4.1.6_gnu/include -I/scratch/app_sequana/pnetcdf/1.12.3_hdf5-threadsafe-HL_openmpi-4.1.6_gnu/include -I/scratch/cenapadrjsd/eduardo.garcia2/MONAN-scripts/sdumont/MONAN_src/MONAN-Model_v0.1.0_sdumont.gnu/src/external/SMIOL -I/scratch/app_sequana/netcdf/4.8.1_hdf5-threadsafe-HL_openmpi-4.1.6_gnu/include -I/scratch/app_sequana/pnetcdf/1.12.3_hdf5-threadsafe-HL_openmpi-4.1.6_gnu/include -I./physics_mmm -I./physics_wrf -I.. -I../../framework -I../../external/esmf_time_f90
rm -f mpas_atmphys_finalize.o mpas_atmphys_finalize.mod
mpif90 -D_MPI -DCORE_ATMOSPHERE -DMPAS_NAMELIST_SUFFIX=atmosphere -DMPAS_EXE_NAME=atmosphere_model -DMPAS_OPENMP -DSINGLE_PRECISION -DMPAS_NATIVE_TIMERS -DMPAS_GIT_VERSION=v0.1.0-dirty -DMPAS_BUILD_TARGET=gfortran -DMPAS_SMIOL_SUPPORT -Dmpas  -O3 -ffree-line-length-none -fconvert=big-endian -ffree-form -fopenmp -c mpas_atmphys_init_microphysics.F -I/scratch/app_sequana/netcdf/4.8.1_hdf5-threadsafe-HL_openmpi-4.1.6_gnu/include -I/scratch/app_sequana/pnetcdf/1.12.3_hdf5-threadsafe-HL_openmpi-4.1.6_gnu/include -I/scratch/cenapadrjsd/eduardo.garcia2/MONAN-scripts/sdumont/MONAN_src/MONAN-Model_v0.1.0_sdumont.gnu/src/external/SMIOL -I/scratch/app_sequana/netcdf/4.8.1_hdf5-threadsafe-HL_openmpi-4.1.6_gnu/include -I/scratch/app_sequana/pnetcdf/1.12.3_hdf5-threadsafe-HL_openmpi-4.1.6_gnu/include -I./physics_mmm -I./physics_wrf -I.. -I../../framework -I../../external/esmf_time_f90
mpif90 -D_MPI -DCORE_ATMOSPHERE -DMPAS_NAMELIST_SUFFIX=atmosphere -DMPAS_EXE_NAME=atmosphere_model -DMPAS_OPENMP -DSINGLE_PRECISION -DMPAS_NATIVE_TIMERS -DMPAS_GIT_VERSION=v0.1.0-dirty -DMPAS_BUILD_TARGET=gfortran -DMPAS_SMIOL_SUPPORT -Dmpas  -O3 -ffree-line-length-none -fconvert=big-endian -ffree-form -fopenmp -c mpas_atmphys_finalize.F -I/scratch/app_sequana/netcdf/4.8.1_hdf5-threadsafe-HL_openmpi-4.1.6_gnu/include -I/scratch/app_sequana/pnetcdf/1.12.3_hdf5-threadsafe-HL_openmpi-4.1.6_gnu/include -I/scratch/cenapadrjsd/eduardo.garcia2/MONAN-scripts/sdumont/MONAN_src/MONAN-Model_v0.1.0_sdumont.gnu/src/external/SMIOL -I/scratch/app_sequana/netcdf/4.8.1_hdf5-threadsafe-HL_openmpi-4.1.6_gnu/include -I/scratch/app_sequana/pnetcdf/1.12.3_hdf5-threadsafe-HL_openmpi-4.1.6_gnu/include -I./physics_mmm -I./physics_wrf -I.. -I../../framework -I../../external/esmf_time_f90
rm -f mpas_atmphys_packages.o mpas_atmphys_packages.mod
mpif90 -D_MPI -DCORE_ATMOSPHERE -DMPAS_NAMELIST_SUFFIX=atmosphere -DMPAS_EXE_NAME=atmosphere_model -DMPAS_OPENMP -DSINGLE_PRECISION -DMPAS_NATIVE_TIMERS -DMPAS_GIT_VERSION=v0.1.0-dirty -DMPAS_BUILD_TARGET=gfortran -DMPAS_SMIOL_SUPPORT -Dmpas  -O3 -ffree-line-length-none -fconvert=big-endian -ffree-form -fopenmp -c mpas_atmphys_packages.F -I/scratch/app_sequana/netcdf/4.8.1_hdf5-threadsafe-HL_openmpi-4.1.6_gnu/include -I/scratch/app_sequana/pnetcdf/1.12.3_hdf5-threadsafe-HL_openmpi-4.1.6_gnu/include -I/scratch/cenapadrjsd/eduardo.garcia2/MONAN-scripts/sdumont/MONAN_src/MONAN-Model_v0.1.0_sdumont.gnu/src/external/SMIOL -I/scratch/app_sequana/netcdf/4.8.1_hdf5-threadsafe-HL_openmpi-4.1.6_gnu/include -I/scratch/app_sequana/pnetcdf/1.12.3_hdf5-threadsafe-HL_openmpi-4.1.6_gnu/include -I./physics_mmm -I./physics_wrf -I.. -I../../framework -I../../external/esmf_time_f90
rm -f mpas_atmphys_todynamics.o mpas_atmphys_todynamics.mod
mpif90 -D_MPI -DCORE_ATMOSPHERE -DMPAS_NAMELIST_SUFFIX=atmosphere -DMPAS_EXE_NAME=atmosphere_model -DMPAS_OPENMP -DSINGLE_PRECISION -DMPAS_NATIVE_TIMERS -DMPAS_GIT_VERSION=v0.1.0-dirty -DMPAS_BUILD_TARGET=gfortran -DMPAS_SMIOL_SUPPORT -Dmpas  -O3 -ffree-line-length-none -fconvert=big-endian -ffree-form -fopenmp -c mpas_atmphys_todynamics.F -I/scratch/app_sequana/netcdf/4.8.1_hdf5-threadsafe-HL_openmpi-4.1.6_gnu/include -I/scratch/app_sequana/pnetcdf/1.12.3_hdf5-threadsafe-HL_openmpi-4.1.6_gnu/include -I/scratch/cenapadrjsd/eduardo.garcia2/MONAN-scripts/sdumont/MONAN_src/MONAN-Model_v0.1.0_sdumont.gnu/src/external/SMIOL -I/scratch/app_sequana/netcdf/4.8.1_hdf5-threadsafe-HL_openmpi-4.1.6_gnu/include -I/scratch/app_sequana/pnetcdf/1.12.3_hdf5-threadsafe-HL_openmpi-4.1.6_gnu/include -I./physics_mmm -I./physics_wrf -I.. -I../../framework -I../../external/esmf_time_f90
rm -f mpas_atmphys_control.o mpas_atmphys_control.mod
mpif90 -D_MPI -DCORE_ATMOSPHERE -DMPAS_NAMELIST_SUFFIX=atmosphere -DMPAS_EXE_NAME=atmosphere_model -DMPAS_OPENMP -DSINGLE_PRECISION -DMPAS_NATIVE_TIMERS -DMPAS_GIT_VERSION=v0.1.0-dirty -DMPAS_BUILD_TARGET=gfortran -DMPAS_SMIOL_SUPPORT -Dmpas  -O3 -ffree-line-length-none -fconvert=big-endian -ffree-form -fopenmp -c mpas_atmphys_control.F -I/scratch/app_sequana/netcdf/4.8.1_hdf5-threadsafe-HL_openmpi-4.1.6_gnu/include -I/scratch/app_sequana/pnetcdf/1.12.3_hdf5-threadsafe-HL_openmpi-4.1.6_gnu/include -I/scratch/cenapadrjsd/eduardo.garcia2/MONAN-scripts/sdumont/MONAN_src/MONAN-Model_v0.1.0_sdumont.gnu/src/external/SMIOL -I/scratch/app_sequana/netcdf/4.8.1_hdf5-threadsafe-HL_openmpi-4.1.6_gnu/include -I/scratch/app_sequana/pnetcdf/1.12.3_hdf5-threadsafe-HL_openmpi-4.1.6_gnu/include -I./physics_mmm -I./physics_wrf -I.. -I../../framework -I../../external/esmf_time_f90
rm -f mpas_atmphys_driver_cloudiness.o mpas_atmphys_driver_cloudiness.mod
mpif90 -D_MPI -DCORE_ATMOSPHERE -DMPAS_NAMELIST_SUFFIX=atmosphere -DMPAS_EXE_NAME=atmosphere_model -DMPAS_OPENMP -DSINGLE_PRECISION -DMPAS_NATIVE_TIMERS -DMPAS_GIT_VERSION=v0.1.0-dirty -DMPAS_BUILD_TARGET=gfortran -DMPAS_SMIOL_SUPPORT -Dmpas  -O3 -ffree-line-length-none -fconvert=big-endian -ffree-form -fopenmp -c mpas_atmphys_driver_cloudiness.F -I/scratch/app_sequana/netcdf/4.8.1_hdf5-threadsafe-HL_openmpi-4.1.6_gnu/include -I/scratch/app_sequana/pnetcdf/1.12.3_hdf5-threadsafe-HL_openmpi-4.1.6_gnu/include -I/scratch/cenapadrjsd/eduardo.garcia2/MONAN-scripts/sdumont/MONAN_src/MONAN-Model_v0.1.0_sdumont.gnu/src/external/SMIOL -I/scratch/app_sequana/netcdf/4.8.1_hdf5-threadsafe-HL_openmpi-4.1.6_gnu/include -I/scratch/app_sequana/pnetcdf/1.12.3_hdf5-threadsafe-HL_openmpi-4.1.6_gnu/include -I./physics_mmm -I./physics_wrf -I.. -I../../framework -I../../external/esmf_time_f90
rm -f mpas_atmphys_driver_convection.o mpas_atmphys_driver_convection.mod
mpif90 -D_MPI -DCORE_ATMOSPHERE -DMPAS_NAMELIST_SUFFIX=atmosphere -DMPAS_EXE_NAME=atmosphere_model -DMPAS_OPENMP -DSINGLE_PRECISION -DMPAS_NATIVE_TIMERS -DMPAS_GIT_VERSION=v0.1.0-dirty -DMPAS_BUILD_TARGET=gfortran -DMPAS_SMIOL_SUPPORT -Dmpas  -O3 -ffree-line-length-none -fconvert=big-endian -ffree-form -fopenmp -c mpas_atmphys_driver_convection.F -I/scratch/app_sequana/netcdf/4.8.1_hdf5-threadsafe-HL_openmpi-4.1.6_gnu/include -I/scratch/app_sequana/pnetcdf/1.12.3_hdf5-threadsafe-HL_openmpi-4.1.6_gnu/include -I/scratch/cenapadrjsd/eduardo.garcia2/MONAN-scripts/sdumont/MONAN_src/MONAN-Model_v0.1.0_sdumont.gnu/src/external/SMIOL -I/scratch/app_sequana/netcdf/4.8.1_hdf5-threadsafe-HL_openmpi-4.1.6_gnu/include -I/scratch/app_sequana/pnetcdf/1.12.3_hdf5-threadsafe-HL_openmpi-4.1.6_gnu/include -I./physics_mmm -I./physics_wrf -I.. -I../../framework -I../../external/esmf_time_f90
rm -f mpas_atmphys_driver_gwdo.o mpas_atmphys_driver_gwdo.mod
mpif90 -D_MPI -DCORE_ATMOSPHERE -DMPAS_NAMELIST_SUFFIX=atmosphere -DMPAS_EXE_NAME=atmosphere_model -DMPAS_OPENMP -DSINGLE_PRECISION -DMPAS_NATIVE_TIMERS -DMPAS_GIT_VERSION=v0.1.0-dirty -DMPAS_BUILD_TARGET=gfortran -DMPAS_SMIOL_SUPPORT -Dmpas  -O3 -ffree-line-length-none -fconvert=big-endian -ffree-form -fopenmp -c mpas_atmphys_driver_gwdo.F -I/scratch/app_sequana/netcdf/4.8.1_hdf5-threadsafe-HL_openmpi-4.1.6_gnu/include -I/scratch/app_sequana/pnetcdf/1.12.3_hdf5-threadsafe-HL_openmpi-4.1.6_gnu/include -I/scratch/cenapadrjsd/eduardo.garcia2/MONAN-scripts/sdumont/MONAN_src/MONAN-Model_v0.1.0_sdumont.gnu/src/external/SMIOL -I/scratch/app_sequana/netcdf/4.8.1_hdf5-threadsafe-HL_openmpi-4.1.6_gnu/include -I/scratch/app_sequana/pnetcdf/1.12.3_hdf5-threadsafe-HL_openmpi-4.1.6_gnu/include -I./physics_mmm -I./physics_wrf -I.. -I../../framework -I../../external/esmf_time_f90
rm -f mpas_atmphys_landuse.o mpas_atmphys_landuse.mod
mpif90 -D_MPI -DCORE_ATMOSPHERE -DMPAS_NAMELIST_SUFFIX=atmosphere -DMPAS_EXE_NAME=atmosphere_model -DMPAS_OPENMP -DSINGLE_PRECISION -DMPAS_NATIVE_TIMERS -DMPAS_GIT_VERSION=v0.1.0-dirty -DMPAS_BUILD_TARGET=gfortran -DMPAS_SMIOL_SUPPORT -Dmpas  -O3 -ffree-line-length-none -fconvert=big-endian -ffree-form -fopenmp -c mpas_atmphys_landuse.F -I/scratch/app_sequana/netcdf/4.8.1_hdf5-threadsafe-HL_openmpi-4.1.6_gnu/include -I/scratch/app_sequana/pnetcdf/1.12.3_hdf5-threadsafe-HL_openmpi-4.1.6_gnu/include -I/scratch/cenapadrjsd/eduardo.garcia2/MONAN-scripts/sdumont/MONAN_src/MONAN-Model_v0.1.0_sdumont.gnu/src/external/SMIOL -I/scratch/app_sequana/netcdf/4.8.1_hdf5-threadsafe-HL_openmpi-4.1.6_gnu/include -I/scratch/app_sequana/pnetcdf/1.12.3_hdf5-threadsafe-HL_openmpi-4.1.6_gnu/include -I./physics_mmm -I./physics_wrf -I.. -I../../framework -I../../external/esmf_time_f90
rm -f mpas_atmphys_driver_pbl.o mpas_atmphys_driver_pbl.mod
mpif90 -D_MPI -DCORE_ATMOSPHERE -DMPAS_NAMELIST_SUFFIX=atmosphere -DMPAS_EXE_NAME=atmosphere_model -DMPAS_OPENMP -DSINGLE_PRECISION -DMPAS_NATIVE_TIMERS -DMPAS_GIT_VERSION=v0.1.0-dirty -DMPAS_BUILD_TARGET=gfortran -DMPAS_SMIOL_SUPPORT -Dmpas  -O3 -ffree-line-length-none -fconvert=big-endian -ffree-form -fopenmp -c mpas_atmphys_driver_pbl.F -I/scratch/app_sequana/netcdf/4.8.1_hdf5-threadsafe-HL_openmpi-4.1.6_gnu/include -I/scratch/app_sequana/pnetcdf/1.12.3_hdf5-threadsafe-HL_openmpi-4.1.6_gnu/include -I/scratch/cenapadrjsd/eduardo.garcia2/MONAN-scripts/sdumont/MONAN_src/MONAN-Model_v0.1.0_sdumont.gnu/src/external/SMIOL -I/scratch/app_sequana/netcdf/4.8.1_hdf5-threadsafe-HL_openmpi-4.1.6_gnu/include -I/scratch/app_sequana/pnetcdf/1.12.3_hdf5-threadsafe-HL_openmpi-4.1.6_gnu/include -I./physics_mmm -I./physics_wrf -I.. -I../../framework -I../../external/esmf_time_f90
rm -f mpas_atmphys_update_surface.o mpas_atmphys_update_surface.mod
mpif90 -D_MPI -DCORE_ATMOSPHERE -DMPAS_NAMELIST_SUFFIX=atmosphere -DMPAS_EXE_NAME=atmosphere_model -DMPAS_OPENMP -DSINGLE_PRECISION -DMPAS_NATIVE_TIMERS -DMPAS_GIT_VERSION=v0.1.0-dirty -DMPAS_BUILD_TARGET=gfortran -DMPAS_SMIOL_SUPPORT -Dmpas  -O3 -ffree-line-length-none -fconvert=big-endian -ffree-form -fopenmp -c mpas_atmphys_update_surface.F -I/scratch/app_sequana/netcdf/4.8.1_hdf5-threadsafe-HL_openmpi-4.1.6_gnu/include -I/scratch/app_sequana/pnetcdf/1.12.3_hdf5-threadsafe-HL_openmpi-4.1.6_gnu/include -I/scratch/cenapadrjsd/eduardo.garcia2/MONAN-scripts/sdumont/MONAN_src/MONAN-Model_v0.1.0_sdumont.gnu/src/external/SMIOL -I/scratch/app_sequana/netcdf/4.8.1_hdf5-threadsafe-HL_openmpi-4.1.6_gnu/include -I/scratch/app_sequana/pnetcdf/1.12.3_hdf5-threadsafe-HL_openmpi-4.1.6_gnu/include -I./physics_mmm -I./physics_wrf -I.. -I../../framework -I../../external/esmf_time_f90
rm -f mpas_atmphys_driver_sfclayer.o mpas_atmphys_driver_sfclayer.mod
mpif90 -D_MPI -DCORE_ATMOSPHERE -DMPAS_NAMELIST_SUFFIX=atmosphere -DMPAS_EXE_NAME=atmosphere_model -DMPAS_OPENMP -DSINGLE_PRECISION -DMPAS_NATIVE_TIMERS -DMPAS_GIT_VERSION=v0.1.0-dirty -DMPAS_BUILD_TARGET=gfortran -DMPAS_SMIOL_SUPPORT -Dmpas  -O3 -ffree-line-length-none -fconvert=big-endian -ffree-form -fopenmp -c mpas_atmphys_driver_sfclayer.F -I/scratch/app_sequana/netcdf/4.8.1_hdf5-threadsafe-HL_openmpi-4.1.6_gnu/include -I/scratch/app_sequana/pnetcdf/1.12.3_hdf5-threadsafe-HL_openmpi-4.1.6_gnu/include -I/scratch/cenapadrjsd/eduardo.garcia2/MONAN-scripts/sdumont/MONAN_src/MONAN-Model_v0.1.0_sdumont.gnu/src/external/SMIOL -I/scratch/app_sequana/netcdf/4.8.1_hdf5-threadsafe-HL_openmpi-4.1.6_gnu/include -I/scratch/app_sequana/pnetcdf/1.12.3_hdf5-threadsafe-HL_openmpi-4.1.6_gnu/include -I./physics_mmm -I./physics_wrf -I.. -I../../framework -I../../external/esmf_time_f90
rm -f mpas_atmphys_interface.o mpas_atmphys_interface.mod
mpif90 -D_MPI -DCORE_ATMOSPHERE -DMPAS_NAMELIST_SUFFIX=atmosphere -DMPAS_EXE_NAME=atmosphere_model -DMPAS_OPENMP -DSINGLE_PRECISION -DMPAS_NATIVE_TIMERS -DMPAS_GIT_VERSION=v0.1.0-dirty -DMPAS_BUILD_TARGET=gfortran -DMPAS_SMIOL_SUPPORT -Dmpas  -O3 -ffree-line-length-none -fconvert=big-endian -ffree-form -fopenmp -c mpas_atmphys_interface.F -I/scratch/app_sequana/netcdf/4.8.1_hdf5-threadsafe-HL_openmpi-4.1.6_gnu/include -I/scratch/app_sequana/pnetcdf/1.12.3_hdf5-threadsafe-HL_openmpi-4.1.6_gnu/include -I/scratch/cenapadrjsd/eduardo.garcia2/MONAN-scripts/sdumont/MONAN_src/MONAN-Model_v0.1.0_sdumont.gnu/src/external/SMIOL -I/scratch/app_sequana/netcdf/4.8.1_hdf5-threadsafe-HL_openmpi-4.1.6_gnu/include -I/scratch/app_sequana/pnetcdf/1.12.3_hdf5-threadsafe-HL_openmpi-4.1.6_gnu/include -I./physics_mmm -I./physics_wrf -I.. -I../../framework -I../../external/esmf_time_f90
rm -f mpas_atmphys_driver_lsm.o mpas_atmphys_driver_lsm.mod
mpif90 -D_MPI -DCORE_ATMOSPHERE -DMPAS_NAMELIST_SUFFIX=atmosphere -DMPAS_EXE_NAME=atmosphere_model -DMPAS_OPENMP -DSINGLE_PRECISION -DMPAS_NATIVE_TIMERS -DMPAS_GIT_VERSION=v0.1.0-dirty -DMPAS_BUILD_TARGET=gfortran -DMPAS_SMIOL_SUPPORT -Dmpas  -O3 -ffree-line-length-none -fconvert=big-endian -ffree-form -fopenmp -c mpas_atmphys_driver_lsm.F -I/scratch/app_sequana/netcdf/4.8.1_hdf5-threadsafe-HL_openmpi-4.1.6_gnu/include -I/scratch/app_sequana/pnetcdf/1.12.3_hdf5-threadsafe-HL_openmpi-4.1.6_gnu/include -I/scratch/cenapadrjsd/eduardo.garcia2/MONAN-scripts/sdumont/MONAN_src/MONAN-Model_v0.1.0_sdumont.gnu/src/external/SMIOL -I/scratch/app_sequana/netcdf/4.8.1_hdf5-threadsafe-HL_openmpi-4.1.6_gnu/include -I/scratch/app_sequana/pnetcdf/1.12.3_hdf5-threadsafe-HL_openmpi-4.1.6_gnu/include -I./physics_mmm -I./physics_wrf -I.. -I../../framework -I../../external/esmf_time_f90
rm -f mpas_atmphys_driver_oml.o mpas_atmphys_driver_oml.mod
mpif90 -D_MPI -DCORE_ATMOSPHERE -DMPAS_NAMELIST_SUFFIX=atmosphere -DMPAS_EXE_NAME=atmosphere_model -DMPAS_OPENMP -DSINGLE_PRECISION -DMPAS_NATIVE_TIMERS -DMPAS_GIT_VERSION=v0.1.0-dirty -DMPAS_BUILD_TARGET=gfortran -DMPAS_SMIOL_SUPPORT -Dmpas  -O3 -ffree-line-length-none -fconvert=big-endian -ffree-form -fopenmp -c mpas_atmphys_driver_oml.F -I/scratch/app_sequana/netcdf/4.8.1_hdf5-threadsafe-HL_openmpi-4.1.6_gnu/include -I/scratch/app_sequana/pnetcdf/1.12.3_hdf5-threadsafe-HL_openmpi-4.1.6_gnu/include -I/scratch/cenapadrjsd/eduardo.garcia2/MONAN-scripts/sdumont/MONAN_src/MONAN-Model_v0.1.0_sdumont.gnu/src/external/SMIOL -I/scratch/app_sequana/netcdf/4.8.1_hdf5-threadsafe-HL_openmpi-4.1.6_gnu/include -I/scratch/app_sequana/pnetcdf/1.12.3_hdf5-threadsafe-HL_openmpi-4.1.6_gnu/include -I./physics_mmm -I./physics_wrf -I.. -I../../framework -I../../external/esmf_time_f90
rm -f mpas_atmphys_manager.o mpas_atmphys_manager.mod
mpif90 -D_MPI -DCORE_ATMOSPHERE -DMPAS_NAMELIST_SUFFIX=atmosphere -DMPAS_EXE_NAME=atmosphere_model -DMPAS_OPENMP -DSINGLE_PRECISION -DMPAS_NATIVE_TIMERS -DMPAS_GIT_VERSION=v0.1.0-dirty -DMPAS_BUILD_TARGET=gfortran -DMPAS_SMIOL_SUPPORT -Dmpas  -O3 -ffree-line-length-none -fconvert=big-endian -ffree-form -fopenmp -c mpas_atmphys_manager.F -I/scratch/app_sequana/netcdf/4.8.1_hdf5-threadsafe-HL_openmpi-4.1.6_gnu/include -I/scratch/app_sequana/pnetcdf/1.12.3_hdf5-threadsafe-HL_openmpi-4.1.6_gnu/include -I/scratch/cenapadrjsd/eduardo.garcia2/MONAN-scripts/sdumont/MONAN_src/MONAN-Model_v0.1.0_sdumont.gnu/src/external/SMIOL -I/scratch/app_sequana/netcdf/4.8.1_hdf5-threadsafe-HL_openmpi-4.1.6_gnu/include -I/scratch/app_sequana/pnetcdf/1.12.3_hdf5-threadsafe-HL_openmpi-4.1.6_gnu/include -I./physics_mmm -I./physics_wrf -I.. -I../../framework -I../../external/esmf_time_f90
rm -f mpas_atmphys_driver_radiation_sw.o mpas_atmphys_driver_radiation_sw.mod
mpif90 -D_MPI -DCORE_ATMOSPHERE -DMPAS_NAMELIST_SUFFIX=atmosphere -DMPAS_EXE_NAME=atmosphere_model -DMPAS_OPENMP -DSINGLE_PRECISION -DMPAS_NATIVE_TIMERS -DMPAS_GIT_VERSION=v0.1.0-dirty -DMPAS_BUILD_TARGET=gfortran -DMPAS_SMIOL_SUPPORT -Dmpas  -O3 -ffree-line-length-none -fconvert=big-endian -ffree-form -fopenmp -c mpas_atmphys_driver_radiation_sw.F -I/scratch/app_sequana/netcdf/4.8.1_hdf5-threadsafe-HL_openmpi-4.1.6_gnu/include -I/scratch/app_sequana/pnetcdf/1.12.3_hdf5-threadsafe-HL_openmpi-4.1.6_gnu/include -I/scratch/cenapadrjsd/eduardo.garcia2/MONAN-scripts/sdumont/MONAN_src/MONAN-Model_v0.1.0_sdumont.gnu/src/external/SMIOL -I/scratch/app_sequana/netcdf/4.8.1_hdf5-threadsafe-HL_openmpi-4.1.6_gnu/include -I/scratch/app_sequana/pnetcdf/1.12.3_hdf5-threadsafe-HL_openmpi-4.1.6_gnu/include -I./physics_mmm -I./physics_wrf -I.. -I../../framework -I../../external/esmf_time_f90
rm -f mpas_atmphys_update.o mpas_atmphys_update.mod
mpif90 -D_MPI -DCORE_ATMOSPHERE -DMPAS_NAMELIST_SUFFIX=atmosphere -DMPAS_EXE_NAME=atmosphere_model -DMPAS_OPENMP -DSINGLE_PRECISION -DMPAS_NATIVE_TIMERS -DMPAS_GIT_VERSION=v0.1.0-dirty -DMPAS_BUILD_TARGET=gfortran -DMPAS_SMIOL_SUPPORT -Dmpas  -O3 -ffree-line-length-none -fconvert=big-endian -ffree-form -fopenmp -c mpas_atmphys_update.F -I/scratch/app_sequana/netcdf/4.8.1_hdf5-threadsafe-HL_openmpi-4.1.6_gnu/include -I/scratch/app_sequana/pnetcdf/1.12.3_hdf5-threadsafe-HL_openmpi-4.1.6_gnu/include -I/scratch/cenapadrjsd/eduardo.garcia2/MONAN-scripts/sdumont/MONAN_src/MONAN-Model_v0.1.0_sdumont.gnu/src/external/SMIOL -I/scratch/app_sequana/netcdf/4.8.1_hdf5-threadsafe-HL_openmpi-4.1.6_gnu/include -I/scratch/app_sequana/pnetcdf/1.12.3_hdf5-threadsafe-HL_openmpi-4.1.6_gnu/include -I./physics_mmm -I./physics_wrf -I.. -I../../framework -I../../external/esmf_time_f90
rm -f mpas_atmphys_driver_microphysics.o mpas_atmphys_driver_microphysics.mod
mpif90 -D_MPI -DCORE_ATMOSPHERE -DMPAS_NAMELIST_SUFFIX=atmosphere -DMPAS_EXE_NAME=atmosphere_model -DMPAS_OPENMP -DSINGLE_PRECISION -DMPAS_NATIVE_TIMERS -DMPAS_GIT_VERSION=v0.1.0-dirty -DMPAS_BUILD_TARGET=gfortran -DMPAS_SMIOL_SUPPORT -Dmpas  -O3 -ffree-line-length-none -fconvert=big-endian -ffree-form -fopenmp -c mpas_atmphys_driver_microphysics.F -I/scratch/app_sequana/netcdf/4.8.1_hdf5-threadsafe-HL_openmpi-4.1.6_gnu/include -I/scratch/app_sequana/pnetcdf/1.12.3_hdf5-threadsafe-HL_openmpi-4.1.6_gnu/include -I/scratch/cenapadrjsd/eduardo.garcia2/MONAN-scripts/sdumont/MONAN_src/MONAN-Model_v0.1.0_sdumont.gnu/src/external/SMIOL -I/scratch/app_sequana/netcdf/4.8.1_hdf5-threadsafe-HL_openmpi-4.1.6_gnu/include -I/scratch/app_sequana/pnetcdf/1.12.3_hdf5-threadsafe-HL_openmpi-4.1.6_gnu/include -I./physics_mmm -I./physics_wrf -I.. -I../../framework -I../../external/esmf_time_f90
rm -f mpas_atmphys_driver_radiation_lw.o mpas_atmphys_driver_radiation_lw.mod
mpif90 -D_MPI -DCORE_ATMOSPHERE -DMPAS_NAMELIST_SUFFIX=atmosphere -DMPAS_EXE_NAME=atmosphere_model -DMPAS_OPENMP -DSINGLE_PRECISION -DMPAS_NATIVE_TIMERS -DMPAS_GIT_VERSION=v0.1.0-dirty -DMPAS_BUILD_TARGET=gfortran -DMPAS_SMIOL_SUPPORT -Dmpas  -O3 -ffree-line-length-none -fconvert=big-endian -ffree-form -fopenmp -c mpas_atmphys_driver_radiation_lw.F -I/scratch/app_sequana/netcdf/4.8.1_hdf5-threadsafe-HL_openmpi-4.1.6_gnu/include -I/scratch/app_sequana/pnetcdf/1.12.3_hdf5-threadsafe-HL_openmpi-4.1.6_gnu/include -I/scratch/cenapadrjsd/eduardo.garcia2/MONAN-scripts/sdumont/MONAN_src/MONAN-Model_v0.1.0_sdumont.gnu/src/external/SMIOL -I/scratch/app_sequana/netcdf/4.8.1_hdf5-threadsafe-HL_openmpi-4.1.6_gnu/include -I/scratch/app_sequana/pnetcdf/1.12.3_hdf5-threadsafe-HL_openmpi-4.1.6_gnu/include -I./physics_mmm -I./physics_wrf -I.. -I../../framework -I../../external/esmf_time_f90
rm -f mpas_atmphys_driver.o mpas_atmphys_driver.mod
rm -f mpas_atmphys_init.o mpas_atmphys_init.mod
mpif90 -D_MPI -DCORE_ATMOSPHERE -DMPAS_NAMELIST_SUFFIX=atmosphere -DMPAS_EXE_NAME=atmosphere_model -DMPAS_OPENMP -DSINGLE_PRECISION -DMPAS_NATIVE_TIMERS -DMPAS_GIT_VERSION=v0.1.0-dirty -DMPAS_BUILD_TARGET=gfortran -DMPAS_SMIOL_SUPPORT -Dmpas  -O3 -ffree-line-length-none -fconvert=big-endian -ffree-form -fopenmp -c mpas_atmphys_driver.F -I/scratch/app_sequana/netcdf/4.8.1_hdf5-threadsafe-HL_openmpi-4.1.6_gnu/include -I/scratch/app_sequana/pnetcdf/1.12.3_hdf5-threadsafe-HL_openmpi-4.1.6_gnu/include -I/scratch/cenapadrjsd/eduardo.garcia2/MONAN-scripts/sdumont/MONAN_src/MONAN-Model_v0.1.0_sdumont.gnu/src/external/SMIOL -I/scratch/app_sequana/netcdf/4.8.1_hdf5-threadsafe-HL_openmpi-4.1.6_gnu/include -I/scratch/app_sequana/pnetcdf/1.12.3_hdf5-threadsafe-HL_openmpi-4.1.6_gnu/include -I./physics_mmm -I./physics_wrf -I.. -I../../framework -I../../external/esmf_time_f90
mpif90 -D_MPI -DCORE_ATMOSPHERE -DMPAS_NAMELIST_SUFFIX=atmosphere -DMPAS_EXE_NAME=atmosphere_model -DMPAS_OPENMP -DSINGLE_PRECISION -DMPAS_NATIVE_TIMERS -DMPAS_GIT_VERSION=v0.1.0-dirty -DMPAS_BUILD_TARGET=gfortran -DMPAS_SMIOL_SUPPORT -Dmpas  -O3 -ffree-line-length-none -fconvert=big-endian -ffree-form -fopenmp -c mpas_atmphys_init.F -I/scratch/app_sequana/netcdf/4.8.1_hdf5-threadsafe-HL_openmpi-4.1.6_gnu/include -I/scratch/app_sequana/pnetcdf/1.12.3_hdf5-threadsafe-HL_openmpi-4.1.6_gnu/include -I/scratch/cenapadrjsd/eduardo.garcia2/MONAN-scripts/sdumont/MONAN_src/MONAN-Model_v0.1.0_sdumont.gnu/src/external/SMIOL -I/scratch/app_sequana/netcdf/4.8.1_hdf5-threadsafe-HL_openmpi-4.1.6_gnu/include -I/scratch/app_sequana/pnetcdf/1.12.3_hdf5-threadsafe-HL_openmpi-4.1.6_gnu/include -I./physics_mmm -I./physics_wrf -I.. -I../../framework -I../../external/esmf_time_f90
make[5]: Leaving directory `/scratch/cenapadrjsd/eduardo.garcia2/MONAN-scripts/sdumont/MONAN_src/MONAN-Model_v0.1.0_sdumont.gnu/src/core_atmosphere/physics'
ar -ru libphys.a mpas_atmphys_camrad_init.o mpas_atmphys_control.o mpas_atmphys_driver.o mpas_atmphys_driver_cloudiness.o mpas_atmphys_driver_convection.o mpas_atmphys_driver_gwdo.o mpas_atmphys_driver_lsm.o mpas_atmphys_driver_microphysics.o mpas_atmphys_driver_oml.o mpas_atmphys_driver_pbl.o mpas_atmphys_driver_radiation_lw.o mpas_atmphys_driver_radiation_sw.o mpas_atmphys_driver_sfclayer.o mpas_atmphys_finalize.o mpas_atmphys_init.o mpas_atmphys_init_microphysics.o mpas_atmphys_interface.o mpas_atmphys_landuse.o mpas_atmphys_lsm_noahinit.o mpas_atmphys_manager.o mpas_atmphys_o3climatology.o mpas_atmphys_packages.o mpas_atmphys_rrtmg_lwinit.o mpas_atmphys_rrtmg_swinit.o mpas_atmphys_todynamics.o mpas_atmphys_update_surface.o mpas_atmphys_update.o mpas_atmphys_vars.o
make[4]: Leaving directory `/scratch/cenapadrjsd/eduardo.garcia2/MONAN-scripts/sdumont/MONAN_src/MONAN-Model_v0.1.0_sdumont.gnu/src/core_atmosphere/physics'
( mkdir libphys; cd libphys; ar -x ../physics/libphys.a )
( cd ../..; ln -sf ./src/core_atmosphere/physics/physics_wrf/files/*TBL .)
( cd ../..; ln -sf ./src/core_atmosphere/physics/physics_wrf/files/*DATA* .)
( cd dynamics; make all PHYSICS="-DDO_PHYSICS" )
( cd utils; make all PHYSICS="-DDO_PHYSICS" )
make[4]: Entering directory `/scratch/cenapadrjsd/eduardo.garcia2/MONAN-scripts/sdumont/MONAN_src/MONAN-Model_v0.1.0_sdumont.gnu/src/core_atmosphere/dynamics'
rm -f mpas_atm_boundaries.o mpas_atm_boundaries.mod
rm -f mpas_atm_iau.o mpas_atm_iau.mod
make[4]: Entering directory `/scratch/cenapadrjsd/eduardo.garcia2/MONAN-scripts/sdumont/MONAN_src/MONAN-Model_v0.1.0_sdumont.gnu/src/core_atmosphere/utils'
rm -f atmphys_build_tables_thompson.o atmphys_build_tables_thompson.mod
mpif90 -D_MPI -DCORE_ATMOSPHERE -DMPAS_NAMELIST_SUFFIX=atmosphere -DMPAS_EXE_NAME=atmosphere_model -DMPAS_OPENMP -DSINGLE_PRECISION -DMPAS_NATIVE_TIMERS -DMPAS_GIT_VERSION=v0.1.0-dirty -DMPAS_BUILD_TARGET=gfortran -DMPAS_SMIOL_SUPPORT -DDO_PHYSICS -O3 -ffree-line-length-none -fconvert=big-endian -ffree-form -fopenmp -c mpas_atm_boundaries.F -I/scratch/app_sequana/netcdf/4.8.1_hdf5-threadsafe-HL_openmpi-4.1.6_gnu/include -I/scratch/app_sequana/pnetcdf/1.12.3_hdf5-threadsafe-HL_openmpi-4.1.6_gnu/include -I/scratch/cenapadrjsd/eduardo.garcia2/MONAN-scripts/sdumont/MONAN_src/MONAN-Model_v0.1.0_sdumont.gnu/src/external/SMIOL -I/scratch/app_sequana/netcdf/4.8.1_hdf5-threadsafe-HL_openmpi-4.1.6_gnu/include -I/scratch/app_sequana/pnetcdf/1.12.3_hdf5-threadsafe-HL_openmpi-4.1.6_gnu/include -I.. -I../../framework -I../../operators -I../physics -I../physics/physics_wrf -I../physics/physics_mmm -I../../external/esmf_time_f90
mpif90 -D_MPI -DCORE_ATMOSPHERE -DMPAS_NAMELIST_SUFFIX=atmosphere -DMPAS_EXE_NAME=atmosphere_model -DMPAS_OPENMP -DSINGLE_PRECISION -DMPAS_NATIVE_TIMERS -DMPAS_GIT_VERSION=v0.1.0-dirty -DMPAS_BUILD_TARGET=gfortran -DMPAS_SMIOL_SUPPORT -DDO_PHYSICS -O3 -ffree-line-length-none -fconvert=big-endian -ffree-form -fopenmp -c mpas_atm_iau.F -I/scratch/app_sequana/netcdf/4.8.1_hdf5-threadsafe-HL_openmpi-4.1.6_gnu/include -I/scratch/app_sequana/pnetcdf/1.12.3_hdf5-threadsafe-HL_openmpi-4.1.6_gnu/include -I/scratch/cenapadrjsd/eduardo.garcia2/MONAN-scripts/sdumont/MONAN_src/MONAN-Model_v0.1.0_sdumont.gnu/src/external/SMIOL -I/scratch/app_sequana/netcdf/4.8.1_hdf5-threadsafe-HL_openmpi-4.1.6_gnu/include -I/scratch/app_sequana/pnetcdf/1.12.3_hdf5-threadsafe-HL_openmpi-4.1.6_gnu/include -I.. -I../../framework -I../../operators -I../physics -I../physics/physics_wrf -I../physics/physics_mmm -I../../external/esmf_time_f90
mpif90 -D_MPI -DCORE_ATMOSPHERE -DMPAS_NAMELIST_SUFFIX=atmosphere -DMPAS_EXE_NAME=atmosphere_model -DMPAS_OPENMP -DSINGLE_PRECISION -DMPAS_NATIVE_TIMERS -DMPAS_GIT_VERSION=v0.1.0-dirty -DMPAS_BUILD_TARGET=gfortran -DMPAS_SMIOL_SUPPORT -DDO_PHYSICS -O3 -ffree-line-length-none -fconvert=big-endian -ffree-form -fopenmp -c atmphys_build_tables_thompson.F -I/scratch/app_sequana/netcdf/4.8.1_hdf5-threadsafe-HL_openmpi-4.1.6_gnu/include -I/scratch/app_sequana/pnetcdf/1.12.3_hdf5-threadsafe-HL_openmpi-4.1.6_gnu/include -I/scratch/cenapadrjsd/eduardo.garcia2/MONAN-scripts/sdumont/MONAN_src/MONAN-Model_v0.1.0_sdumont.gnu/src/external/SMIOL -I/scratch/app_sequana/netcdf/4.8.1_hdf5-threadsafe-HL_openmpi-4.1.6_gnu/include -I/scratch/app_sequana/pnetcdf/1.12.3_hdf5-threadsafe-HL_openmpi-4.1.6_gnu/include -I../../framework -I../../operators -I../physics -I../physics/physics_mmm -I../physics/physics_wrf -I../../external/esmf_time_f90
rm -f build_tables.o build_tables.mod
mpif90 -D_MPI -DCORE_ATMOSPHERE -DMPAS_NAMELIST_SUFFIX=atmosphere -DMPAS_EXE_NAME=atmosphere_model -DMPAS_OPENMP -DSINGLE_PRECISION -DMPAS_NATIVE_TIMERS -DMPAS_GIT_VERSION=v0.1.0-dirty -DMPAS_BUILD_TARGET=gfortran -DMPAS_SMIOL_SUPPORT -DDO_PHYSICS -O3 -ffree-line-length-none -fconvert=big-endian -ffree-form -fopenmp -c build_tables.F -I/scratch/app_sequana/netcdf/4.8.1_hdf5-threadsafe-HL_openmpi-4.1.6_gnu/include -I/scratch/app_sequana/pnetcdf/1.12.3_hdf5-threadsafe-HL_openmpi-4.1.6_gnu/include -I/scratch/cenapadrjsd/eduardo.garcia2/MONAN-scripts/sdumont/MONAN_src/MONAN-Model_v0.1.0_sdumont.gnu/src/external/SMIOL -I/scratch/app_sequana/netcdf/4.8.1_hdf5-threadsafe-HL_openmpi-4.1.6_gnu/include -I/scratch/app_sequana/pnetcdf/1.12.3_hdf5-threadsafe-HL_openmpi-4.1.6_gnu/include -I../../framework -I../../operators -I../physics -I../physics/physics_mmm -I../physics/physics_wrf -I../../external/esmf_time_f90
mpif90 -O3 -fopenmp -o build_tables build_tables.o atmphys_build_tables_thompson.o -L../../framework -L../physics -lphys -lframework -L/scratch/cenapadrjsd/eduardo.garcia2/MONAN-scripts/sdumont/MONAN_src/MONAN-Model_v0.1.0_sdumont.gnu/src/external/SMIOL -lsmiolf -lsmiol -L/scratch/app_sequana/netcdf/4.8.1_hdf5-threadsafe-HL_openmpi-4.1.6_gnu/lib -lnetcdff -lnetcdf -L/scratch/app_sequana/pnetcdf/1.12.3_hdf5-threadsafe-HL_openmpi-4.1.6_gnu/lib -lpnetcdf -lstdc++ -L../../external/esmf_time_f90 -lesmf_time
mv build_tables ../../..
make[4]: Leaving directory `/scratch/cenapadrjsd/eduardo.garcia2/MONAN-scripts/sdumont/MONAN_src/MONAN-Model_v0.1.0_sdumont.gnu/src/core_atmosphere/utils'
rm -f mpas_atm_time_integration.o mpas_atm_time_integration.mod
mpif90 -D_MPI -DCORE_ATMOSPHERE -DMPAS_NAMELIST_SUFFIX=atmosphere -DMPAS_EXE_NAME=atmosphere_model -DMPAS_OPENMP -DSINGLE_PRECISION -DMPAS_NATIVE_TIMERS -DMPAS_GIT_VERSION=v0.1.0-dirty -DMPAS_BUILD_TARGET=gfortran -DMPAS_SMIOL_SUPPORT -DDO_PHYSICS -O3 -ffree-line-length-none -fconvert=big-endian -ffree-form -fopenmp -c mpas_atm_time_integration.F -I/scratch/app_sequana/netcdf/4.8.1_hdf5-threadsafe-HL_openmpi-4.1.6_gnu/include -I/scratch/app_sequana/pnetcdf/1.12.3_hdf5-threadsafe-HL_openmpi-4.1.6_gnu/include -I/scratch/cenapadrjsd/eduardo.garcia2/MONAN-scripts/sdumont/MONAN_src/MONAN-Model_v0.1.0_sdumont.gnu/src/external/SMIOL -I/scratch/app_sequana/netcdf/4.8.1_hdf5-threadsafe-HL_openmpi-4.1.6_gnu/include -I/scratch/app_sequana/pnetcdf/1.12.3_hdf5-threadsafe-HL_openmpi-4.1.6_gnu/include -I.. -I../../framework -I../../operators -I../physics -I../physics/physics_wrf -I../physics/physics_mmm -I../../external/esmf_time_f90
make[4]: Leaving directory `/scratch/cenapadrjsd/eduardo.garcia2/MONAN-scripts/sdumont/MONAN_src/MONAN-Model_v0.1.0_sdumont.gnu/src/core_atmosphere/dynamics'
( cd diagnostics; make all PHYSICS="-DDO_PHYSICS" )
make[4]: Entering directory `/scratch/cenapadrjsd/eduardo.garcia2/MONAN-scripts/sdumont/MONAN_src/MONAN-Model_v0.1.0_sdumont.gnu/src/core_atmosphere/diagnostics'
rm -f mpas_atm_diagnostic_template.o mpas_atm_diagnostic_template.mod
rm -f mpas_atm_diagnostics_utils.o mpas_atm_diagnostics_utils.mod
rm -f mpas_soundings.o mpas_soundings.mod
mpif90 -D_MPI -DCORE_ATMOSPHERE -DMPAS_NAMELIST_SUFFIX=atmosphere -DMPAS_EXE_NAME=atmosphere_model -DMPAS_OPENMP -DSINGLE_PRECISION -DMPAS_NATIVE_TIMERS -DMPAS_GIT_VERSION=v0.1.0-dirty -DMPAS_BUILD_TARGET=gfortran -DMPAS_SMIOL_SUPPORT -DDO_PHYSICS -O3 -ffree-line-length-none -fconvert=big-endian -ffree-form -fopenmp -c mpas_atm_diagnostic_template.F -I/scratch/app_sequana/netcdf/4.8.1_hdf5-threadsafe-HL_openmpi-4.1.6_gnu/include -I/scratch/app_sequana/pnetcdf/1.12.3_hdf5-threadsafe-HL_openmpi-4.1.6_gnu/include -I/scratch/cenapadrjsd/eduardo.garcia2/MONAN-scripts/sdumont/MONAN_src/MONAN-Model_v0.1.0_sdumont.gnu/src/external/SMIOL -I/scratch/app_sequana/netcdf/4.8.1_hdf5-threadsafe-HL_openmpi-4.1.6_gnu/include -I/scratch/app_sequana/pnetcdf/1.12.3_hdf5-threadsafe-HL_openmpi-4.1.6_gnu/include -I../../framework -I../../operators -I../dynamics -I../physics -I../physics/physics_wrf -I../../external/esmf_time_f90
mpif90 -D_MPI -DCORE_ATMOSPHERE -DMPAS_NAMELIST_SUFFIX=atmosphere -DMPAS_EXE_NAME=atmosphere_model -DMPAS_OPENMP -DSINGLE_PRECISION -DMPAS_NATIVE_TIMERS -DMPAS_GIT_VERSION=v0.1.0-dirty -DMPAS_BUILD_TARGET=gfortran -DMPAS_SMIOL_SUPPORT -DDO_PHYSICS -O3 -ffree-line-length-none -fconvert=big-endian -ffree-form -fopenmp -c mpas_atm_diagnostics_utils.F -I/scratch/app_sequana/netcdf/4.8.1_hdf5-threadsafe-HL_openmpi-4.1.6_gnu/include -I/scratch/app_sequana/pnetcdf/1.12.3_hdf5-threadsafe-HL_openmpi-4.1.6_gnu/include -I/scratch/cenapadrjsd/eduardo.garcia2/MONAN-scripts/sdumont/MONAN_src/MONAN-Model_v0.1.0_sdumont.gnu/src/external/SMIOL -I/scratch/app_sequana/netcdf/4.8.1_hdf5-threadsafe-HL_openmpi-4.1.6_gnu/include -I/scratch/app_sequana/pnetcdf/1.12.3_hdf5-threadsafe-HL_openmpi-4.1.6_gnu/include -I../../framework -I../../operators -I../dynamics -I../physics -I../physics/physics_wrf -I../../external/esmf_time_f90
mpif90 -D_MPI -DCORE_ATMOSPHERE -DMPAS_NAMELIST_SUFFIX=atmosphere -DMPAS_EXE_NAME=atmosphere_model -DMPAS_OPENMP -DSINGLE_PRECISION -DMPAS_NATIVE_TIMERS -DMPAS_GIT_VERSION=v0.1.0-dirty -DMPAS_BUILD_TARGET=gfortran -DMPAS_SMIOL_SUPPORT -DDO_PHYSICS -O3 -ffree-line-length-none -fconvert=big-endian -ffree-form -fopenmp -c mpas_soundings.F -I/scratch/app_sequana/netcdf/4.8.1_hdf5-threadsafe-HL_openmpi-4.1.6_gnu/include -I/scratch/app_sequana/pnetcdf/1.12.3_hdf5-threadsafe-HL_openmpi-4.1.6_gnu/include -I/scratch/cenapadrjsd/eduardo.garcia2/MONAN-scripts/sdumont/MONAN_src/MONAN-Model_v0.1.0_sdumont.gnu/src/external/SMIOL -I/scratch/app_sequana/netcdf/4.8.1_hdf5-threadsafe-HL_openmpi-4.1.6_gnu/include -I/scratch/app_sequana/pnetcdf/1.12.3_hdf5-threadsafe-HL_openmpi-4.1.6_gnu/include -I../../framework -I../../operators -I../dynamics -I../physics -I../physics/physics_wrf -I../../external/esmf_time_f90
rm -f mpas_isobaric_diagnostics.o mpas_isobaric_diagnostics.mod
rm -f mpas_cloud_diagnostics.o mpas_cloud_diagnostics.mod
rm -f mpas_convective_diagnostics.o mpas_convective_diagnostics.mod
rm -f mpas_pv_diagnostics.o mpas_pv_diagnostics.mod
mpif90 -D_MPI -DCORE_ATMOSPHERE -DMPAS_NAMELIST_SUFFIX=atmosphere -DMPAS_EXE_NAME=atmosphere_model -DMPAS_OPENMP -DSINGLE_PRECISION -DMPAS_NATIVE_TIMERS -DMPAS_GIT_VERSION=v0.1.0-dirty -DMPAS_BUILD_TARGET=gfortran -DMPAS_SMIOL_SUPPORT -DDO_PHYSICS -O3 -ffree-line-length-none -fconvert=big-endian -ffree-form -fopenmp -c mpas_isobaric_diagnostics.F -I/scratch/app_sequana/netcdf/4.8.1_hdf5-threadsafe-HL_openmpi-4.1.6_gnu/include -I/scratch/app_sequana/pnetcdf/1.12.3_hdf5-threadsafe-HL_openmpi-4.1.6_gnu/include -I/scratch/cenapadrjsd/eduardo.garcia2/MONAN-scripts/sdumont/MONAN_src/MONAN-Model_v0.1.0_sdumont.gnu/src/external/SMIOL -I/scratch/app_sequana/netcdf/4.8.1_hdf5-threadsafe-HL_openmpi-4.1.6_gnu/include -I/scratch/app_sequana/pnetcdf/1.12.3_hdf5-threadsafe-HL_openmpi-4.1.6_gnu/include -I../../framework -I../../operators -I../dynamics -I../physics -I../physics/physics_wrf -I../../external/esmf_time_f90
mpif90 -D_MPI -DCORE_ATMOSPHERE -DMPAS_NAMELIST_SUFFIX=atmosphere -DMPAS_EXE_NAME=atmosphere_model -DMPAS_OPENMP -DSINGLE_PRECISION -DMPAS_NATIVE_TIMERS -DMPAS_GIT_VERSION=v0.1.0-dirty -DMPAS_BUILD_TARGET=gfortran -DMPAS_SMIOL_SUPPORT -DDO_PHYSICS -O3 -ffree-line-length-none -fconvert=big-endian -ffree-form -fopenmp -c mpas_cloud_diagnostics.F -I/scratch/app_sequana/netcdf/4.8.1_hdf5-threadsafe-HL_openmpi-4.1.6_gnu/include -I/scratch/app_sequana/pnetcdf/1.12.3_hdf5-threadsafe-HL_openmpi-4.1.6_gnu/include -I/scratch/cenapadrjsd/eduardo.garcia2/MONAN-scripts/sdumont/MONAN_src/MONAN-Model_v0.1.0_sdumont.gnu/src/external/SMIOL -I/scratch/app_sequana/netcdf/4.8.1_hdf5-threadsafe-HL_openmpi-4.1.6_gnu/include -I/scratch/app_sequana/pnetcdf/1.12.3_hdf5-threadsafe-HL_openmpi-4.1.6_gnu/include -I../../framework -I../../operators -I../dynamics -I../physics -I../physics/physics_wrf -I../../external/esmf_time_f90
mpif90 -D_MPI -DCORE_ATMOSPHERE -DMPAS_NAMELIST_SUFFIX=atmosphere -DMPAS_EXE_NAME=atmosphere_model -DMPAS_OPENMP -DSINGLE_PRECISION -DMPAS_NATIVE_TIMERS -DMPAS_GIT_VERSION=v0.1.0-dirty -DMPAS_BUILD_TARGET=gfortran -DMPAS_SMIOL_SUPPORT -DDO_PHYSICS -O3 -ffree-line-length-none -fconvert=big-endian -ffree-form -fopenmp -c mpas_convective_diagnostics.F -I/scratch/app_sequana/netcdf/4.8.1_hdf5-threadsafe-HL_openmpi-4.1.6_gnu/include -I/scratch/app_sequana/pnetcdf/1.12.3_hdf5-threadsafe-HL_openmpi-4.1.6_gnu/include -I/scratch/cenapadrjsd/eduardo.garcia2/MONAN-scripts/sdumont/MONAN_src/MONAN-Model_v0.1.0_sdumont.gnu/src/external/SMIOL -I/scratch/app_sequana/netcdf/4.8.1_hdf5-threadsafe-HL_openmpi-4.1.6_gnu/include -I/scratch/app_sequana/pnetcdf/1.12.3_hdf5-threadsafe-HL_openmpi-4.1.6_gnu/include -I../../framework -I../../operators -I../dynamics -I../physics -I../physics/physics_wrf -I../../external/esmf_time_f90
mpif90 -D_MPI -DCORE_ATMOSPHERE -DMPAS_NAMELIST_SUFFIX=atmosphere -DMPAS_EXE_NAME=atmosphere_model -DMPAS_OPENMP -DSINGLE_PRECISION -DMPAS_NATIVE_TIMERS -DMPAS_GIT_VERSION=v0.1.0-dirty -DMPAS_BUILD_TARGET=gfortran -DMPAS_SMIOL_SUPPORT -DDO_PHYSICS -O3 -ffree-line-length-none -fconvert=big-endian -ffree-form -fopenmp -c mpas_pv_diagnostics.F -I/scratch/app_sequana/netcdf/4.8.1_hdf5-threadsafe-HL_openmpi-4.1.6_gnu/include -I/scratch/app_sequana/pnetcdf/1.12.3_hdf5-threadsafe-HL_openmpi-4.1.6_gnu/include -I/scratch/cenapadrjsd/eduardo.garcia2/MONAN-scripts/sdumont/MONAN_src/MONAN-Model_v0.1.0_sdumont.gnu/src/external/SMIOL -I/scratch/app_sequana/netcdf/4.8.1_hdf5-threadsafe-HL_openmpi-4.1.6_gnu/include -I/scratch/app_sequana/pnetcdf/1.12.3_hdf5-threadsafe-HL_openmpi-4.1.6_gnu/include -I../../framework -I../../operators -I../dynamics -I../physics -I../physics/physics_wrf -I../../external/esmf_time_f90
rm -f mpas_atm_diagnostics_manager.o mpas_atm_diagnostics_manager.mod
mpif90 -D_MPI -DCORE_ATMOSPHERE -DMPAS_NAMELIST_SUFFIX=atmosphere -DMPAS_EXE_NAME=atmosphere_model -DMPAS_OPENMP -DSINGLE_PRECISION -DMPAS_NATIVE_TIMERS -DMPAS_GIT_VERSION=v0.1.0-dirty -DMPAS_BUILD_TARGET=gfortran -DMPAS_SMIOL_SUPPORT -DDO_PHYSICS -O3 -ffree-line-length-none -fconvert=big-endian -ffree-form -fopenmp -c mpas_atm_diagnostics_manager.F -I/scratch/app_sequana/netcdf/4.8.1_hdf5-threadsafe-HL_openmpi-4.1.6_gnu/include -I/scratch/app_sequana/pnetcdf/1.12.3_hdf5-threadsafe-HL_openmpi-4.1.6_gnu/include -I/scratch/cenapadrjsd/eduardo.garcia2/MONAN-scripts/sdumont/MONAN_src/MONAN-Model_v0.1.0_sdumont.gnu/src/external/SMIOL -I/scratch/app_sequana/netcdf/4.8.1_hdf5-threadsafe-HL_openmpi-4.1.6_gnu/include -I/scratch/app_sequana/pnetcdf/1.12.3_hdf5-threadsafe-HL_openmpi-4.1.6_gnu/include -I../../framework -I../../operators -I../dynamics -I../physics -I../physics/physics_wrf -I../../external/esmf_time_f90
make[4]: Leaving directory `/scratch/cenapadrjsd/eduardo.garcia2/MONAN-scripts/sdumont/MONAN_src/MONAN-Model_v0.1.0_sdumont.gnu/src/core_atmosphere/diagnostics'
rm -f mpas_atm_core.o mpas_atm_core.mod
mpif90 -D_MPI -DCORE_ATMOSPHERE -DMPAS_NAMELIST_SUFFIX=atmosphere -DMPAS_EXE_NAME=atmosphere_model -DMPAS_OPENMP -DSINGLE_PRECISION -DMPAS_NATIVE_TIMERS -DMPAS_GIT_VERSION=v0.1.0-dirty -DMPAS_BUILD_TARGET=gfortran -DMPAS_SMIOL_SUPPORT -DDO_PHYSICS -O3 -ffree-line-length-none -fconvert=big-endian -ffree-form -fopenmp -c mpas_atm_core.F -I/scratch/app_sequana/netcdf/4.8.1_hdf5-threadsafe-HL_openmpi-4.1.6_gnu/include -I/scratch/app_sequana/pnetcdf/1.12.3_hdf5-threadsafe-HL_openmpi-4.1.6_gnu/include -I/scratch/cenapadrjsd/eduardo.garcia2/MONAN-scripts/sdumont/MONAN_src/MONAN-Model_v0.1.0_sdumont.gnu/src/external/SMIOL -I/scratch/app_sequana/netcdf/4.8.1_hdf5-threadsafe-HL_openmpi-4.1.6_gnu/include -I/scratch/app_sequana/pnetcdf/1.12.3_hdf5-threadsafe-HL_openmpi-4.1.6_gnu/include -I./inc -I../framework -I../operators -I./physics -I./dynamics -I./diagnostics -I./physics/physics_wrf -I./physics/physics_mmm -I../external/esmf_time_f90
rm -f mpas_atm_core_interface.o mpas_atm_core_interface.mod
mpif90 -D_MPI -DCORE_ATMOSPHERE -DMPAS_NAMELIST_SUFFIX=atmosphere -DMPAS_EXE_NAME=atmosphere_model -DMPAS_OPENMP -DSINGLE_PRECISION -DMPAS_NATIVE_TIMERS -DMPAS_GIT_VERSION=v0.1.0-dirty -DMPAS_BUILD_TARGET=gfortran -DMPAS_SMIOL_SUPPORT -DDO_PHYSICS -O3 -ffree-line-length-none -fconvert=big-endian -ffree-form -fopenmp -c mpas_atm_core_interface.F -I/scratch/app_sequana/netcdf/4.8.1_hdf5-threadsafe-HL_openmpi-4.1.6_gnu/include -I/scratch/app_sequana/pnetcdf/1.12.3_hdf5-threadsafe-HL_openmpi-4.1.6_gnu/include -I/scratch/cenapadrjsd/eduardo.garcia2/MONAN-scripts/sdumont/MONAN_src/MONAN-Model_v0.1.0_sdumont.gnu/src/external/SMIOL -I/scratch/app_sequana/netcdf/4.8.1_hdf5-threadsafe-HL_openmpi-4.1.6_gnu/include -I/scratch/app_sequana/pnetcdf/1.12.3_hdf5-threadsafe-HL_openmpi-4.1.6_gnu/include -I./inc -I../framework -I../operators -I./physics -I./dynamics -I./diagnostics -I./physics/physics_wrf -I./physics/physics_mmm -I../external/esmf_time_f90
ar -ru libdycore.a mpas_atm_core.o mpas_atm_core_interface.o mpas_atm_dimensions.o mpas_atm_threading.o dynamics/*.o libphys/*.o diagnostics/*.o
ar: creating libdycore.a
make[3]: Leaving directory `/scratch/cenapadrjsd/eduardo.garcia2/MONAN-scripts/sdumont/MONAN_src/MONAN-Model_v0.1.0_sdumont.gnu/src/core_atmosphere'
ln -sf core_atmosphere/libdycore.a libdycore.a
( cd driver; make CPPFLAGS="-D_MPI -DCORE_ATMOSPHERE -DMPAS_NAMELIST_SUFFIX=atmosphere -DMPAS_EXE_NAME=atmosphere_model -DMPAS_OPENMP -DSINGLE_PRECISION -DMPAS_NATIVE_TIMERS -DMPAS_GIT_VERSION=v0.1.0-dirty -DMPAS_BUILD_TARGET=gfortran -DMPAS_SMIOL_SUPPORT" CPPINCLUDES="-I/scratch/app_sequana/netcdf/4.8.1_hdf5-threadsafe-HL_openmpi-4.1.6_gnu/include -I/scratch/app_sequana/pnetcdf/1.12.3_hdf5-threadsafe-HL_openmpi-4.1.6_gnu/include" all ) 
make[3]: Entering directory `/scratch/cenapadrjsd/eduardo.garcia2/MONAN-scripts/sdumont/MONAN_src/MONAN-Model_v0.1.0_sdumont.gnu/src/driver'
(make clean)
make[4]: Entering directory `/scratch/cenapadrjsd/eduardo.garcia2/MONAN-scripts/sdumont/MONAN_src/MONAN-Model_v0.1.0_sdumont.gnu/src/driver'
rm -f *.o *.mod *.f90
rm -f *.i
make[4]: Leaving directory `/scratch/cenapadrjsd/eduardo.garcia2/MONAN-scripts/sdumont/MONAN_src/MONAN-Model_v0.1.0_sdumont.gnu/src/driver'
(make driver)
make[4]: Entering directory `/scratch/cenapadrjsd/eduardo.garcia2/MONAN-scripts/sdumont/MONAN_src/MONAN-Model_v0.1.0_sdumont.gnu/src/driver'
rm -f mpas_subdriver.o mpas_subdriver.mod
mpif90 -D_MPI -DCORE_ATMOSPHERE -DMPAS_NAMELIST_SUFFIX=atmosphere -DMPAS_EXE_NAME=atmosphere_model -DMPAS_OPENMP -DSINGLE_PRECISION -DMPAS_NATIVE_TIMERS -DMPAS_GIT_VERSION=v0.1.0-dirty -DMPAS_BUILD_TARGET=gfortran -DMPAS_SMIOL_SUPPORT -O3 -ffree-line-length-none -fconvert=big-endian -ffree-form -fopenmp -c mpas_subdriver.F -I/scratch/app_sequana/netcdf/4.8.1_hdf5-threadsafe-HL_openmpi-4.1.6_gnu/include -I/scratch/app_sequana/pnetcdf/1.12.3_hdf5-threadsafe-HL_openmpi-4.1.6_gnu/include -I/scratch/cenapadrjsd/eduardo.garcia2/MONAN-scripts/sdumont/MONAN_src/MONAN-Model_v0.1.0_sdumont.gnu/src/external/SMIOL -I/scratch/app_sequana/netcdf/4.8.1_hdf5-threadsafe-HL_openmpi-4.1.6_gnu/include -I/scratch/app_sequana/pnetcdf/1.12.3_hdf5-threadsafe-HL_openmpi-4.1.6_gnu/include -I../framework -I../operators -I../core_atmosphere -I../external/esmf_time_f90
rm -f mpas.o mpas.mod
mpif90 -D_MPI -DCORE_ATMOSPHERE -DMPAS_NAMELIST_SUFFIX=atmosphere -DMPAS_EXE_NAME=atmosphere_model -DMPAS_OPENMP -DSINGLE_PRECISION -DMPAS_NATIVE_TIMERS -DMPAS_GIT_VERSION=v0.1.0-dirty -DMPAS_BUILD_TARGET=gfortran -DMPAS_SMIOL_SUPPORT -O3 -ffree-line-length-none -fconvert=big-endian -ffree-form -fopenmp -c mpas.F -I/scratch/app_sequana/netcdf/4.8.1_hdf5-threadsafe-HL_openmpi-4.1.6_gnu/include -I/scratch/app_sequana/pnetcdf/1.12.3_hdf5-threadsafe-HL_openmpi-4.1.6_gnu/include -I/scratch/cenapadrjsd/eduardo.garcia2/MONAN-scripts/sdumont/MONAN_src/MONAN-Model_v0.1.0_sdumont.gnu/src/external/SMIOL -I/scratch/app_sequana/netcdf/4.8.1_hdf5-threadsafe-HL_openmpi-4.1.6_gnu/include -I/scratch/app_sequana/pnetcdf/1.12.3_hdf5-threadsafe-HL_openmpi-4.1.6_gnu/include -I../framework -I../operators -I../core_atmosphere -I../external/esmf_time_f90
make[4]: Leaving directory `/scratch/cenapadrjsd/eduardo.garcia2/MONAN-scripts/sdumont/MONAN_src/MONAN-Model_v0.1.0_sdumont.gnu/src/driver'
make[3]: Leaving directory `/scratch/cenapadrjsd/eduardo.garcia2/MONAN-scripts/sdumont/MONAN_src/MONAN-Model_v0.1.0_sdumont.gnu/src/driver'
mpif90 -O3 -fopenmp -o atmosphere_model driver/*.o -L. -ldycore -lops -lframework -L/scratch/cenapadrjsd/eduardo.garcia2/MONAN-scripts/sdumont/MONAN_src/MONAN-Model_v0.1.0_sdumont.gnu/src/external/SMIOL -lsmiolf -lsmiol -L/scratch/app_sequana/netcdf/4.8.1_hdf5-threadsafe-HL_openmpi-4.1.6_gnu/lib -lnetcdff -lnetcdf -L/scratch/app_sequana/pnetcdf/1.12.3_hdf5-threadsafe-HL_openmpi-4.1.6_gnu/lib -lpnetcdf -lstdc++ -I./external/esmf_time_f90 -L./external/esmf_time_f90 -lesmf_time
make[2]: Leaving directory `/scratch/cenapadrjsd/eduardo.garcia2/MONAN-scripts/sdumont/MONAN_src/MONAN-Model_v0.1.0_sdumont.gnu/src'
if [ -e src/atmosphere_model ]; then mv src/atmosphere_model .; fi
( cd src/core_atmosphere; make ROOT_DIR="/scratch/cenapadrjsd/eduardo.garcia2/MONAN-scripts/sdumont/MONAN_src/MONAN-Model_v0.1.0_sdumont.gnu" post_build )
make[2]: Entering directory `/scratch/cenapadrjsd/eduardo.garcia2/MONAN-scripts/sdumont/MONAN_src/MONAN-Model_v0.1.0_sdumont.gnu/src/core_atmosphere'
if [ ! -e /scratch/cenapadrjsd/eduardo.garcia2/MONAN-scripts/sdumont/MONAN_src/MONAN-Model_v0.1.0_sdumont.gnu/default_inputs ]; then mkdir /scratch/cenapadrjsd/eduardo.garcia2/MONAN-scripts/sdumont/MONAN_src/MONAN-Model_v0.1.0_sdumont.gnu/default_inputs; fi
cp default_inputs/* /scratch/cenapadrjsd/eduardo.garcia2/MONAN-scripts/sdumont/MONAN_src/MONAN-Model_v0.1.0_sdumont.gnu/default_inputs/.
( cd /scratch/cenapadrjsd/eduardo.garcia2/MONAN-scripts/sdumont/MONAN_src/MONAN-Model_v0.1.0_sdumont.gnu/default_inputs; for FILE in `ls -1`; do if [ ! -e ../$FILE ]; then cp $FILE ../.; fi; done )
make[2]: Leaving directory `/scratch/cenapadrjsd/eduardo.garcia2/MONAN-scripts/sdumont/MONAN_src/MONAN-Model_v0.1.0_sdumont.gnu/src/core_atmosphere'
*******************************************************************************
MPAS was built with default single-precision reals.
Debugging is off.
Parallel version is on.
Papi libraries are off.
TAU Hooks are off.
MPAS was built with OpenMP enabled.
MPAS was built without OpenMP-offload GPU support.
MPAS was built without OpenACC accelerator support.
Position-dependent code was generated.
MPAS was built with .F files.
The native timer interface is being used
Using the SMIOL library.
*******************************************************************************
make[1]: Leaving directory `/scratch/cenapadrjsd/eduardo.garcia2/MONAN-scripts/sdumont/MONAN_src/MONAN-Model_v0.1.0_sdumont.gnu'
cd src; make clean RM="rm -f" CORE="atmosphere"
make[1]: Entering directory `/scratch/cenapadrjsd/eduardo.garcia2/MONAN-scripts/sdumont/MONAN_src/MONAN-Model_v0.1.0_sdumont.gnu/src'
rm -f libframework.a libops.a libdycore.a libatmosphere.a *.o
( cd tools; make clean )
make[2]: Entering directory `/scratch/cenapadrjsd/eduardo.garcia2/MONAN-scripts/sdumont/MONAN_src/MONAN-Model_v0.1.0_sdumont.gnu/src/tools'
(cd input_gen; make clean)
make[3]: Entering directory `/scratch/cenapadrjsd/eduardo.garcia2/MONAN-scripts/sdumont/MONAN_src/MONAN-Model_v0.1.0_sdumont.gnu/src/tools/input_gen'
rm -f *.o namelist_gen streams_gen
rm -f *.i
make[3]: Leaving directory `/scratch/cenapadrjsd/eduardo.garcia2/MONAN-scripts/sdumont/MONAN_src/MONAN-Model_v0.1.0_sdumont.gnu/src/tools/input_gen'
(cd registry; make clean)
make[3]: Entering directory `/scratch/cenapadrjsd/eduardo.garcia2/MONAN-scripts/sdumont/MONAN_src/MONAN-Model_v0.1.0_sdumont.gnu/src/tools/registry'
rm -f *.o parse
rm -f *.i
make[3]: Leaving directory `/scratch/cenapadrjsd/eduardo.garcia2/MONAN-scripts/sdumont/MONAN_src/MONAN-Model_v0.1.0_sdumont.gnu/src/tools/registry'
make[2]: Leaving directory `/scratch/cenapadrjsd/eduardo.garcia2/MONAN-scripts/sdumont/MONAN_src/MONAN-Model_v0.1.0_sdumont.gnu/src/tools'
( cd external; make clean )
make[2]: Entering directory `/scratch/cenapadrjsd/eduardo.garcia2/MONAN-scripts/sdumont/MONAN_src/MONAN-Model_v0.1.0_sdumont.gnu/src/external'
( cd esmf_time_f90; make clean )
make[3]: Entering directory `/scratch/cenapadrjsd/eduardo.garcia2/MONAN-scripts/sdumont/MONAN_src/MONAN-Model_v0.1.0_sdumont.gnu/src/external/esmf_time_f90'
rm -rf *.tmp.f90 *.o *.mod *.a
make[3]: Leaving directory `/scratch/cenapadrjsd/eduardo.garcia2/MONAN-scripts/sdumont/MONAN_src/MONAN-Model_v0.1.0_sdumont.gnu/src/external/esmf_time_f90'
( cd ezxml; make clean )
make[3]: Entering directory `/scratch/cenapadrjsd/eduardo.garcia2/MONAN-scripts/sdumont/MONAN_src/MONAN-Model_v0.1.0_sdumont.gnu/src/external/ezxml'
rm -f *.o *.i
make[3]: Leaving directory `/scratch/cenapadrjsd/eduardo.garcia2/MONAN-scripts/sdumont/MONAN_src/MONAN-Model_v0.1.0_sdumont.gnu/src/external/ezxml'
make -C SMIOL clean
make[3]: Entering directory `/scratch/cenapadrjsd/eduardo.garcia2/MONAN-scripts/sdumont/MONAN_src/MONAN-Model_v0.1.0_sdumont.gnu/src/external/SMIOL'
rm -f -f smiol.o smiol_utils.o libsmiol.a
rm -f -f smiolf.o smiolf.mod libsmiolf.a
make[3]: Leaving directory `/scratch/cenapadrjsd/eduardo.garcia2/MONAN-scripts/sdumont/MONAN_src/MONAN-Model_v0.1.0_sdumont.gnu/src/external/SMIOL'
make[2]: Leaving directory `/scratch/cenapadrjsd/eduardo.garcia2/MONAN-scripts/sdumont/MONAN_src/MONAN-Model_v0.1.0_sdumont.gnu/src/external'
( cd framework; make clean )
make[2]: Entering directory `/scratch/cenapadrjsd/eduardo.garcia2/MONAN-scripts/sdumont/MONAN_src/MONAN-Model_v0.1.0_sdumont.gnu/src/framework'
rm -f *.o *.mod *.f90 libframework.a
rm -f *.i
make[2]: Leaving directory `/scratch/cenapadrjsd/eduardo.garcia2/MONAN-scripts/sdumont/MONAN_src/MONAN-Model_v0.1.0_sdumont.gnu/src/framework'
( cd operators; make clean )
make[2]: Entering directory `/scratch/cenapadrjsd/eduardo.garcia2/MONAN-scripts/sdumont/MONAN_src/MONAN-Model_v0.1.0_sdumont.gnu/src/operators'
rm -f *.o *.mod *.f90 libops.a
rm -f *.i
make[2]: Leaving directory `/scratch/cenapadrjsd/eduardo.garcia2/MONAN-scripts/sdumont/MONAN_src/MONAN-Model_v0.1.0_sdumont.gnu/src/operators'
( cd driver; make clean )
make[2]: Entering directory `/scratch/cenapadrjsd/eduardo.garcia2/MONAN-scripts/sdumont/MONAN_src/MONAN-Model_v0.1.0_sdumont.gnu/src/driver'
rm -f *.o *.mod *.f90
rm -f *.i
make[2]: Leaving directory `/scratch/cenapadrjsd/eduardo.garcia2/MONAN-scripts/sdumont/MONAN_src/MONAN-Model_v0.1.0_sdumont.gnu/src/driver'
if [ -d core_atmosphere ] ; then \
   ( cd core_atmosphere; make clean ) \
fi;
make[2]: Entering directory `/scratch/cenapadrjsd/eduardo.garcia2/MONAN-scripts/sdumont/MONAN_src/MONAN-Model_v0.1.0_sdumont.gnu/src/core_atmosphere'
( cd physics; make clean )
make[3]: Entering directory `/scratch/cenapadrjsd/eduardo.garcia2/MONAN-scripts/sdumont/MONAN_src/MONAN-Model_v0.1.0_sdumont.gnu/src/core_atmosphere/physics'
rm -f *.o *.mod *.f90 libphys.a
( cd physics_wrf; make clean )
make[4]: Entering directory `/scratch/cenapadrjsd/eduardo.garcia2/MONAN-scripts/sdumont/MONAN_src/MONAN-Model_v0.1.0_sdumont.gnu/src/core_atmosphere/physics/physics_wrf'
rm -f *.f90 *.o *.mod
rm -f *.i
make[4]: Leaving directory `/scratch/cenapadrjsd/eduardo.garcia2/MONAN-scripts/sdumont/MONAN_src/MONAN-Model_v0.1.0_sdumont.gnu/src/core_atmosphere/physics/physics_wrf'
( cd physics_mmm; make clean )
make[4]: Entering directory `/scratch/cenapadrjsd/eduardo.garcia2/MONAN-scripts/sdumont/MONAN_src/MONAN-Model_v0.1.0_sdumont.gnu/src/core_atmosphere/physics/physics_mmm'
rm -f *.f90 *.o *.mod
rm -f *.i
make[4]: Leaving directory `/scratch/cenapadrjsd/eduardo.garcia2/MONAN-scripts/sdumont/MONAN_src/MONAN-Model_v0.1.0_sdumont.gnu/src/core_atmosphere/physics/physics_mmm'
rm -f *.i
make[3]: Leaving directory `/scratch/cenapadrjsd/eduardo.garcia2/MONAN-scripts/sdumont/MONAN_src/MONAN-Model_v0.1.0_sdumont.gnu/src/core_atmosphere/physics'
( cd dynamics; make clean )
make[3]: Entering directory `/scratch/cenapadrjsd/eduardo.garcia2/MONAN-scripts/sdumont/MONAN_src/MONAN-Model_v0.1.0_sdumont.gnu/src/core_atmosphere/dynamics'
rm -f *.o *.mod *.f90
rm -f *.i
make[3]: Leaving directory `/scratch/cenapadrjsd/eduardo.garcia2/MONAN-scripts/sdumont/MONAN_src/MONAN-Model_v0.1.0_sdumont.gnu/src/core_atmosphere/dynamics'
( cd diagnostics; make clean )
make[3]: Entering directory `/scratch/cenapadrjsd/eduardo.garcia2/MONAN-scripts/sdumont/MONAN_src/MONAN-Model_v0.1.0_sdumont.gnu/src/core_atmosphere/diagnostics'
rm -f *.o *.mod *.f90
rm -f *.i
make[3]: Leaving directory `/scratch/cenapadrjsd/eduardo.garcia2/MONAN-scripts/sdumont/MONAN_src/MONAN-Model_v0.1.0_sdumont.gnu/src/core_atmosphere/diagnostics'
( cd utils; make clean )
make[3]: Entering directory `/scratch/cenapadrjsd/eduardo.garcia2/MONAN-scripts/sdumont/MONAN_src/MONAN-Model_v0.1.0_sdumont.gnu/src/core_atmosphere/utils'
rm -f ../../../build_tables
rm -f *.o *.mod *.f90
rm -f *.i
make[3]: Leaving directory `/scratch/cenapadrjsd/eduardo.garcia2/MONAN-scripts/sdumont/MONAN_src/MONAN-Model_v0.1.0_sdumont.gnu/src/core_atmosphere/utils'
( cd ../..; rm -f *TBL )
( cd ../..; rm -f *DATA* )
rm -f -r libphys
rm -f *.o *.mod *.f90 libdycore.a
rm -f Registry_processed.xml
rm -f *.i
rm -f -r default_inputs
make[2]: Leaving directory `/scratch/cenapadrjsd/eduardo.garcia2/MONAN-scripts/sdumont/MONAN_src/MONAN-Model_v0.1.0_sdumont.gnu/src/core_atmosphere'
make[1]: Leaving directory `/scratch/cenapadrjsd/eduardo.garcia2/MONAN-scripts/sdumont/MONAN_src/MONAN-Model_v0.1.0_sdumont.gnu/src'
rm -f .mpas_core_*
rm -f atmosphere_model
rm -f namelist.atmosphere.defaults
rm -f streams.atmosphere.defaults
cd src; make clean RM="rm -f" CORE="init_atmosphere"
make[1]: Entering directory `/scratch/cenapadrjsd/eduardo.garcia2/MONAN-scripts/sdumont/MONAN_src/MONAN-Model_v0.1.0_sdumont.gnu/src'
rm -f libframework.a libops.a libdycore.a libinit_atmosphere.a *.o
( cd tools; make clean )
make[2]: Entering directory `/scratch/cenapadrjsd/eduardo.garcia2/MONAN-scripts/sdumont/MONAN_src/MONAN-Model_v0.1.0_sdumont.gnu/src/tools'
(cd input_gen; make clean)
make[3]: Entering directory `/scratch/cenapadrjsd/eduardo.garcia2/MONAN-scripts/sdumont/MONAN_src/MONAN-Model_v0.1.0_sdumont.gnu/src/tools/input_gen'
rm -f *.o namelist_gen streams_gen
rm -f *.i
make[3]: Leaving directory `/scratch/cenapadrjsd/eduardo.garcia2/MONAN-scripts/sdumont/MONAN_src/MONAN-Model_v0.1.0_sdumont.gnu/src/tools/input_gen'
(cd registry; make clean)
make[3]: Entering directory `/scratch/cenapadrjsd/eduardo.garcia2/MONAN-scripts/sdumont/MONAN_src/MONAN-Model_v0.1.0_sdumont.gnu/src/tools/registry'
rm -f *.o parse
rm -f *.i
make[3]: Leaving directory `/scratch/cenapadrjsd/eduardo.garcia2/MONAN-scripts/sdumont/MONAN_src/MONAN-Model_v0.1.0_sdumont.gnu/src/tools/registry'
make[2]: Leaving directory `/scratch/cenapadrjsd/eduardo.garcia2/MONAN-scripts/sdumont/MONAN_src/MONAN-Model_v0.1.0_sdumont.gnu/src/tools'
( cd external; make clean )
make[2]: Entering directory `/scratch/cenapadrjsd/eduardo.garcia2/MONAN-scripts/sdumont/MONAN_src/MONAN-Model_v0.1.0_sdumont.gnu/src/external'
( cd esmf_time_f90; make clean )
make[3]: Entering directory `/scratch/cenapadrjsd/eduardo.garcia2/MONAN-scripts/sdumont/MONAN_src/MONAN-Model_v0.1.0_sdumont.gnu/src/external/esmf_time_f90'
rm -rf *.tmp.f90 *.o *.mod *.a
make[3]: Leaving directory `/scratch/cenapadrjsd/eduardo.garcia2/MONAN-scripts/sdumont/MONAN_src/MONAN-Model_v0.1.0_sdumont.gnu/src/external/esmf_time_f90'
( cd ezxml; make clean )
make[3]: Entering directory `/scratch/cenapadrjsd/eduardo.garcia2/MONAN-scripts/sdumont/MONAN_src/MONAN-Model_v0.1.0_sdumont.gnu/src/external/ezxml'
rm -f *.o *.i
make[3]: Leaving directory `/scratch/cenapadrjsd/eduardo.garcia2/MONAN-scripts/sdumont/MONAN_src/MONAN-Model_v0.1.0_sdumont.gnu/src/external/ezxml'
make -C SMIOL clean
make[3]: Entering directory `/scratch/cenapadrjsd/eduardo.garcia2/MONAN-scripts/sdumont/MONAN_src/MONAN-Model_v0.1.0_sdumont.gnu/src/external/SMIOL'
rm -f -f smiol.o smiol_utils.o libsmiol.a
rm -f -f smiolf.o smiolf.mod libsmiolf.a
make[3]: Leaving directory `/scratch/cenapadrjsd/eduardo.garcia2/MONAN-scripts/sdumont/MONAN_src/MONAN-Model_v0.1.0_sdumont.gnu/src/external/SMIOL'
make[2]: Leaving directory `/scratch/cenapadrjsd/eduardo.garcia2/MONAN-scripts/sdumont/MONAN_src/MONAN-Model_v0.1.0_sdumont.gnu/src/external'
( cd framework; make clean )
make[2]: Entering directory `/scratch/cenapadrjsd/eduardo.garcia2/MONAN-scripts/sdumont/MONAN_src/MONAN-Model_v0.1.0_sdumont.gnu/src/framework'
rm -f *.o *.mod *.f90 libframework.a
rm -f *.i
make[2]: Leaving directory `/scratch/cenapadrjsd/eduardo.garcia2/MONAN-scripts/sdumont/MONAN_src/MONAN-Model_v0.1.0_sdumont.gnu/src/framework'
( cd operators; make clean )
make[2]: Entering directory `/scratch/cenapadrjsd/eduardo.garcia2/MONAN-scripts/sdumont/MONAN_src/MONAN-Model_v0.1.0_sdumont.gnu/src/operators'
rm -f *.o *.mod *.f90 libops.a
rm -f *.i
make[2]: Leaving directory `/scratch/cenapadrjsd/eduardo.garcia2/MONAN-scripts/sdumont/MONAN_src/MONAN-Model_v0.1.0_sdumont.gnu/src/operators'
( cd driver; make clean )
make[2]: Entering directory `/scratch/cenapadrjsd/eduardo.garcia2/MONAN-scripts/sdumont/MONAN_src/MONAN-Model_v0.1.0_sdumont.gnu/src/driver'
rm -f *.o *.mod *.f90
rm -f *.i
make[2]: Leaving directory `/scratch/cenapadrjsd/eduardo.garcia2/MONAN-scripts/sdumont/MONAN_src/MONAN-Model_v0.1.0_sdumont.gnu/src/driver'
if [ -d core_init_atmosphere ] ; then \
   ( cd core_init_atmosphere; make clean ) \
fi;
make[2]: Entering directory `/scratch/cenapadrjsd/eduardo.garcia2/MONAN-scripts/sdumont/MONAN_src/MONAN-Model_v0.1.0_sdumont.gnu/src/core_init_atmosphere'
rm -f *.o *.mod *.f90 libdycore.a
rm -f Registry_processed.xml
rm -f *.i
rm -f -r default_inputs
make[2]: Leaving directory `/scratch/cenapadrjsd/eduardo.garcia2/MONAN-scripts/sdumont/MONAN_src/MONAN-Model_v0.1.0_sdumont.gnu/src/core_init_atmosphere'
make[1]: Leaving directory `/scratch/cenapadrjsd/eduardo.garcia2/MONAN-scripts/sdumont/MONAN_src/MONAN-Model_v0.1.0_sdumont.gnu/src'
rm -f .mpas_core_*
rm -f init_atmosphere_model
rm -f namelist.init_atmosphere.defaults
rm -f streams.init_atmosphere.defaults
( make all \
"FC_PARALLEL = mpif90" \
"CC_PARALLEL = mpicc" \
"CXX_PARALLEL = mpicxx" \
"FC_SERIAL = gfortran" \
"CC_SERIAL = gcc" \
"CXX_SERIAL = g++" \
"FFLAGS_PROMOTION = -fdefault-real-8 -fdefault-double-8" \
"FFLAGS_OPT = -O3 -ffree-line-length-none -fconvert=big-endian -ffree-form" \
"CFLAGS_OPT = -O3" \
"CXXFLAGS_OPT = -O3" \
"LDFLAGS_OPT = -O3" \
"FFLAGS_DEBUG = -g -ffree-line-length-none -fconvert=big-endian -ffree-form -fcheck=all -fbacktrace -ffpe-trap=invalid,zero,overflow" \
"CFLAGS_DEBUG = -g" \
"CXXFLAGS_DEBUG = -g" \
"LDFLAGS_DEBUG = -g" \
"FFLAGS_OMP = -fopenmp" \
"CFLAGS_OMP = -fopenmp" \
"FFLAGS_ACC =" \
"CFLAGS_ACC =" \
"PICFLAG = -fPIC" \
"BUILD_TARGET = gfortran" \
"CORE = init_atmosphere" \
"DEBUG = " \
"USE_PAPI = " \
"OPENMP = true" \
"OPENACC = " \
"CPPFLAGS =  -D_MPI" )
make[1]: Entering directory `/scratch/cenapadrjsd/eduardo.garcia2/MONAN-scripts/sdumont/MONAN_src/MONAN-Model_v0.1.0_sdumont.gnu'
Testing compiler for OpenMP support
cd src; make FC="mpif90" \
                 CC="mpicc" \
                 CXX="mpicxx" \
                 SFC="gfortran" \
                 SCC="gcc" \
                 LINKER="mpif90" \
                 CFLAGS="-O3 -fopenmp "-DSINGLE_PRECISION"" \
                 CXXFLAGS="-O3 -fopenmp "-DSINGLE_PRECISION"" \
                 FFLAGS="-O3 -ffree-line-length-none -fconvert=big-endian -ffree-form -fopenmp" \
                 LDFLAGS="-O3 -fopenmp" \
                 RM="rm -f" \
                 CPP="cpp -P -traditional" \
                 CPPFLAGS="-D_MPI -DCORE_INIT_ATMOSPHERE -DMPAS_NAMELIST_SUFFIX=init_atmosphere -DMPAS_EXE_NAME=init_atmosphere_model "-DMPAS_OPENMP" "-DSINGLE_PRECISION" -DMPAS_NATIVE_TIMERS -DMPAS_GIT_VERSION=v0.1.0-dirty -DMPAS_BUILD_TARGET=gfortran "-DMPAS_SMIOL_SUPPORT"" \
                 LIBS=" -L/scratch/cenapadrjsd/eduardo.garcia2/MONAN-scripts/sdumont/MONAN_src/MONAN-Model_v0.1.0_sdumont.gnu/src/external/SMIOL -lsmiolf -lsmiol -L/scratch/app_sequana/netcdf/4.8.1_hdf5-threadsafe-HL_openmpi-4.1.6_gnu/lib -lnetcdff -lnetcdf -L/scratch/app_sequana/pnetcdf/1.12.3_hdf5-threadsafe-HL_openmpi-4.1.6_gnu/lib -lpnetcdf -lstdc++" \
                 CPPINCLUDES=" -I/scratch/app_sequana/netcdf/4.8.1_hdf5-threadsafe-HL_openmpi-4.1.6_gnu/include -I/scratch/app_sequana/pnetcdf/1.12.3_hdf5-threadsafe-HL_openmpi-4.1.6_gnu/include" \
                 FCINCLUDES=" -I/scratch/cenapadrjsd/eduardo.garcia2/MONAN-scripts/sdumont/MONAN_src/MONAN-Model_v0.1.0_sdumont.gnu/src/external/SMIOL -I/scratch/app_sequana/netcdf/4.8.1_hdf5-threadsafe-HL_openmpi-4.1.6_gnu/include -I/scratch/app_sequana/pnetcdf/1.12.3_hdf5-threadsafe-HL_openmpi-4.1.6_gnu/include" \
                 CORE="init_atmosphere"\
                 AUTOCLEAN="false" \
                 GEN_F90="false" \
                 NAMELIST_SUFFIX="init_atmosphere" \
                 EXE_NAME="init_atmosphere_model"
make[2]: Entering directory `/scratch/cenapadrjsd/eduardo.garcia2/MONAN-scripts/sdumont/MONAN_src/MONAN-Model_v0.1.0_sdumont.gnu/src'
( cd external; make FC="mpif90" SFC="gfortran" CC="mpicc" SCC="gcc" FFLAGS="-O3 -ffree-line-length-none -fconvert=big-endian -ffree-form -fopenmp" CFLAGS="-O3 -fopenmp -DSINGLE_PRECISION" CPP="cpp -P -traditional" NETCDF="/scratch/app_sequana/netcdf/4.8.1_hdf5-threadsafe-HL_openmpi-4.1.6_gnu" CORE="init_atmosphere" all )
make[3]: Entering directory `/scratch/cenapadrjsd/eduardo.garcia2/MONAN-scripts/sdumont/MONAN_src/MONAN-Model_v0.1.0_sdumont.gnu/src/external'
( cd esmf_time_f90; make FC="mpif90" FFLAGS="-O3 -ffree-line-length-none -fconvert=big-endian -ffree-form -fopenmp" CPP="cpp -P -traditional" CPPFLAGS="-D_MPI -DCORE_INIT_ATMOSPHERE -DMPAS_NAMELIST_SUFFIX=init_atmosphere -DMPAS_EXE_NAME=init_atmosphere_model -DMPAS_OPENMP -DSINGLE_PRECISION -DMPAS_NATIVE_TIMERS -DMPAS_GIT_VERSION=v0.1.0-dirty -DMPAS_BUILD_TARGET=gfortran -DMPAS_SMIOL_SUPPORT -DHIDE_MPI" GEN_F90=false )
( cd ezxml; make OBJFILE="ezxml.o" )
make -C SMIOL
make[4]: Entering directory `/scratch/cenapadrjsd/eduardo.garcia2/MONAN-scripts/sdumont/MONAN_src/MONAN-Model_v0.1.0_sdumont.gnu/src/external/SMIOL'
mpicc -I/scratch/app_sequana/netcdf/4.8.1_hdf5-threadsafe-HL_openmpi-4.1.6_gnu/include -I/scratch/app_sequana/pnetcdf/1.12.3_hdf5-threadsafe-HL_openmpi-4.1.6_gnu/include -DSMIOL_PNETCDF -O3 -fopenmp -DSINGLE_PRECISION -c smiol.c
mpicc -I/scratch/app_sequana/netcdf/4.8.1_hdf5-threadsafe-HL_openmpi-4.1.6_gnu/include -I/scratch/app_sequana/pnetcdf/1.12.3_hdf5-threadsafe-HL_openmpi-4.1.6_gnu/include -DSMIOL_PNETCDF -O3 -fopenmp -DSINGLE_PRECISION -c smiol_utils.c
mpif90 -I/scratch/app_sequana/netcdf/4.8.1_hdf5-threadsafe-HL_openmpi-4.1.6_gnu/include -I/scratch/app_sequana/pnetcdf/1.12.3_hdf5-threadsafe-HL_openmpi-4.1.6_gnu/include -DSMIOL_PNETCDF -O3 -ffree-line-length-none -fconvert=big-endian -ffree-form -fopenmp -c smiolf.F90
make[4]: Entering directory `/scratch/cenapadrjsd/eduardo.garcia2/MONAN-scripts/sdumont/MONAN_src/MONAN-Model_v0.1.0_sdumont.gnu/src/external/esmf_time_f90'
rm -f ESMF_BaseMod.o ESMF_BaseMod.mod
make[4]: Entering directory `/scratch/cenapadrjsd/eduardo.garcia2/MONAN-scripts/sdumont/MONAN_src/MONAN-Model_v0.1.0_sdumont.gnu/src/external/ezxml'
mpicc -O3 -fopenmp -DSINGLE_PRECISION -D_MPI -DCORE_INIT_ATMOSPHERE -DMPAS_NAMELIST_SUFFIX=init_atmosphere -DMPAS_EXE_NAME=init_atmosphere_model -DMPAS_OPENMP -DSINGLE_PRECISION -DMPAS_NATIVE_TIMERS -DMPAS_GIT_VERSION=v0.1.0-dirty -DMPAS_BUILD_TARGET=gfortran -DMPAS_SMIOL_SUPPORT -c ezxml.c -o ezxml.o
rm -f ESMF_FractionMod.o ESMF_FractionMod.mod
mpif90 -D_MPI -DCORE_INIT_ATMOSPHERE -DMPAS_NAMELIST_SUFFIX=init_atmosphere -DMPAS_EXE_NAME=init_atmosphere_model -DMPAS_OPENMP -DSINGLE_PRECISION -DMPAS_NATIVE_TIMERS -DMPAS_GIT_VERSION=v0.1.0-dirty -DMPAS_BUILD_TARGET=gfortran -DMPAS_SMIOL_SUPPORT -DHIDE_MPI -O3 -ffree-line-length-none -fconvert=big-endian -ffree-form -fopenmp -c ESMF_BaseMod.F90 -I/scratch/app_sequana/netcdf/4.8.1_hdf5-threadsafe-HL_openmpi-4.1.6_gnu/include -I/scratch/app_sequana/pnetcdf/1.12.3_hdf5-threadsafe-HL_openmpi-4.1.6_gnu/include -I/scratch/cenapadrjsd/eduardo.garcia2/MONAN-scripts/sdumont/MONAN_src/MONAN-Model_v0.1.0_sdumont.gnu/src/external/SMIOL -I/scratch/app_sequana/netcdf/4.8.1_hdf5-threadsafe-HL_openmpi-4.1.6_gnu/include -I/scratch/app_sequana/pnetcdf/1.12.3_hdf5-threadsafe-HL_openmpi-4.1.6_gnu/include -I.
mpif90 -D_MPI -DCORE_INIT_ATMOSPHERE -DMPAS_NAMELIST_SUFFIX=init_atmosphere -DMPAS_EXE_NAME=init_atmosphere_model -DMPAS_OPENMP -DSINGLE_PRECISION -DMPAS_NATIVE_TIMERS -DMPAS_GIT_VERSION=v0.1.0-dirty -DMPAS_BUILD_TARGET=gfortran -DMPAS_SMIOL_SUPPORT -DHIDE_MPI -O3 -ffree-line-length-none -fconvert=big-endian -ffree-form -fopenmp -c ESMF_FractionMod.F90 -I/scratch/app_sequana/netcdf/4.8.1_hdf5-threadsafe-HL_openmpi-4.1.6_gnu/include -I/scratch/app_sequana/pnetcdf/1.12.3_hdf5-threadsafe-HL_openmpi-4.1.6_gnu/include -I/scratch/cenapadrjsd/eduardo.garcia2/MONAN-scripts/sdumont/MONAN_src/MONAN-Model_v0.1.0_sdumont.gnu/src/external/SMIOL -I/scratch/app_sequana/netcdf/4.8.1_hdf5-threadsafe-HL_openmpi-4.1.6_gnu/include -I/scratch/app_sequana/pnetcdf/1.12.3_hdf5-threadsafe-HL_openmpi-4.1.6_gnu/include -I.
rm -f wrf_error_fatal.o wrf_error_fatal.mod
rm -f wrf_message.o wrf_message.mod
mpif90 -D_MPI -DCORE_INIT_ATMOSPHERE -DMPAS_NAMELIST_SUFFIX=init_atmosphere -DMPAS_EXE_NAME=init_atmosphere_model -DMPAS_OPENMP -DSINGLE_PRECISION -DMPAS_NATIVE_TIMERS -DMPAS_GIT_VERSION=v0.1.0-dirty -DMPAS_BUILD_TARGET=gfortran -DMPAS_SMIOL_SUPPORT -DHIDE_MPI -O3 -ffree-line-length-none -fconvert=big-endian -ffree-form -fopenmp -c wrf_error_fatal.F90 -I/scratch/app_sequana/netcdf/4.8.1_hdf5-threadsafe-HL_openmpi-4.1.6_gnu/include -I/scratch/app_sequana/pnetcdf/1.12.3_hdf5-threadsafe-HL_openmpi-4.1.6_gnu/include -I/scratch/cenapadrjsd/eduardo.garcia2/MONAN-scripts/sdumont/MONAN_src/MONAN-Model_v0.1.0_sdumont.gnu/src/external/SMIOL -I/scratch/app_sequana/netcdf/4.8.1_hdf5-threadsafe-HL_openmpi-4.1.6_gnu/include -I/scratch/app_sequana/pnetcdf/1.12.3_hdf5-threadsafe-HL_openmpi-4.1.6_gnu/include -I.
mpif90 -D_MPI -DCORE_INIT_ATMOSPHERE -DMPAS_NAMELIST_SUFFIX=init_atmosphere -DMPAS_EXE_NAME=init_atmosphere_model -DMPAS_OPENMP -DSINGLE_PRECISION -DMPAS_NATIVE_TIMERS -DMPAS_GIT_VERSION=v0.1.0-dirty -DMPAS_BUILD_TARGET=gfortran -DMPAS_SMIOL_SUPPORT -DHIDE_MPI -O3 -ffree-line-length-none -fconvert=big-endian -ffree-form -fopenmp -c wrf_message.F90 -I/scratch/app_sequana/netcdf/4.8.1_hdf5-threadsafe-HL_openmpi-4.1.6_gnu/include -I/scratch/app_sequana/pnetcdf/1.12.3_hdf5-threadsafe-HL_openmpi-4.1.6_gnu/include -I/scratch/cenapadrjsd/eduardo.garcia2/MONAN-scripts/sdumont/MONAN_src/MONAN-Model_v0.1.0_sdumont.gnu/src/external/SMIOL -I/scratch/app_sequana/netcdf/4.8.1_hdf5-threadsafe-HL_openmpi-4.1.6_gnu/include -I/scratch/app_sequana/pnetcdf/1.12.3_hdf5-threadsafe-HL_openmpi-4.1.6_gnu/include -I.
rm -f ESMF_BaseTimeMod.o ESMF_BaseTimeMod.mod
rm -f MeatMod.o MeatMod.mod
mpif90 -D_MPI -DCORE_INIT_ATMOSPHERE -DMPAS_NAMELIST_SUFFIX=init_atmosphere -DMPAS_EXE_NAME=init_atmosphere_model -DMPAS_OPENMP -DSINGLE_PRECISION -DMPAS_NATIVE_TIMERS -DMPAS_GIT_VERSION=v0.1.0-dirty -DMPAS_BUILD_TARGET=gfortran -DMPAS_SMIOL_SUPPORT -DHIDE_MPI -O3 -ffree-line-length-none -fconvert=big-endian -ffree-form -fopenmp -c ESMF_BaseTimeMod.F90 -I/scratch/app_sequana/netcdf/4.8.1_hdf5-threadsafe-HL_openmpi-4.1.6_gnu/include -I/scratch/app_sequana/pnetcdf/1.12.3_hdf5-threadsafe-HL_openmpi-4.1.6_gnu/include -I/scratch/cenapadrjsd/eduardo.garcia2/MONAN-scripts/sdumont/MONAN_src/MONAN-Model_v0.1.0_sdumont.gnu/src/external/SMIOL -I/scratch/app_sequana/netcdf/4.8.1_hdf5-threadsafe-HL_openmpi-4.1.6_gnu/include -I/scratch/app_sequana/pnetcdf/1.12.3_hdf5-threadsafe-HL_openmpi-4.1.6_gnu/include -I.
mpif90 -D_MPI -DCORE_INIT_ATMOSPHERE -DMPAS_NAMELIST_SUFFIX=init_atmosphere -DMPAS_EXE_NAME=init_atmosphere_model -DMPAS_OPENMP -DSINGLE_PRECISION -DMPAS_NATIVE_TIMERS -DMPAS_GIT_VERSION=v0.1.0-dirty -DMPAS_BUILD_TARGET=gfortran -DMPAS_SMIOL_SUPPORT -DHIDE_MPI -O3 -ffree-line-length-none -fconvert=big-endian -ffree-form -fopenmp -c MeatMod.F90 -I/scratch/app_sequana/netcdf/4.8.1_hdf5-threadsafe-HL_openmpi-4.1.6_gnu/include -I/scratch/app_sequana/pnetcdf/1.12.3_hdf5-threadsafe-HL_openmpi-4.1.6_gnu/include -I/scratch/cenapadrjsd/eduardo.garcia2/MONAN-scripts/sdumont/MONAN_src/MONAN-Model_v0.1.0_sdumont.gnu/src/external/SMIOL -I/scratch/app_sequana/netcdf/4.8.1_hdf5-threadsafe-HL_openmpi-4.1.6_gnu/include -I/scratch/app_sequana/pnetcdf/1.12.3_hdf5-threadsafe-HL_openmpi-4.1.6_gnu/include -I.
rm -f ESMF_CalendarMod.o ESMF_CalendarMod.mod
mpif90 -D_MPI -DCORE_INIT_ATMOSPHERE -DMPAS_NAMELIST_SUFFIX=init_atmosphere -DMPAS_EXE_NAME=init_atmosphere_model -DMPAS_OPENMP -DSINGLE_PRECISION -DMPAS_NATIVE_TIMERS -DMPAS_GIT_VERSION=v0.1.0-dirty -DMPAS_BUILD_TARGET=gfortran -DMPAS_SMIOL_SUPPORT -DHIDE_MPI -O3 -ffree-line-length-none -fconvert=big-endian -ffree-form -fopenmp -c ESMF_CalendarMod.F90 -I/scratch/app_sequana/netcdf/4.8.1_hdf5-threadsafe-HL_openmpi-4.1.6_gnu/include -I/scratch/app_sequana/pnetcdf/1.12.3_hdf5-threadsafe-HL_openmpi-4.1.6_gnu/include -I/scratch/cenapadrjsd/eduardo.garcia2/MONAN-scripts/sdumont/MONAN_src/MONAN-Model_v0.1.0_sdumont.gnu/src/external/SMIOL -I/scratch/app_sequana/netcdf/4.8.1_hdf5-threadsafe-HL_openmpi-4.1.6_gnu/include -I/scratch/app_sequana/pnetcdf/1.12.3_hdf5-threadsafe-HL_openmpi-4.1.6_gnu/include -I.
ar -cr libsmiol.a smiol.o smiol_utils.o
rm -f ESMF_ShrTimeMod.o ESMF_ShrTimeMod.mod
rm -f ESMF_Stubs.o ESMF_Stubs.mod
mpif90 -D_MPI -DCORE_INIT_ATMOSPHERE -DMPAS_NAMELIST_SUFFIX=init_atmosphere -DMPAS_EXE_NAME=init_atmosphere_model -DMPAS_OPENMP -DSINGLE_PRECISION -DMPAS_NATIVE_TIMERS -DMPAS_GIT_VERSION=v0.1.0-dirty -DMPAS_BUILD_TARGET=gfortran -DMPAS_SMIOL_SUPPORT -DHIDE_MPI -O3 -ffree-line-length-none -fconvert=big-endian -ffree-form -fopenmp -c ESMF_ShrTimeMod.F90 -I/scratch/app_sequana/netcdf/4.8.1_hdf5-threadsafe-HL_openmpi-4.1.6_gnu/include -I/scratch/app_sequana/pnetcdf/1.12.3_hdf5-threadsafe-HL_openmpi-4.1.6_gnu/include -I/scratch/cenapadrjsd/eduardo.garcia2/MONAN-scripts/sdumont/MONAN_src/MONAN-Model_v0.1.0_sdumont.gnu/src/external/SMIOL -I/scratch/app_sequana/netcdf/4.8.1_hdf5-threadsafe-HL_openmpi-4.1.6_gnu/include -I/scratch/app_sequana/pnetcdf/1.12.3_hdf5-threadsafe-HL_openmpi-4.1.6_gnu/include -I.
mpif90 -D_MPI -DCORE_INIT_ATMOSPHERE -DMPAS_NAMELIST_SUFFIX=init_atmosphere -DMPAS_EXE_NAME=init_atmosphere_model -DMPAS_OPENMP -DSINGLE_PRECISION -DMPAS_NATIVE_TIMERS -DMPAS_GIT_VERSION=v0.1.0-dirty -DMPAS_BUILD_TARGET=gfortran -DMPAS_SMIOL_SUPPORT -DHIDE_MPI -O3 -ffree-line-length-none -fconvert=big-endian -ffree-form -fopenmp -c ESMF_Stubs.F90 -I/scratch/app_sequana/netcdf/4.8.1_hdf5-threadsafe-HL_openmpi-4.1.6_gnu/include -I/scratch/app_sequana/pnetcdf/1.12.3_hdf5-threadsafe-HL_openmpi-4.1.6_gnu/include -I/scratch/cenapadrjsd/eduardo.garcia2/MONAN-scripts/sdumont/MONAN_src/MONAN-Model_v0.1.0_sdumont.gnu/src/external/SMIOL -I/scratch/app_sequana/netcdf/4.8.1_hdf5-threadsafe-HL_openmpi-4.1.6_gnu/include -I/scratch/app_sequana/pnetcdf/1.12.3_hdf5-threadsafe-HL_openmpi-4.1.6_gnu/include -I.
rm -f ESMF_TimeIntervalMod.o ESMF_TimeIntervalMod.mod
mpif90 -D_MPI -DCORE_INIT_ATMOSPHERE -DMPAS_NAMELIST_SUFFIX=init_atmosphere -DMPAS_EXE_NAME=init_atmosphere_model -DMPAS_OPENMP -DSINGLE_PRECISION -DMPAS_NATIVE_TIMERS -DMPAS_GIT_VERSION=v0.1.0-dirty -DMPAS_BUILD_TARGET=gfortran -DMPAS_SMIOL_SUPPORT -DHIDE_MPI -O3 -ffree-line-length-none -fconvert=big-endian -ffree-form -fopenmp -c ESMF_TimeIntervalMod.F90 -I/scratch/app_sequana/netcdf/4.8.1_hdf5-threadsafe-HL_openmpi-4.1.6_gnu/include -I/scratch/app_sequana/pnetcdf/1.12.3_hdf5-threadsafe-HL_openmpi-4.1.6_gnu/include -I/scratch/cenapadrjsd/eduardo.garcia2/MONAN-scripts/sdumont/MONAN_src/MONAN-Model_v0.1.0_sdumont.gnu/src/external/SMIOL -I/scratch/app_sequana/netcdf/4.8.1_hdf5-threadsafe-HL_openmpi-4.1.6_gnu/include -I/scratch/app_sequana/pnetcdf/1.12.3_hdf5-threadsafe-HL_openmpi-4.1.6_gnu/include -I.
make[4]: Leaving directory `/scratch/cenapadrjsd/eduardo.garcia2/MONAN-scripts/sdumont/MONAN_src/MONAN-Model_v0.1.0_sdumont.gnu/src/external/ezxml'
rm -f ESMF_TimeMod.o ESMF_TimeMod.mod
mpif90 -D_MPI -DCORE_INIT_ATMOSPHERE -DMPAS_NAMELIST_SUFFIX=init_atmosphere -DMPAS_EXE_NAME=init_atmosphere_model -DMPAS_OPENMP -DSINGLE_PRECISION -DMPAS_NATIVE_TIMERS -DMPAS_GIT_VERSION=v0.1.0-dirty -DMPAS_BUILD_TARGET=gfortran -DMPAS_SMIOL_SUPPORT -DHIDE_MPI -O3 -ffree-line-length-none -fconvert=big-endian -ffree-form -fopenmp -c ESMF_TimeMod.F90 -I/scratch/app_sequana/netcdf/4.8.1_hdf5-threadsafe-HL_openmpi-4.1.6_gnu/include -I/scratch/app_sequana/pnetcdf/1.12.3_hdf5-threadsafe-HL_openmpi-4.1.6_gnu/include -I/scratch/cenapadrjsd/eduardo.garcia2/MONAN-scripts/sdumont/MONAN_src/MONAN-Model_v0.1.0_sdumont.gnu/src/external/SMIOL -I/scratch/app_sequana/netcdf/4.8.1_hdf5-threadsafe-HL_openmpi-4.1.6_gnu/include -I/scratch/app_sequana/pnetcdf/1.12.3_hdf5-threadsafe-HL_openmpi-4.1.6_gnu/include -I.
ar -cr libsmiolf.a smiolf.o
make[4]: Leaving directory `/scratch/cenapadrjsd/eduardo.garcia2/MONAN-scripts/sdumont/MONAN_src/MONAN-Model_v0.1.0_sdumont.gnu/src/external/SMIOL'
rm -f ESMF_AlarmMod.o ESMF_AlarmMod.mod
mpif90 -D_MPI -DCORE_INIT_ATMOSPHERE -DMPAS_NAMELIST_SUFFIX=init_atmosphere -DMPAS_EXE_NAME=init_atmosphere_model -DMPAS_OPENMP -DSINGLE_PRECISION -DMPAS_NATIVE_TIMERS -DMPAS_GIT_VERSION=v0.1.0-dirty -DMPAS_BUILD_TARGET=gfortran -DMPAS_SMIOL_SUPPORT -DHIDE_MPI -O3 -ffree-line-length-none -fconvert=big-endian -ffree-form -fopenmp -c ESMF_AlarmMod.F90 -I/scratch/app_sequana/netcdf/4.8.1_hdf5-threadsafe-HL_openmpi-4.1.6_gnu/include -I/scratch/app_sequana/pnetcdf/1.12.3_hdf5-threadsafe-HL_openmpi-4.1.6_gnu/include -I/scratch/cenapadrjsd/eduardo.garcia2/MONAN-scripts/sdumont/MONAN_src/MONAN-Model_v0.1.0_sdumont.gnu/src/external/SMIOL -I/scratch/app_sequana/netcdf/4.8.1_hdf5-threadsafe-HL_openmpi-4.1.6_gnu/include -I/scratch/app_sequana/pnetcdf/1.12.3_hdf5-threadsafe-HL_openmpi-4.1.6_gnu/include -I.
rm -f ESMF_ClockMod.o ESMF_ClockMod.mod
mpif90 -D_MPI -DCORE_INIT_ATMOSPHERE -DMPAS_NAMELIST_SUFFIX=init_atmosphere -DMPAS_EXE_NAME=init_atmosphere_model -DMPAS_OPENMP -DSINGLE_PRECISION -DMPAS_NATIVE_TIMERS -DMPAS_GIT_VERSION=v0.1.0-dirty -DMPAS_BUILD_TARGET=gfortran -DMPAS_SMIOL_SUPPORT -DHIDE_MPI -O3 -ffree-line-length-none -fconvert=big-endian -ffree-form -fopenmp -c ESMF_ClockMod.F90 -I/scratch/app_sequana/netcdf/4.8.1_hdf5-threadsafe-HL_openmpi-4.1.6_gnu/include -I/scratch/app_sequana/pnetcdf/1.12.3_hdf5-threadsafe-HL_openmpi-4.1.6_gnu/include -I/scratch/cenapadrjsd/eduardo.garcia2/MONAN-scripts/sdumont/MONAN_src/MONAN-Model_v0.1.0_sdumont.gnu/src/external/SMIOL -I/scratch/app_sequana/netcdf/4.8.1_hdf5-threadsafe-HL_openmpi-4.1.6_gnu/include -I/scratch/app_sequana/pnetcdf/1.12.3_hdf5-threadsafe-HL_openmpi-4.1.6_gnu/include -I.
rm -f ESMF_AlarmClockMod.o ESMF_AlarmClockMod.mod
mpif90 -D_MPI -DCORE_INIT_ATMOSPHERE -DMPAS_NAMELIST_SUFFIX=init_atmosphere -DMPAS_EXE_NAME=init_atmosphere_model -DMPAS_OPENMP -DSINGLE_PRECISION -DMPAS_NATIVE_TIMERS -DMPAS_GIT_VERSION=v0.1.0-dirty -DMPAS_BUILD_TARGET=gfortran -DMPAS_SMIOL_SUPPORT -DHIDE_MPI -O3 -ffree-line-length-none -fconvert=big-endian -ffree-form -fopenmp -c ESMF_AlarmClockMod.F90 -I/scratch/app_sequana/netcdf/4.8.1_hdf5-threadsafe-HL_openmpi-4.1.6_gnu/include -I/scratch/app_sequana/pnetcdf/1.12.3_hdf5-threadsafe-HL_openmpi-4.1.6_gnu/include -I/scratch/cenapadrjsd/eduardo.garcia2/MONAN-scripts/sdumont/MONAN_src/MONAN-Model_v0.1.0_sdumont.gnu/src/external/SMIOL -I/scratch/app_sequana/netcdf/4.8.1_hdf5-threadsafe-HL_openmpi-4.1.6_gnu/include -I/scratch/app_sequana/pnetcdf/1.12.3_hdf5-threadsafe-HL_openmpi-4.1.6_gnu/include -I.
rm -f ESMF.o ESMF.mod
mpif90 -D_MPI -DCORE_INIT_ATMOSPHERE -DMPAS_NAMELIST_SUFFIX=init_atmosphere -DMPAS_EXE_NAME=init_atmosphere_model -DMPAS_OPENMP -DSINGLE_PRECISION -DMPAS_NATIVE_TIMERS -DMPAS_GIT_VERSION=v0.1.0-dirty -DMPAS_BUILD_TARGET=gfortran -DMPAS_SMIOL_SUPPORT -DHIDE_MPI -O3 -ffree-line-length-none -fconvert=big-endian -ffree-form -fopenmp -c ESMF.F90 -I/scratch/app_sequana/netcdf/4.8.1_hdf5-threadsafe-HL_openmpi-4.1.6_gnu/include -I/scratch/app_sequana/pnetcdf/1.12.3_hdf5-threadsafe-HL_openmpi-4.1.6_gnu/include -I/scratch/cenapadrjsd/eduardo.garcia2/MONAN-scripts/sdumont/MONAN_src/MONAN-Model_v0.1.0_sdumont.gnu/src/external/SMIOL -I/scratch/app_sequana/netcdf/4.8.1_hdf5-threadsafe-HL_openmpi-4.1.6_gnu/include -I/scratch/app_sequana/pnetcdf/1.12.3_hdf5-threadsafe-HL_openmpi-4.1.6_gnu/include -I.
ar -ru libesmf_time.a *.o
ar: creating libesmf_time.a
make[4]: Leaving directory `/scratch/cenapadrjsd/eduardo.garcia2/MONAN-scripts/sdumont/MONAN_src/MONAN-Model_v0.1.0_sdumont.gnu/src/external/esmf_time_f90'
make[3]: Leaving directory `/scratch/cenapadrjsd/eduardo.garcia2/MONAN-scripts/sdumont/MONAN_src/MONAN-Model_v0.1.0_sdumont.gnu/src/external'
( cd framework; make CPPFLAGS="-D_MPI -DCORE_INIT_ATMOSPHERE -DMPAS_NAMELIST_SUFFIX=init_atmosphere -DMPAS_EXE_NAME=init_atmosphere_model -DMPAS_OPENMP -DSINGLE_PRECISION -DMPAS_NATIVE_TIMERS -DMPAS_GIT_VERSION=v0.1.0-dirty -DMPAS_BUILD_TARGET=gfortran -DMPAS_SMIOL_SUPPORT" CPPINCLUDES="-I/scratch/app_sequana/netcdf/4.8.1_hdf5-threadsafe-HL_openmpi-4.1.6_gnu/include -I/scratch/app_sequana/pnetcdf/1.12.3_hdf5-threadsafe-HL_openmpi-4.1.6_gnu/include" all ) 
(cd tools; make CPPFLAGS="-D_MPI -DCORE_INIT_ATMOSPHERE -DMPAS_NAMELIST_SUFFIX=init_atmosphere -DMPAS_EXE_NAME=init_atmosphere_model -DMPAS_OPENMP -DSINGLE_PRECISION -DMPAS_NATIVE_TIMERS -DMPAS_GIT_VERSION=v0.1.0-dirty -DMPAS_BUILD_TARGET=gfortran -DMPAS_SMIOL_SUPPORT" CC="gcc" CFLAGS="-O3 -fopenmp -DSINGLE_PRECISION")
make[3]: Entering directory `/scratch/cenapadrjsd/eduardo.garcia2/MONAN-scripts/sdumont/MONAN_src/MONAN-Model_v0.1.0_sdumont.gnu/src/tools'
( make build_registry CPPFLAGS="-D_MPI -DCORE_INIT_ATMOSPHERE -DMPAS_NAMELIST_SUFFIX=init_atmosphere -DMPAS_EXE_NAME=init_atmosphere_model -DMPAS_OPENMP -DSINGLE_PRECISION -DMPAS_NATIVE_TIMERS -DMPAS_GIT_VERSION=v0.1.0-dirty -DMPAS_BUILD_TARGET=gfortran -DMPAS_SMIOL_SUPPORT" CC="gcc" CFLAGS="-O3 -fopenmp -DSINGLE_PRECISION" )
make[4]: Entering directory `/scratch/cenapadrjsd/eduardo.garcia2/MONAN-scripts/sdumont/MONAN_src/MONAN-Model_v0.1.0_sdumont.gnu/src/tools'
*** Building MPAS tools from source ***
(cd registry; make CPPFLAGS="-D_MPI -DCORE_INIT_ATMOSPHERE -DMPAS_NAMELIST_SUFFIX=init_atmosphere -DMPAS_EXE_NAME=init_atmosphere_model -DMPAS_OPENMP -DSINGLE_PRECISION -DMPAS_NATIVE_TIMERS -DMPAS_GIT_VERSION=v0.1.0-dirty -DMPAS_BUILD_TARGET=gfortran -DMPAS_SMIOL_SUPPORT" CC="gcc" CFLAGS="-O3 -fopenmp -DSINGLE_PRECISION")
make[3]: Entering directory `/scratch/cenapadrjsd/eduardo.garcia2/MONAN-scripts/sdumont/MONAN_src/MONAN-Model_v0.1.0_sdumont.gnu/src/framework'
rm -f mpas_kind_types.o mpas_kind_types.mod
mpif90 -D_MPI -DCORE_INIT_ATMOSPHERE -DMPAS_NAMELIST_SUFFIX=init_atmosphere -DMPAS_EXE_NAME=init_atmosphere_model -DMPAS_OPENMP -DSINGLE_PRECISION -DMPAS_NATIVE_TIMERS -DMPAS_GIT_VERSION=v0.1.0-dirty -DMPAS_BUILD_TARGET=gfortran -DMPAS_SMIOL_SUPPORT -O3 -ffree-line-length-none -fconvert=big-endian -ffree-form -fopenmp -c mpas_kind_types.F -I/scratch/app_sequana/netcdf/4.8.1_hdf5-threadsafe-HL_openmpi-4.1.6_gnu/include -I/scratch/app_sequana/pnetcdf/1.12.3_hdf5-threadsafe-HL_openmpi-4.1.6_gnu/include -I/scratch/cenapadrjsd/eduardo.garcia2/MONAN-scripts/sdumont/MONAN_src/MONAN-Model_v0.1.0_sdumont.gnu/src/external/SMIOL -I/scratch/app_sequana/netcdf/4.8.1_hdf5-threadsafe-HL_openmpi-4.1.6_gnu/include -I/scratch/app_sequana/pnetcdf/1.12.3_hdf5-threadsafe-HL_openmpi-4.1.6_gnu/include -I../external/esmf_time_f90
rm -f mpas_c_interfacing.o mpas_c_interfacing.mod
make[5]: Entering directory `/scratch/cenapadrjsd/eduardo.garcia2/MONAN-scripts/sdumont/MONAN_src/MONAN-Model_v0.1.0_sdumont.gnu/src/tools/registry'
(cd ../../external/ezxml; make CFLAGS="-O3 -fopenmp -DSINGLE_PRECISION " OBJFILE="ezxml_tools.o")
mpif90 -D_MPI -DCORE_INIT_ATMOSPHERE -DMPAS_NAMELIST_SUFFIX=init_atmosphere -DMPAS_EXE_NAME=init_atmosphere_model -DMPAS_OPENMP -DSINGLE_PRECISION -DMPAS_NATIVE_TIMERS -DMPAS_GIT_VERSION=v0.1.0-dirty -DMPAS_BUILD_TARGET=gfortran -DMPAS_SMIOL_SUPPORT -O3 -ffree-line-length-none -fconvert=big-endian -ffree-form -fopenmp -c mpas_c_interfacing.F -I/scratch/app_sequana/netcdf/4.8.1_hdf5-threadsafe-HL_openmpi-4.1.6_gnu/include -I/scratch/app_sequana/pnetcdf/1.12.3_hdf5-threadsafe-HL_openmpi-4.1.6_gnu/include -I/scratch/cenapadrjsd/eduardo.garcia2/MONAN-scripts/sdumont/MONAN_src/MONAN-Model_v0.1.0_sdumont.gnu/src/external/SMIOL -I/scratch/app_sequana/netcdf/4.8.1_hdf5-threadsafe-HL_openmpi-4.1.6_gnu/include -I/scratch/app_sequana/pnetcdf/1.12.3_hdf5-threadsafe-HL_openmpi-4.1.6_gnu/include -I../external/esmf_time_f90
mpicc -O3 -fopenmp -DSINGLE_PRECISION -D_MPI -DCORE_INIT_ATMOSPHERE -DMPAS_NAMELIST_SUFFIX=init_atmosphere -DMPAS_EXE_NAME=init_atmosphere_model -DMPAS_OPENMP -DSINGLE_PRECISION -DMPAS_NATIVE_TIMERS -DMPAS_GIT_VERSION=v0.1.0-dirty -DMPAS_BUILD_TARGET=gfortran -DMPAS_SMIOL_SUPPORT -I/scratch/app_sequana/netcdf/4.8.1_hdf5-threadsafe-HL_openmpi-4.1.6_gnu/include -I/scratch/app_sequana/pnetcdf/1.12.3_hdf5-threadsafe-HL_openmpi-4.1.6_gnu/include -I../external/ezxml -c regex_matching.c
mpicc -O3 -fopenmp -DSINGLE_PRECISION -D_MPI -DCORE_INIT_ATMOSPHERE -DMPAS_NAMELIST_SUFFIX=init_atmosphere -DMPAS_EXE_NAME=init_atmosphere_model -DMPAS_OPENMP -DSINGLE_PRECISION -DMPAS_NATIVE_TIMERS -DMPAS_GIT_VERSION=v0.1.0-dirty -DMPAS_BUILD_TARGET=gfortran -DMPAS_SMIOL_SUPPORT -I/scratch/app_sequana/netcdf/4.8.1_hdf5-threadsafe-HL_openmpi-4.1.6_gnu/include -I/scratch/app_sequana/pnetcdf/1.12.3_hdf5-threadsafe-HL_openmpi-4.1.6_gnu/include -I../external/ezxml -c random_id.c
mpicc -O3 -fopenmp -DSINGLE_PRECISION -D_MPI -DCORE_INIT_ATMOSPHERE -DMPAS_NAMELIST_SUFFIX=init_atmosphere -DMPAS_EXE_NAME=init_atmosphere_model -DMPAS_OPENMP -DSINGLE_PRECISION -DMPAS_NATIVE_TIMERS -DMPAS_GIT_VERSION=v0.1.0-dirty -DMPAS_BUILD_TARGET=gfortran -DMPAS_SMIOL_SUPPORT -I/scratch/app_sequana/netcdf/4.8.1_hdf5-threadsafe-HL_openmpi-4.1.6_gnu/include -I/scratch/app_sequana/pnetcdf/1.12.3_hdf5-threadsafe-HL_openmpi-4.1.6_gnu/include -I../external/ezxml -c pool_hash.c
mpicc -O3 -fopenmp -DSINGLE_PRECISION -D_MPI -DCORE_INIT_ATMOSPHERE -DMPAS_NAMELIST_SUFFIX=init_atmosphere -DMPAS_EXE_NAME=init_atmosphere_model -DMPAS_OPENMP -DSINGLE_PRECISION -DMPAS_NATIVE_TIMERS -DMPAS_GIT_VERSION=v0.1.0-dirty -DMPAS_BUILD_TARGET=gfortran -DMPAS_SMIOL_SUPPORT -I/scratch/app_sequana/netcdf/4.8.1_hdf5-threadsafe-HL_openmpi-4.1.6_gnu/include -I/scratch/app_sequana/pnetcdf/1.12.3_hdf5-threadsafe-HL_openmpi-4.1.6_gnu/include -I../external/ezxml -c xml_stream_parser.c
make[6]: Entering directory `/scratch/cenapadrjsd/eduardo.garcia2/MONAN-scripts/sdumont/MONAN_src/MONAN-Model_v0.1.0_sdumont.gnu/src/external/ezxml'
gcc -O3 -fopenmp -DSINGLE_PRECISION  -D_MPI -DCORE_INIT_ATMOSPHERE -DMPAS_NAMELIST_SUFFIX=init_atmosphere -DMPAS_EXE_NAME=init_atmosphere_model -DMPAS_OPENMP -DSINGLE_PRECISION -DMPAS_NATIVE_TIMERS -DMPAS_GIT_VERSION=v0.1.0-dirty -DMPAS_BUILD_TARGET=gfortran -DMPAS_SMIOL_SUPPORT -c ezxml.c -o ezxml_tools.o
rm -f mpas_constants.o mpas_constants.mod
rm -f mpas_io_units.o mpas_io_units.mod
mpif90 -D_MPI -DCORE_INIT_ATMOSPHERE -DMPAS_NAMELIST_SUFFIX=init_atmosphere -DMPAS_EXE_NAME=init_atmosphere_model -DMPAS_OPENMP -DSINGLE_PRECISION -DMPAS_NATIVE_TIMERS -DMPAS_GIT_VERSION=v0.1.0-dirty -DMPAS_BUILD_TARGET=gfortran -DMPAS_SMIOL_SUPPORT -O3 -ffree-line-length-none -fconvert=big-endian -ffree-form -fopenmp -c mpas_constants.F -I/scratch/app_sequana/netcdf/4.8.1_hdf5-threadsafe-HL_openmpi-4.1.6_gnu/include -I/scratch/app_sequana/pnetcdf/1.12.3_hdf5-threadsafe-HL_openmpi-4.1.6_gnu/include -I/scratch/cenapadrjsd/eduardo.garcia2/MONAN-scripts/sdumont/MONAN_src/MONAN-Model_v0.1.0_sdumont.gnu/src/external/SMIOL -I/scratch/app_sequana/netcdf/4.8.1_hdf5-threadsafe-HL_openmpi-4.1.6_gnu/include -I/scratch/app_sequana/pnetcdf/1.12.3_hdf5-threadsafe-HL_openmpi-4.1.6_gnu/include -I../external/esmf_time_f90
mpif90 -D_MPI -DCORE_INIT_ATMOSPHERE -DMPAS_NAMELIST_SUFFIX=init_atmosphere -DMPAS_EXE_NAME=init_atmosphere_model -DMPAS_OPENMP -DSINGLE_PRECISION -DMPAS_NATIVE_TIMERS -DMPAS_GIT_VERSION=v0.1.0-dirty -DMPAS_BUILD_TARGET=gfortran -DMPAS_SMIOL_SUPPORT -O3 -ffree-line-length-none -fconvert=big-endian -ffree-form -fopenmp -c mpas_io_units.F -I/scratch/app_sequana/netcdf/4.8.1_hdf5-threadsafe-HL_openmpi-4.1.6_gnu/include -I/scratch/app_sequana/pnetcdf/1.12.3_hdf5-threadsafe-HL_openmpi-4.1.6_gnu/include -I/scratch/cenapadrjsd/eduardo.garcia2/MONAN-scripts/sdumont/MONAN_src/MONAN-Model_v0.1.0_sdumont.gnu/src/external/SMIOL -I/scratch/app_sequana/netcdf/4.8.1_hdf5-threadsafe-HL_openmpi-4.1.6_gnu/include -I/scratch/app_sequana/pnetcdf/1.12.3_hdf5-threadsafe-HL_openmpi-4.1.6_gnu/include -I../external/esmf_time_f90
rm -f mpas_threading.o mpas_threading.mod
mpif90 -D_MPI -DCORE_INIT_ATMOSPHERE -DMPAS_NAMELIST_SUFFIX=init_atmosphere -DMPAS_EXE_NAME=init_atmosphere_model -DMPAS_OPENMP -DSINGLE_PRECISION -DMPAS_NATIVE_TIMERS -DMPAS_GIT_VERSION=v0.1.0-dirty -DMPAS_BUILD_TARGET=gfortran -DMPAS_SMIOL_SUPPORT -O3 -ffree-line-length-none -fconvert=big-endian -ffree-form -fopenmp -c mpas_threading.F -I/scratch/app_sequana/netcdf/4.8.1_hdf5-threadsafe-HL_openmpi-4.1.6_gnu/include -I/scratch/app_sequana/pnetcdf/1.12.3_hdf5-threadsafe-HL_openmpi-4.1.6_gnu/include -I/scratch/cenapadrjsd/eduardo.garcia2/MONAN-scripts/sdumont/MONAN_src/MONAN-Model_v0.1.0_sdumont.gnu/src/external/SMIOL -I/scratch/app_sequana/netcdf/4.8.1_hdf5-threadsafe-HL_openmpi-4.1.6_gnu/include -I/scratch/app_sequana/pnetcdf/1.12.3_hdf5-threadsafe-HL_openmpi-4.1.6_gnu/include -I../external/esmf_time_f90
rm -f mpas_derived_types.o mpas_derived_types.mod
mpif90 -D_MPI -DCORE_INIT_ATMOSPHERE -DMPAS_NAMELIST_SUFFIX=init_atmosphere -DMPAS_EXE_NAME=init_atmosphere_model -DMPAS_OPENMP -DSINGLE_PRECISION -DMPAS_NATIVE_TIMERS -DMPAS_GIT_VERSION=v0.1.0-dirty -DMPAS_BUILD_TARGET=gfortran -DMPAS_SMIOL_SUPPORT -O3 -ffree-line-length-none -fconvert=big-endian -ffree-form -fopenmp -c mpas_derived_types.F -I/scratch/app_sequana/netcdf/4.8.1_hdf5-threadsafe-HL_openmpi-4.1.6_gnu/include -I/scratch/app_sequana/pnetcdf/1.12.3_hdf5-threadsafe-HL_openmpi-4.1.6_gnu/include -I/scratch/cenapadrjsd/eduardo.garcia2/MONAN-scripts/sdumont/MONAN_src/MONAN-Model_v0.1.0_sdumont.gnu/src/external/SMIOL -I/scratch/app_sequana/netcdf/4.8.1_hdf5-threadsafe-HL_openmpi-4.1.6_gnu/include -I/scratch/app_sequana/pnetcdf/1.12.3_hdf5-threadsafe-HL_openmpi-4.1.6_gnu/include -I../external/esmf_time_f90
rm -f mpas_abort.o mpas_abort.mod
mpif90 -D_MPI -DCORE_INIT_ATMOSPHERE -DMPAS_NAMELIST_SUFFIX=init_atmosphere -DMPAS_EXE_NAME=init_atmosphere_model -DMPAS_OPENMP -DSINGLE_PRECISION -DMPAS_NATIVE_TIMERS -DMPAS_GIT_VERSION=v0.1.0-dirty -DMPAS_BUILD_TARGET=gfortran -DMPAS_SMIOL_SUPPORT -O3 -ffree-line-length-none -fconvert=big-endian -ffree-form -fopenmp -c mpas_abort.F -I/scratch/app_sequana/netcdf/4.8.1_hdf5-threadsafe-HL_openmpi-4.1.6_gnu/include -I/scratch/app_sequana/pnetcdf/1.12.3_hdf5-threadsafe-HL_openmpi-4.1.6_gnu/include -I/scratch/cenapadrjsd/eduardo.garcia2/MONAN-scripts/sdumont/MONAN_src/MONAN-Model_v0.1.0_sdumont.gnu/src/external/SMIOL -I/scratch/app_sequana/netcdf/4.8.1_hdf5-threadsafe-HL_openmpi-4.1.6_gnu/include -I/scratch/app_sequana/pnetcdf/1.12.3_hdf5-threadsafe-HL_openmpi-4.1.6_gnu/include -I../external/esmf_time_f90
rm -f mpas_log.o mpas_log.mod
rm -f mpas_hash.o mpas_hash.mod
rm -f mpas_attlist.o mpas_attlist.mod
mpif90 -D_MPI -DCORE_INIT_ATMOSPHERE -DMPAS_NAMELIST_SUFFIX=init_atmosphere -DMPAS_EXE_NAME=init_atmosphere_model -DMPAS_OPENMP -DSINGLE_PRECISION -DMPAS_NATIVE_TIMERS -DMPAS_GIT_VERSION=v0.1.0-dirty -DMPAS_BUILD_TARGET=gfortran -DMPAS_SMIOL_SUPPORT -O3 -ffree-line-length-none -fconvert=big-endian -ffree-form -fopenmp -c mpas_log.F -I/scratch/app_sequana/netcdf/4.8.1_hdf5-threadsafe-HL_openmpi-4.1.6_gnu/include -I/scratch/app_sequana/pnetcdf/1.12.3_hdf5-threadsafe-HL_openmpi-4.1.6_gnu/include -I/scratch/cenapadrjsd/eduardo.garcia2/MONAN-scripts/sdumont/MONAN_src/MONAN-Model_v0.1.0_sdumont.gnu/src/external/SMIOL -I/scratch/app_sequana/netcdf/4.8.1_hdf5-threadsafe-HL_openmpi-4.1.6_gnu/include -I/scratch/app_sequana/pnetcdf/1.12.3_hdf5-threadsafe-HL_openmpi-4.1.6_gnu/include -I../external/esmf_time_f90
mpif90 -D_MPI -DCORE_INIT_ATMOSPHERE -DMPAS_NAMELIST_SUFFIX=init_atmosphere -DMPAS_EXE_NAME=init_atmosphere_model -DMPAS_OPENMP -DSINGLE_PRECISION -DMPAS_NATIVE_TIMERS -DMPAS_GIT_VERSION=v0.1.0-dirty -DMPAS_BUILD_TARGET=gfortran -DMPAS_SMIOL_SUPPORT -O3 -ffree-line-length-none -fconvert=big-endian -ffree-form -fopenmp -c mpas_hash.F -I/scratch/app_sequana/netcdf/4.8.1_hdf5-threadsafe-HL_openmpi-4.1.6_gnu/include -I/scratch/app_sequana/pnetcdf/1.12.3_hdf5-threadsafe-HL_openmpi-4.1.6_gnu/include -I/scratch/cenapadrjsd/eduardo.garcia2/MONAN-scripts/sdumont/MONAN_src/MONAN-Model_v0.1.0_sdumont.gnu/src/external/SMIOL -I/scratch/app_sequana/netcdf/4.8.1_hdf5-threadsafe-HL_openmpi-4.1.6_gnu/include -I/scratch/app_sequana/pnetcdf/1.12.3_hdf5-threadsafe-HL_openmpi-4.1.6_gnu/include -I../external/esmf_time_f90
mpif90 -D_MPI -DCORE_INIT_ATMOSPHERE -DMPAS_NAMELIST_SUFFIX=init_atmosphere -DMPAS_EXE_NAME=init_atmosphere_model -DMPAS_OPENMP -DSINGLE_PRECISION -DMPAS_NATIVE_TIMERS -DMPAS_GIT_VERSION=v0.1.0-dirty -DMPAS_BUILD_TARGET=gfortran -DMPAS_SMIOL_SUPPORT -O3 -ffree-line-length-none -fconvert=big-endian -ffree-form -fopenmp -c mpas_attlist.F -I/scratch/app_sequana/netcdf/4.8.1_hdf5-threadsafe-HL_openmpi-4.1.6_gnu/include -I/scratch/app_sequana/pnetcdf/1.12.3_hdf5-threadsafe-HL_openmpi-4.1.6_gnu/include -I/scratch/cenapadrjsd/eduardo.garcia2/MONAN-scripts/sdumont/MONAN_src/MONAN-Model_v0.1.0_sdumont.gnu/src/external/SMIOL -I/scratch/app_sequana/netcdf/4.8.1_hdf5-threadsafe-HL_openmpi-4.1.6_gnu/include -I/scratch/app_sequana/pnetcdf/1.12.3_hdf5-threadsafe-HL_openmpi-4.1.6_gnu/include -I../external/esmf_time_f90
make[6]: Leaving directory `/scratch/cenapadrjsd/eduardo.garcia2/MONAN-scripts/sdumont/MONAN_src/MONAN-Model_v0.1.0_sdumont.gnu/src/external/ezxml'
#(make ezxml CPPFLAGS="-D_MPI -DCORE_INIT_ATMOSPHERE -DMPAS_NAMELIST_SUFFIX=init_atmosphere -DMPAS_EXE_NAME=init_atmosphere_model -DMPAS_OPENMP -DSINGLE_PRECISION -DMPAS_NATIVE_TIMERS -DMPAS_GIT_VERSION=v0.1.0-dirty -DMPAS_BUILD_TARGET=gfortran -DMPAS_SMIOL_SUPPORT" CPPINCLUDES="-I/scratch/app_sequana/netcdf/4.8.1_hdf5-threadsafe-HL_openmpi-4.1.6_gnu/include -I/scratch/app_sequana/pnetcdf/1.12.3_hdf5-threadsafe-HL_openmpi-4.1.6_gnu/include")
(make parse CPPFLAGS="-D_MPI -DCORE_INIT_ATMOSPHERE -DMPAS_NAMELIST_SUFFIX=init_atmosphere -DMPAS_EXE_NAME=init_atmosphere_model -DMPAS_OPENMP -DSINGLE_PRECISION -DMPAS_NATIVE_TIMERS -DMPAS_GIT_VERSION=v0.1.0-dirty -DMPAS_BUILD_TARGET=gfortran -DMPAS_SMIOL_SUPPORT" CPPINCLUDES="-I/scratch/app_sequana/netcdf/4.8.1_hdf5-threadsafe-HL_openmpi-4.1.6_gnu/include -I/scratch/app_sequana/pnetcdf/1.12.3_hdf5-threadsafe-HL_openmpi-4.1.6_gnu/include")
rm -f mpas_field_routines.o mpas_field_routines.mod
mpif90 -D_MPI -DCORE_INIT_ATMOSPHERE -DMPAS_NAMELIST_SUFFIX=init_atmosphere -DMPAS_EXE_NAME=init_atmosphere_model -DMPAS_OPENMP -DSINGLE_PRECISION -DMPAS_NATIVE_TIMERS -DMPAS_GIT_VERSION=v0.1.0-dirty -DMPAS_BUILD_TARGET=gfortran -DMPAS_SMIOL_SUPPORT -O3 -ffree-line-length-none -fconvert=big-endian -ffree-form -fopenmp -c mpas_field_routines.F -I/scratch/app_sequana/netcdf/4.8.1_hdf5-threadsafe-HL_openmpi-4.1.6_gnu/include -I/scratch/app_sequana/pnetcdf/1.12.3_hdf5-threadsafe-HL_openmpi-4.1.6_gnu/include -I/scratch/cenapadrjsd/eduardo.garcia2/MONAN-scripts/sdumont/MONAN_src/MONAN-Model_v0.1.0_sdumont.gnu/src/external/SMIOL -I/scratch/app_sequana/netcdf/4.8.1_hdf5-threadsafe-HL_openmpi-4.1.6_gnu/include -I/scratch/app_sequana/pnetcdf/1.12.3_hdf5-threadsafe-HL_openmpi-4.1.6_gnu/include -I../external/esmf_time_f90
make[6]: Entering directory `/scratch/cenapadrjsd/eduardo.garcia2/MONAN-scripts/sdumont/MONAN_src/MONAN-Model_v0.1.0_sdumont.gnu/src/tools/registry'
gcc  -O3 -fopenmp -DSINGLE_PRECISION -D_MPI -DCORE_INIT_ATMOSPHERE -DMPAS_NAMELIST_SUFFIX=init_atmosphere -DMPAS_EXE_NAME=init_atmosphere_model -DMPAS_OPENMP -DSINGLE_PRECISION -DMPAS_NATIVE_TIMERS -DMPAS_GIT_VERSION=v0.1.0-dirty -DMPAS_BUILD_TARGET=gfortran -DMPAS_SMIOL_SUPPORT -I../../external/ezxml -c parse.c
gcc  -O3 -fopenmp -DSINGLE_PRECISION -D_MPI -DCORE_INIT_ATMOSPHERE -DMPAS_NAMELIST_SUFFIX=init_atmosphere -DMPAS_EXE_NAME=init_atmosphere_model -DMPAS_OPENMP -DSINGLE_PRECISION -DMPAS_NATIVE_TIMERS -DMPAS_GIT_VERSION=v0.1.0-dirty -DMPAS_BUILD_TARGET=gfortran -DMPAS_SMIOL_SUPPORT -I../../external/ezxml -c dictionary.c
gcc  -O3 -fopenmp -DSINGLE_PRECISION -D_MPI -DCORE_INIT_ATMOSPHERE -DMPAS_NAMELIST_SUFFIX=init_atmosphere -DMPAS_EXE_NAME=init_atmosphere_model -DMPAS_OPENMP -DSINGLE_PRECISION -DMPAS_NATIVE_TIMERS -DMPAS_GIT_VERSION=v0.1.0-dirty -DMPAS_BUILD_TARGET=gfortran -DMPAS_SMIOL_SUPPORT -I../../external/ezxml -c gen_inc.c
gcc  -O3 -fopenmp -DSINGLE_PRECISION -D_MPI -DCORE_INIT_ATMOSPHERE -DMPAS_NAMELIST_SUFFIX=init_atmosphere -DMPAS_EXE_NAME=init_atmosphere_model -DMPAS_OPENMP -DSINGLE_PRECISION -DMPAS_NATIVE_TIMERS -DMPAS_GIT_VERSION=v0.1.0-dirty -DMPAS_BUILD_TARGET=gfortran -DMPAS_SMIOL_SUPPORT -I../../external/ezxml -c fortprintf.c
gcc  -O3 -fopenmp -DSINGLE_PRECISION -D_MPI -DCORE_INIT_ATMOSPHERE -DMPAS_NAMELIST_SUFFIX=init_atmosphere -DMPAS_EXE_NAME=init_atmosphere_model -DMPAS_OPENMP -DSINGLE_PRECISION -DMPAS_NATIVE_TIMERS -DMPAS_GIT_VERSION=v0.1.0-dirty -DMPAS_BUILD_TARGET=gfortran -DMPAS_SMIOL_SUPPORT -I../../external/ezxml -c utility.c
rm -f mpas_sort.o mpas_sort.mod
mpif90 -D_MPI -DCORE_INIT_ATMOSPHERE -DMPAS_NAMELIST_SUFFIX=init_atmosphere -DMPAS_EXE_NAME=init_atmosphere_model -DMPAS_OPENMP -DSINGLE_PRECISION -DMPAS_NATIVE_TIMERS -DMPAS_GIT_VERSION=v0.1.0-dirty -DMPAS_BUILD_TARGET=gfortran -DMPAS_SMIOL_SUPPORT -O3 -ffree-line-length-none -fconvert=big-endian -ffree-form -fopenmp -c mpas_sort.F -I/scratch/app_sequana/netcdf/4.8.1_hdf5-threadsafe-HL_openmpi-4.1.6_gnu/include -I/scratch/app_sequana/pnetcdf/1.12.3_hdf5-threadsafe-HL_openmpi-4.1.6_gnu/include -I/scratch/cenapadrjsd/eduardo.garcia2/MONAN-scripts/sdumont/MONAN_src/MONAN-Model_v0.1.0_sdumont.gnu/src/external/SMIOL -I/scratch/app_sequana/netcdf/4.8.1_hdf5-threadsafe-HL_openmpi-4.1.6_gnu/include -I/scratch/app_sequana/pnetcdf/1.12.3_hdf5-threadsafe-HL_openmpi-4.1.6_gnu/include -I../external/esmf_time_f90
gcc -D_MPI -DCORE_INIT_ATMOSPHERE -DMPAS_NAMELIST_SUFFIX=init_atmosphere -DMPAS_EXE_NAME=init_atmosphere_model -DMPAS_OPENMP -DSINGLE_PRECISION -DMPAS_NATIVE_TIMERS -DMPAS_GIT_VERSION=v0.1.0-dirty -DMPAS_BUILD_TARGET=gfortran -DMPAS_SMIOL_SUPPORT -O3 -fopenmp -DSINGLE_PRECISION ../../external/ezxml/ezxml_tools.o -I../../external/ezxml -o parse parse.o dictionary.o gen_inc.o fortprintf.o utility.o
make[6]: Leaving directory `/scratch/cenapadrjsd/eduardo.garcia2/MONAN-scripts/sdumont/MONAN_src/MONAN-Model_v0.1.0_sdumont.gnu/src/tools/registry'
make[5]: Leaving directory `/scratch/cenapadrjsd/eduardo.garcia2/MONAN-scripts/sdumont/MONAN_src/MONAN-Model_v0.1.0_sdumont.gnu/src/tools/registry'
make[4]: Leaving directory `/scratch/cenapadrjsd/eduardo.garcia2/MONAN-scripts/sdumont/MONAN_src/MONAN-Model_v0.1.0_sdumont.gnu/src/tools'
( make build_input_gen CPPFLAGS="-D_MPI -DCORE_INIT_ATMOSPHERE -DMPAS_NAMELIST_SUFFIX=init_atmosphere -DMPAS_EXE_NAME=init_atmosphere_model -DMPAS_OPENMP -DSINGLE_PRECISION -DMPAS_NATIVE_TIMERS -DMPAS_GIT_VERSION=v0.1.0-dirty -DMPAS_BUILD_TARGET=gfortran -DMPAS_SMIOL_SUPPORT" CC="gcc" CFLAGS="-O3 -fopenmp -DSINGLE_PRECISION" )
make[4]: Entering directory `/scratch/cenapadrjsd/eduardo.garcia2/MONAN-scripts/sdumont/MONAN_src/MONAN-Model_v0.1.0_sdumont.gnu/src/tools'
*** Building MPAS tools from source ***
(cd input_gen; make CPPFLAGS="-D_MPI -DCORE_INIT_ATMOSPHERE -DMPAS_NAMELIST_SUFFIX=init_atmosphere -DMPAS_EXE_NAME=init_atmosphere_model -DMPAS_OPENMP -DSINGLE_PRECISION -DMPAS_NATIVE_TIMERS -DMPAS_GIT_VERSION=v0.1.0-dirty -DMPAS_BUILD_TARGET=gfortran -DMPAS_SMIOL_SUPPORT" CC="gcc" CFLAGS="-O3 -fopenmp -DSINGLE_PRECISION")
make[5]: Entering directory `/scratch/cenapadrjsd/eduardo.garcia2/MONAN-scripts/sdumont/MONAN_src/MONAN-Model_v0.1.0_sdumont.gnu/src/tools/input_gen'
(cd ../../external/ezxml; make CFLAGS="-O3 -fopenmp -DSINGLE_PRECISION " OBJFILE="ezxml_tools.o")
make[6]: Entering directory `/scratch/cenapadrjsd/eduardo.garcia2/MONAN-scripts/sdumont/MONAN_src/MONAN-Model_v0.1.0_sdumont.gnu/src/external/ezxml'
make[6]: `ezxml_tools.o' is up to date.
make[6]: Leaving directory `/scratch/cenapadrjsd/eduardo.garcia2/MONAN-scripts/sdumont/MONAN_src/MONAN-Model_v0.1.0_sdumont.gnu/src/external/ezxml'
(make -j 1 namelist_gen CPPFLAGS="-D_MPI -DCORE_INIT_ATMOSPHERE -DMPAS_NAMELIST_SUFFIX=init_atmosphere -DMPAS_EXE_NAME=init_atmosphere_model -DMPAS_OPENMP -DSINGLE_PRECISION -DMPAS_NATIVE_TIMERS -DMPAS_GIT_VERSION=v0.1.0-dirty -DMPAS_BUILD_TARGET=gfortran -DMPAS_SMIOL_SUPPORT" CPPINCLUDES="-I/scratch/app_sequana/netcdf/4.8.1_hdf5-threadsafe-HL_openmpi-4.1.6_gnu/include -I/scratch/app_sequana/pnetcdf/1.12.3_hdf5-threadsafe-HL_openmpi-4.1.6_gnu/include")
make[6]: Entering directory `/scratch/cenapadrjsd/eduardo.garcia2/MONAN-scripts/sdumont/MONAN_src/MONAN-Model_v0.1.0_sdumont.gnu/src/tools/input_gen'
make[6]: warning: -jN forced in submake: disabling jobserver mode.
(cd ../../external/ezxml; make CFLAGS="-O3 -fopenmp -DSINGLE_PRECISION " OBJFILE="ezxml_tools.o")
make[7]: Entering directory `/scratch/cenapadrjsd/eduardo.garcia2/MONAN-scripts/sdumont/MONAN_src/MONAN-Model_v0.1.0_sdumont.gnu/src/external/ezxml'
make[7]: `ezxml_tools.o' is up to date.
make[7]: Leaving directory `/scratch/cenapadrjsd/eduardo.garcia2/MONAN-scripts/sdumont/MONAN_src/MONAN-Model_v0.1.0_sdumont.gnu/src/external/ezxml'
gcc  -O3 -fopenmp -DSINGLE_PRECISION -D_MPI -DCORE_INIT_ATMOSPHERE -DMPAS_NAMELIST_SUFFIX=init_atmosphere -DMPAS_EXE_NAME=init_atmosphere_model -DMPAS_OPENMP -DSINGLE_PRECISION -DMPAS_NATIVE_TIMERS -DMPAS_GIT_VERSION=v0.1.0-dirty -DMPAS_BUILD_TARGET=gfortran -DMPAS_SMIOL_SUPPORT -I../../external/ezxml -c namelist_gen.c
gcc  -O3 -fopenmp -DSINGLE_PRECISION -D_MPI -DCORE_INIT_ATMOSPHERE -DMPAS_NAMELIST_SUFFIX=init_atmosphere -DMPAS_EXE_NAME=init_atmosphere_model -DMPAS_OPENMP -DSINGLE_PRECISION -DMPAS_NATIVE_TIMERS -DMPAS_GIT_VERSION=v0.1.0-dirty -DMPAS_BUILD_TARGET=gfortran -DMPAS_SMIOL_SUPPORT -I../../external/ezxml -c test_functions.c
gcc -D_MPI -DCORE_INIT_ATMOSPHERE -DMPAS_NAMELIST_SUFFIX=init_atmosphere -DMPAS_EXE_NAME=init_atmosphere_model -DMPAS_OPENMP -DSINGLE_PRECISION -DMPAS_NATIVE_TIMERS -DMPAS_GIT_VERSION=v0.1.0-dirty -DMPAS_BUILD_TARGET=gfortran -DMPAS_SMIOL_SUPPORT -O3 -fopenmp -DSINGLE_PRECISION -I../../external/ezxml -o namelist_gen namelist_gen.o test_functions.o ../../external/ezxml/ezxml_tools.o
make[6]: Leaving directory `/scratch/cenapadrjsd/eduardo.garcia2/MONAN-scripts/sdumont/MONAN_src/MONAN-Model_v0.1.0_sdumont.gnu/src/tools/input_gen'
(make -j 1 streams_gen CPPFLAGS="-D_MPI -DCORE_INIT_ATMOSPHERE -DMPAS_NAMELIST_SUFFIX=init_atmosphere -DMPAS_EXE_NAME=init_atmosphere_model -DMPAS_OPENMP -DSINGLE_PRECISION -DMPAS_NATIVE_TIMERS -DMPAS_GIT_VERSION=v0.1.0-dirty -DMPAS_BUILD_TARGET=gfortran -DMPAS_SMIOL_SUPPORT" CPPINCLUDES="-I/scratch/app_sequana/netcdf/4.8.1_hdf5-threadsafe-HL_openmpi-4.1.6_gnu/include -I/scratch/app_sequana/pnetcdf/1.12.3_hdf5-threadsafe-HL_openmpi-4.1.6_gnu/include")
make[6]: Entering directory `/scratch/cenapadrjsd/eduardo.garcia2/MONAN-scripts/sdumont/MONAN_src/MONAN-Model_v0.1.0_sdumont.gnu/src/tools/input_gen'
make[6]: warning: -jN forced in submake: disabling jobserver mode.
(cd ../../external/ezxml; make CFLAGS="-O3 -fopenmp -DSINGLE_PRECISION " OBJFILE="ezxml_tools.o")
make[7]: Entering directory `/scratch/cenapadrjsd/eduardo.garcia2/MONAN-scripts/sdumont/MONAN_src/MONAN-Model_v0.1.0_sdumont.gnu/src/external/ezxml'
make[7]: `ezxml_tools.o' is up to date.
make[7]: Leaving directory `/scratch/cenapadrjsd/eduardo.garcia2/MONAN-scripts/sdumont/MONAN_src/MONAN-Model_v0.1.0_sdumont.gnu/src/external/ezxml'
gcc  -O3 -fopenmp -DSINGLE_PRECISION -D_MPI -DCORE_INIT_ATMOSPHERE -DMPAS_NAMELIST_SUFFIX=init_atmosphere -DMPAS_EXE_NAME=init_atmosphere_model -DMPAS_OPENMP -DSINGLE_PRECISION -DMPAS_NATIVE_TIMERS -DMPAS_GIT_VERSION=v0.1.0-dirty -DMPAS_BUILD_TARGET=gfortran -DMPAS_SMIOL_SUPPORT -I../../external/ezxml -c streams_gen.c
gcc -D_MPI -DCORE_INIT_ATMOSPHERE -DMPAS_NAMELIST_SUFFIX=init_atmosphere -DMPAS_EXE_NAME=init_atmosphere_model -DMPAS_OPENMP -DSINGLE_PRECISION -DMPAS_NATIVE_TIMERS -DMPAS_GIT_VERSION=v0.1.0-dirty -DMPAS_BUILD_TARGET=gfortran -DMPAS_SMIOL_SUPPORT -O3 -fopenmp -DSINGLE_PRECISION -I../../external/ezxml -o streams_gen streams_gen.o test_functions.o ../../external/ezxml/ezxml_tools.o
make[6]: Leaving directory `/scratch/cenapadrjsd/eduardo.garcia2/MONAN-scripts/sdumont/MONAN_src/MONAN-Model_v0.1.0_sdumont.gnu/src/tools/input_gen'
make[5]: Leaving directory `/scratch/cenapadrjsd/eduardo.garcia2/MONAN-scripts/sdumont/MONAN_src/MONAN-Model_v0.1.0_sdumont.gnu/src/tools/input_gen'
make[4]: Leaving directory `/scratch/cenapadrjsd/eduardo.garcia2/MONAN-scripts/sdumont/MONAN_src/MONAN-Model_v0.1.0_sdumont.gnu/src/tools'
make[3]: Leaving directory `/scratch/cenapadrjsd/eduardo.garcia2/MONAN-scripts/sdumont/MONAN_src/MONAN-Model_v0.1.0_sdumont.gnu/src/tools'
rm -f mpas_pool_routines.o mpas_pool_routines.mod
mpif90 -D_MPI -DCORE_INIT_ATMOSPHERE -DMPAS_NAMELIST_SUFFIX=init_atmosphere -DMPAS_EXE_NAME=init_atmosphere_model -DMPAS_OPENMP -DSINGLE_PRECISION -DMPAS_NATIVE_TIMERS -DMPAS_GIT_VERSION=v0.1.0-dirty -DMPAS_BUILD_TARGET=gfortran -DMPAS_SMIOL_SUPPORT -O3 -ffree-line-length-none -fconvert=big-endian -ffree-form -fopenmp -c mpas_pool_routines.F -I/scratch/app_sequana/netcdf/4.8.1_hdf5-threadsafe-HL_openmpi-4.1.6_gnu/include -I/scratch/app_sequana/pnetcdf/1.12.3_hdf5-threadsafe-HL_openmpi-4.1.6_gnu/include -I/scratch/cenapadrjsd/eduardo.garcia2/MONAN-scripts/sdumont/MONAN_src/MONAN-Model_v0.1.0_sdumont.gnu/src/external/SMIOL -I/scratch/app_sequana/netcdf/4.8.1_hdf5-threadsafe-HL_openmpi-4.1.6_gnu/include -I/scratch/app_sequana/pnetcdf/1.12.3_hdf5-threadsafe-HL_openmpi-4.1.6_gnu/include -I../external/esmf_time_f90
rm -f mpas_dmpar.o mpas_dmpar.mod
rm -f mpas_halo.o mpas_halo.mod
mpif90 -D_MPI -DCORE_INIT_ATMOSPHERE -DMPAS_NAMELIST_SUFFIX=init_atmosphere -DMPAS_EXE_NAME=init_atmosphere_model -DMPAS_OPENMP -DSINGLE_PRECISION -DMPAS_NATIVE_TIMERS -DMPAS_GIT_VERSION=v0.1.0-dirty -DMPAS_BUILD_TARGET=gfortran -DMPAS_SMIOL_SUPPORT -O3 -ffree-line-length-none -fconvert=big-endian -ffree-form -fopenmp -c mpas_dmpar.F -I/scratch/app_sequana/netcdf/4.8.1_hdf5-threadsafe-HL_openmpi-4.1.6_gnu/include -I/scratch/app_sequana/pnetcdf/1.12.3_hdf5-threadsafe-HL_openmpi-4.1.6_gnu/include -I/scratch/cenapadrjsd/eduardo.garcia2/MONAN-scripts/sdumont/MONAN_src/MONAN-Model_v0.1.0_sdumont.gnu/src/external/SMIOL -I/scratch/app_sequana/netcdf/4.8.1_hdf5-threadsafe-HL_openmpi-4.1.6_gnu/include -I/scratch/app_sequana/pnetcdf/1.12.3_hdf5-threadsafe-HL_openmpi-4.1.6_gnu/include -I../external/esmf_time_f90
mpif90 -D_MPI -DCORE_INIT_ATMOSPHERE -DMPAS_NAMELIST_SUFFIX=init_atmosphere -DMPAS_EXE_NAME=init_atmosphere_model -DMPAS_OPENMP -DSINGLE_PRECISION -DMPAS_NATIVE_TIMERS -DMPAS_GIT_VERSION=v0.1.0-dirty -DMPAS_BUILD_TARGET=gfortran -DMPAS_SMIOL_SUPPORT -O3 -ffree-line-length-none -fconvert=big-endian -ffree-form -fopenmp -c mpas_halo.F -I/scratch/app_sequana/netcdf/4.8.1_hdf5-threadsafe-HL_openmpi-4.1.6_gnu/include -I/scratch/app_sequana/pnetcdf/1.12.3_hdf5-threadsafe-HL_openmpi-4.1.6_gnu/include -I/scratch/cenapadrjsd/eduardo.garcia2/MONAN-scripts/sdumont/MONAN_src/MONAN-Model_v0.1.0_sdumont.gnu/src/external/SMIOL -I/scratch/app_sequana/netcdf/4.8.1_hdf5-threadsafe-HL_openmpi-4.1.6_gnu/include -I/scratch/app_sequana/pnetcdf/1.12.3_hdf5-threadsafe-HL_openmpi-4.1.6_gnu/include -I../external/esmf_time_f90
rm -f mpas_io.o mpas_io.mod
rm -f mpas_domain_routines.o mpas_domain_routines.mod
rm -f mpas_timer.o mpas_timer.mod
rm -f mpas_block_decomp.o mpas_block_decomp.mod
rm -f mpas_timekeeping.o mpas_timekeeping.mod
mpif90 -D_MPI -DCORE_INIT_ATMOSPHERE -DMPAS_NAMELIST_SUFFIX=init_atmosphere -DMPAS_EXE_NAME=init_atmosphere_model -DMPAS_OPENMP -DSINGLE_PRECISION -DMPAS_NATIVE_TIMERS -DMPAS_GIT_VERSION=v0.1.0-dirty -DMPAS_BUILD_TARGET=gfortran -DMPAS_SMIOL_SUPPORT -O3 -ffree-line-length-none -fconvert=big-endian -ffree-form -fopenmp -c mpas_io.F -I/scratch/app_sequana/netcdf/4.8.1_hdf5-threadsafe-HL_openmpi-4.1.6_gnu/include -I/scratch/app_sequana/pnetcdf/1.12.3_hdf5-threadsafe-HL_openmpi-4.1.6_gnu/include -I/scratch/cenapadrjsd/eduardo.garcia2/MONAN-scripts/sdumont/MONAN_src/MONAN-Model_v0.1.0_sdumont.gnu/src/external/SMIOL -I/scratch/app_sequana/netcdf/4.8.1_hdf5-threadsafe-HL_openmpi-4.1.6_gnu/include -I/scratch/app_sequana/pnetcdf/1.12.3_hdf5-threadsafe-HL_openmpi-4.1.6_gnu/include -I../external/esmf_time_f90
mpif90 -D_MPI -DCORE_INIT_ATMOSPHERE -DMPAS_NAMELIST_SUFFIX=init_atmosphere -DMPAS_EXE_NAME=init_atmosphere_model -DMPAS_OPENMP -DSINGLE_PRECISION -DMPAS_NATIVE_TIMERS -DMPAS_GIT_VERSION=v0.1.0-dirty -DMPAS_BUILD_TARGET=gfortran -DMPAS_SMIOL_SUPPORT -O3 -ffree-line-length-none -fconvert=big-endian -ffree-form -fopenmp -c mpas_domain_routines.F -I/scratch/app_sequana/netcdf/4.8.1_hdf5-threadsafe-HL_openmpi-4.1.6_gnu/include -I/scratch/app_sequana/pnetcdf/1.12.3_hdf5-threadsafe-HL_openmpi-4.1.6_gnu/include -I/scratch/cenapadrjsd/eduardo.garcia2/MONAN-scripts/sdumont/MONAN_src/MONAN-Model_v0.1.0_sdumont.gnu/src/external/SMIOL -I/scratch/app_sequana/netcdf/4.8.1_hdf5-threadsafe-HL_openmpi-4.1.6_gnu/include -I/scratch/app_sequana/pnetcdf/1.12.3_hdf5-threadsafe-HL_openmpi-4.1.6_gnu/include -I../external/esmf_time_f90
mpif90 -D_MPI -DCORE_INIT_ATMOSPHERE -DMPAS_NAMELIST_SUFFIX=init_atmosphere -DMPAS_EXE_NAME=init_atmosphere_model -DMPAS_OPENMP -DSINGLE_PRECISION -DMPAS_NATIVE_TIMERS -DMPAS_GIT_VERSION=v0.1.0-dirty -DMPAS_BUILD_TARGET=gfortran -DMPAS_SMIOL_SUPPORT -O3 -ffree-line-length-none -fconvert=big-endian -ffree-form -fopenmp -c mpas_timer.F -I/scratch/app_sequana/netcdf/4.8.1_hdf5-threadsafe-HL_openmpi-4.1.6_gnu/include -I/scratch/app_sequana/pnetcdf/1.12.3_hdf5-threadsafe-HL_openmpi-4.1.6_gnu/include -I/scratch/cenapadrjsd/eduardo.garcia2/MONAN-scripts/sdumont/MONAN_src/MONAN-Model_v0.1.0_sdumont.gnu/src/external/SMIOL -I/scratch/app_sequana/netcdf/4.8.1_hdf5-threadsafe-HL_openmpi-4.1.6_gnu/include -I/scratch/app_sequana/pnetcdf/1.12.3_hdf5-threadsafe-HL_openmpi-4.1.6_gnu/include -I../external/esmf_time_f90
mpif90 -D_MPI -DCORE_INIT_ATMOSPHERE -DMPAS_NAMELIST_SUFFIX=init_atmosphere -DMPAS_EXE_NAME=init_atmosphere_model -DMPAS_OPENMP -DSINGLE_PRECISION -DMPAS_NATIVE_TIMERS -DMPAS_GIT_VERSION=v0.1.0-dirty -DMPAS_BUILD_TARGET=gfortran -DMPAS_SMIOL_SUPPORT -O3 -ffree-line-length-none -fconvert=big-endian -ffree-form -fopenmp -c mpas_block_decomp.F -I/scratch/app_sequana/netcdf/4.8.1_hdf5-threadsafe-HL_openmpi-4.1.6_gnu/include -I/scratch/app_sequana/pnetcdf/1.12.3_hdf5-threadsafe-HL_openmpi-4.1.6_gnu/include -I/scratch/cenapadrjsd/eduardo.garcia2/MONAN-scripts/sdumont/MONAN_src/MONAN-Model_v0.1.0_sdumont.gnu/src/external/SMIOL -I/scratch/app_sequana/netcdf/4.8.1_hdf5-threadsafe-HL_openmpi-4.1.6_gnu/include -I/scratch/app_sequana/pnetcdf/1.12.3_hdf5-threadsafe-HL_openmpi-4.1.6_gnu/include -I../external/esmf_time_f90
mpif90 -D_MPI -DCORE_INIT_ATMOSPHERE -DMPAS_NAMELIST_SUFFIX=init_atmosphere -DMPAS_EXE_NAME=init_atmosphere_model -DMPAS_OPENMP -DSINGLE_PRECISION -DMPAS_NATIVE_TIMERS -DMPAS_GIT_VERSION=v0.1.0-dirty -DMPAS_BUILD_TARGET=gfortran -DMPAS_SMIOL_SUPPORT -O3 -ffree-line-length-none -fconvert=big-endian -ffree-form -fopenmp -c mpas_timekeeping.F -I/scratch/app_sequana/netcdf/4.8.1_hdf5-threadsafe-HL_openmpi-4.1.6_gnu/include -I/scratch/app_sequana/pnetcdf/1.12.3_hdf5-threadsafe-HL_openmpi-4.1.6_gnu/include -I/scratch/cenapadrjsd/eduardo.garcia2/MONAN-scripts/sdumont/MONAN_src/MONAN-Model_v0.1.0_sdumont.gnu/src/external/SMIOL -I/scratch/app_sequana/netcdf/4.8.1_hdf5-threadsafe-HL_openmpi-4.1.6_gnu/include -I/scratch/app_sequana/pnetcdf/1.12.3_hdf5-threadsafe-HL_openmpi-4.1.6_gnu/include -I../external/esmf_time_f90
rm -f mpas_io_streams.o mpas_io_streams.mod
mpif90 -D_MPI -DCORE_INIT_ATMOSPHERE -DMPAS_NAMELIST_SUFFIX=init_atmosphere -DMPAS_EXE_NAME=init_atmosphere_model -DMPAS_OPENMP -DSINGLE_PRECISION -DMPAS_NATIVE_TIMERS -DMPAS_GIT_VERSION=v0.1.0-dirty -DMPAS_BUILD_TARGET=gfortran -DMPAS_SMIOL_SUPPORT -O3 -ffree-line-length-none -fconvert=big-endian -ffree-form -fopenmp -c mpas_io_streams.F -I/scratch/app_sequana/netcdf/4.8.1_hdf5-threadsafe-HL_openmpi-4.1.6_gnu/include -I/scratch/app_sequana/pnetcdf/1.12.3_hdf5-threadsafe-HL_openmpi-4.1.6_gnu/include -I/scratch/cenapadrjsd/eduardo.garcia2/MONAN-scripts/sdumont/MONAN_src/MONAN-Model_v0.1.0_sdumont.gnu/src/external/SMIOL -I/scratch/app_sequana/netcdf/4.8.1_hdf5-threadsafe-HL_openmpi-4.1.6_gnu/include -I/scratch/app_sequana/pnetcdf/1.12.3_hdf5-threadsafe-HL_openmpi-4.1.6_gnu/include -I../external/esmf_time_f90
rm -f mpas_stream_list.o mpas_stream_list.mod
mpif90 -D_MPI -DCORE_INIT_ATMOSPHERE -DMPAS_NAMELIST_SUFFIX=init_atmosphere -DMPAS_EXE_NAME=init_atmosphere_model -DMPAS_OPENMP -DSINGLE_PRECISION -DMPAS_NATIVE_TIMERS -DMPAS_GIT_VERSION=v0.1.0-dirty -DMPAS_BUILD_TARGET=gfortran -DMPAS_SMIOL_SUPPORT -O3 -ffree-line-length-none -fconvert=big-endian -ffree-form -fopenmp -c mpas_stream_list.F -I/scratch/app_sequana/netcdf/4.8.1_hdf5-threadsafe-HL_openmpi-4.1.6_gnu/include -I/scratch/app_sequana/pnetcdf/1.12.3_hdf5-threadsafe-HL_openmpi-4.1.6_gnu/include -I/scratch/cenapadrjsd/eduardo.garcia2/MONAN-scripts/sdumont/MONAN_src/MONAN-Model_v0.1.0_sdumont.gnu/src/external/SMIOL -I/scratch/app_sequana/netcdf/4.8.1_hdf5-threadsafe-HL_openmpi-4.1.6_gnu/include -I/scratch/app_sequana/pnetcdf/1.12.3_hdf5-threadsafe-HL_openmpi-4.1.6_gnu/include -I../external/esmf_time_f90
rm -f mpas_stream_manager.o mpas_stream_manager.mod
mpif90 -D_MPI -DCORE_INIT_ATMOSPHERE -DMPAS_NAMELIST_SUFFIX=init_atmosphere -DMPAS_EXE_NAME=init_atmosphere_model -DMPAS_OPENMP -DSINGLE_PRECISION -DMPAS_NATIVE_TIMERS -DMPAS_GIT_VERSION=v0.1.0-dirty -DMPAS_BUILD_TARGET=gfortran -DMPAS_SMIOL_SUPPORT -O3 -ffree-line-length-none -fconvert=big-endian -ffree-form -fopenmp -c mpas_stream_manager.F -I/scratch/app_sequana/netcdf/4.8.1_hdf5-threadsafe-HL_openmpi-4.1.6_gnu/include -I/scratch/app_sequana/pnetcdf/1.12.3_hdf5-threadsafe-HL_openmpi-4.1.6_gnu/include -I/scratch/cenapadrjsd/eduardo.garcia2/MONAN-scripts/sdumont/MONAN_src/MONAN-Model_v0.1.0_sdumont.gnu/src/external/SMIOL -I/scratch/app_sequana/netcdf/4.8.1_hdf5-threadsafe-HL_openmpi-4.1.6_gnu/include -I/scratch/app_sequana/pnetcdf/1.12.3_hdf5-threadsafe-HL_openmpi-4.1.6_gnu/include -I../external/esmf_time_f90
rm -f mpas_framework.o mpas_framework.mod
rm -f mpas_decomp.o mpas_decomp.mod
rm -f mpas_forcing.o mpas_forcing.mod
mpif90 -D_MPI -DCORE_INIT_ATMOSPHERE -DMPAS_NAMELIST_SUFFIX=init_atmosphere -DMPAS_EXE_NAME=init_atmosphere_model -DMPAS_OPENMP -DSINGLE_PRECISION -DMPAS_NATIVE_TIMERS -DMPAS_GIT_VERSION=v0.1.0-dirty -DMPAS_BUILD_TARGET=gfortran -DMPAS_SMIOL_SUPPORT -O3 -ffree-line-length-none -fconvert=big-endian -ffree-form -fopenmp -c mpas_framework.F -I/scratch/app_sequana/netcdf/4.8.1_hdf5-threadsafe-HL_openmpi-4.1.6_gnu/include -I/scratch/app_sequana/pnetcdf/1.12.3_hdf5-threadsafe-HL_openmpi-4.1.6_gnu/include -I/scratch/cenapadrjsd/eduardo.garcia2/MONAN-scripts/sdumont/MONAN_src/MONAN-Model_v0.1.0_sdumont.gnu/src/external/SMIOL -I/scratch/app_sequana/netcdf/4.8.1_hdf5-threadsafe-HL_openmpi-4.1.6_gnu/include -I/scratch/app_sequana/pnetcdf/1.12.3_hdf5-threadsafe-HL_openmpi-4.1.6_gnu/include -I../external/esmf_time_f90
mpif90 -D_MPI -DCORE_INIT_ATMOSPHERE -DMPAS_NAMELIST_SUFFIX=init_atmosphere -DMPAS_EXE_NAME=init_atmosphere_model -DMPAS_OPENMP -DSINGLE_PRECISION -DMPAS_NATIVE_TIMERS -DMPAS_GIT_VERSION=v0.1.0-dirty -DMPAS_BUILD_TARGET=gfortran -DMPAS_SMIOL_SUPPORT -O3 -ffree-line-length-none -fconvert=big-endian -ffree-form -fopenmp -c mpas_decomp.F -I/scratch/app_sequana/netcdf/4.8.1_hdf5-threadsafe-HL_openmpi-4.1.6_gnu/include -I/scratch/app_sequana/pnetcdf/1.12.3_hdf5-threadsafe-HL_openmpi-4.1.6_gnu/include -I/scratch/cenapadrjsd/eduardo.garcia2/MONAN-scripts/sdumont/MONAN_src/MONAN-Model_v0.1.0_sdumont.gnu/src/external/SMIOL -I/scratch/app_sequana/netcdf/4.8.1_hdf5-threadsafe-HL_openmpi-4.1.6_gnu/include -I/scratch/app_sequana/pnetcdf/1.12.3_hdf5-threadsafe-HL_openmpi-4.1.6_gnu/include -I../external/esmf_time_f90
mpif90 -D_MPI -DCORE_INIT_ATMOSPHERE -DMPAS_NAMELIST_SUFFIX=init_atmosphere -DMPAS_EXE_NAME=init_atmosphere_model -DMPAS_OPENMP -DSINGLE_PRECISION -DMPAS_NATIVE_TIMERS -DMPAS_GIT_VERSION=v0.1.0-dirty -DMPAS_BUILD_TARGET=gfortran -DMPAS_SMIOL_SUPPORT -O3 -ffree-line-length-none -fconvert=big-endian -ffree-form -fopenmp -c mpas_forcing.F -I/scratch/app_sequana/netcdf/4.8.1_hdf5-threadsafe-HL_openmpi-4.1.6_gnu/include -I/scratch/app_sequana/pnetcdf/1.12.3_hdf5-threadsafe-HL_openmpi-4.1.6_gnu/include -I/scratch/cenapadrjsd/eduardo.garcia2/MONAN-scripts/sdumont/MONAN_src/MONAN-Model_v0.1.0_sdumont.gnu/src/external/SMIOL -I/scratch/app_sequana/netcdf/4.8.1_hdf5-threadsafe-HL_openmpi-4.1.6_gnu/include -I/scratch/app_sequana/pnetcdf/1.12.3_hdf5-threadsafe-HL_openmpi-4.1.6_gnu/include -I../external/esmf_time_f90
rm -f mpas_block_creator.o mpas_block_creator.mod
mpif90 -D_MPI -DCORE_INIT_ATMOSPHERE -DMPAS_NAMELIST_SUFFIX=init_atmosphere -DMPAS_EXE_NAME=init_atmosphere_model -DMPAS_OPENMP -DSINGLE_PRECISION -DMPAS_NATIVE_TIMERS -DMPAS_GIT_VERSION=v0.1.0-dirty -DMPAS_BUILD_TARGET=gfortran -DMPAS_SMIOL_SUPPORT -O3 -ffree-line-length-none -fconvert=big-endian -ffree-form -fopenmp -c mpas_block_creator.F -I/scratch/app_sequana/netcdf/4.8.1_hdf5-threadsafe-HL_openmpi-4.1.6_gnu/include -I/scratch/app_sequana/pnetcdf/1.12.3_hdf5-threadsafe-HL_openmpi-4.1.6_gnu/include -I/scratch/cenapadrjsd/eduardo.garcia2/MONAN-scripts/sdumont/MONAN_src/MONAN-Model_v0.1.0_sdumont.gnu/src/external/SMIOL -I/scratch/app_sequana/netcdf/4.8.1_hdf5-threadsafe-HL_openmpi-4.1.6_gnu/include -I/scratch/app_sequana/pnetcdf/1.12.3_hdf5-threadsafe-HL_openmpi-4.1.6_gnu/include -I../external/esmf_time_f90
rm -f mpas_bootstrapping.o mpas_bootstrapping.mod
mpif90 -D_MPI -DCORE_INIT_ATMOSPHERE -DMPAS_NAMELIST_SUFFIX=init_atmosphere -DMPAS_EXE_NAME=init_atmosphere_model -DMPAS_OPENMP -DSINGLE_PRECISION -DMPAS_NATIVE_TIMERS -DMPAS_GIT_VERSION=v0.1.0-dirty -DMPAS_BUILD_TARGET=gfortran -DMPAS_SMIOL_SUPPORT -O3 -ffree-line-length-none -fconvert=big-endian -ffree-form -fopenmp -c mpas_bootstrapping.F -I/scratch/app_sequana/netcdf/4.8.1_hdf5-threadsafe-HL_openmpi-4.1.6_gnu/include -I/scratch/app_sequana/pnetcdf/1.12.3_hdf5-threadsafe-HL_openmpi-4.1.6_gnu/include -I/scratch/cenapadrjsd/eduardo.garcia2/MONAN-scripts/sdumont/MONAN_src/MONAN-Model_v0.1.0_sdumont.gnu/src/external/SMIOL -I/scratch/app_sequana/netcdf/4.8.1_hdf5-threadsafe-HL_openmpi-4.1.6_gnu/include -I/scratch/app_sequana/pnetcdf/1.12.3_hdf5-threadsafe-HL_openmpi-4.1.6_gnu/include -I../external/esmf_time_f90
ar -ru libframework.a mpas_kind_types.o mpas_framework.o mpas_timer.o mpas_timekeeping.o mpas_constants.o mpas_attlist.o mpas_hash.o mpas_sort.o mpas_block_decomp.o mpas_block_creator.o mpas_dmpar.o mpas_abort.o mpas_decomp.o mpas_threading.o mpas_io.o mpas_io_streams.o mpas_bootstrapping.o mpas_io_units.o mpas_stream_manager.o mpas_stream_list.o mpas_forcing.o mpas_c_interfacing.o random_id.o pool_hash.o mpas_derived_types.o mpas_domain_routines.o mpas_field_routines.o mpas_pool_routines.o xml_stream_parser.o regex_matching.o mpas_log.o mpas_halo.o ../external/ezxml/ezxml.o
ar: creating libframework.a
make[3]: Leaving directory `/scratch/cenapadrjsd/eduardo.garcia2/MONAN-scripts/sdumont/MONAN_src/MONAN-Model_v0.1.0_sdumont.gnu/src/framework'
ln -sf framework/libframework.a libframework.a
( cd operators; make CPPFLAGS="-D_MPI -DCORE_INIT_ATMOSPHERE -DMPAS_NAMELIST_SUFFIX=init_atmosphere -DMPAS_EXE_NAME=init_atmosphere_model -DMPAS_OPENMP -DSINGLE_PRECISION -DMPAS_NATIVE_TIMERS -DMPAS_GIT_VERSION=v0.1.0-dirty -DMPAS_BUILD_TARGET=gfortran -DMPAS_SMIOL_SUPPORT" CPPINCLUDES="-I/scratch/app_sequana/netcdf/4.8.1_hdf5-threadsafe-HL_openmpi-4.1.6_gnu/include -I/scratch/app_sequana/pnetcdf/1.12.3_hdf5-threadsafe-HL_openmpi-4.1.6_gnu/include" all ) 
make[3]: Entering directory `/scratch/cenapadrjsd/eduardo.garcia2/MONAN-scripts/sdumont/MONAN_src/MONAN-Model_v0.1.0_sdumont.gnu/src/operators'
rm -f mpas_vector_operations.o mpas_vector_operations.mod
rm -f mpas_matrix_operations.o mpas_matrix_operations.mod
rm -f mpas_spline_interpolation.o mpas_spline_interpolation.mod
mpif90 -D_MPI -DCORE_INIT_ATMOSPHERE -DMPAS_NAMELIST_SUFFIX=init_atmosphere -DMPAS_EXE_NAME=init_atmosphere_model -DMPAS_OPENMP -DSINGLE_PRECISION -DMPAS_NATIVE_TIMERS -DMPAS_GIT_VERSION=v0.1.0-dirty -DMPAS_BUILD_TARGET=gfortran -DMPAS_SMIOL_SUPPORT -O3 -ffree-line-length-none -fconvert=big-endian -ffree-form -fopenmp -c mpas_vector_operations.F -I/scratch/app_sequana/netcdf/4.8.1_hdf5-threadsafe-HL_openmpi-4.1.6_gnu/include -I/scratch/app_sequana/pnetcdf/1.12.3_hdf5-threadsafe-HL_openmpi-4.1.6_gnu/include -I/scratch/cenapadrjsd/eduardo.garcia2/MONAN-scripts/sdumont/MONAN_src/MONAN-Model_v0.1.0_sdumont.gnu/src/external/SMIOL -I/scratch/app_sequana/netcdf/4.8.1_hdf5-threadsafe-HL_openmpi-4.1.6_gnu/include -I/scratch/app_sequana/pnetcdf/1.12.3_hdf5-threadsafe-HL_openmpi-4.1.6_gnu/include -I../framework -I../external/esmf_time_f90
mpif90 -D_MPI -DCORE_INIT_ATMOSPHERE -DMPAS_NAMELIST_SUFFIX=init_atmosphere -DMPAS_EXE_NAME=init_atmosphere_model -DMPAS_OPENMP -DSINGLE_PRECISION -DMPAS_NATIVE_TIMERS -DMPAS_GIT_VERSION=v0.1.0-dirty -DMPAS_BUILD_TARGET=gfortran -DMPAS_SMIOL_SUPPORT -O3 -ffree-line-length-none -fconvert=big-endian -ffree-form -fopenmp -c mpas_matrix_operations.F -I/scratch/app_sequana/netcdf/4.8.1_hdf5-threadsafe-HL_openmpi-4.1.6_gnu/include -I/scratch/app_sequana/pnetcdf/1.12.3_hdf5-threadsafe-HL_openmpi-4.1.6_gnu/include -I/scratch/cenapadrjsd/eduardo.garcia2/MONAN-scripts/sdumont/MONAN_src/MONAN-Model_v0.1.0_sdumont.gnu/src/external/SMIOL -I/scratch/app_sequana/netcdf/4.8.1_hdf5-threadsafe-HL_openmpi-4.1.6_gnu/include -I/scratch/app_sequana/pnetcdf/1.12.3_hdf5-threadsafe-HL_openmpi-4.1.6_gnu/include -I../framework -I../external/esmf_time_f90
mpif90 -D_MPI -DCORE_INIT_ATMOSPHERE -DMPAS_NAMELIST_SUFFIX=init_atmosphere -DMPAS_EXE_NAME=init_atmosphere_model -DMPAS_OPENMP -DSINGLE_PRECISION -DMPAS_NATIVE_TIMERS -DMPAS_GIT_VERSION=v0.1.0-dirty -DMPAS_BUILD_TARGET=gfortran -DMPAS_SMIOL_SUPPORT -O3 -ffree-line-length-none -fconvert=big-endian -ffree-form -fopenmp -c mpas_spline_interpolation.F -I/scratch/app_sequana/netcdf/4.8.1_hdf5-threadsafe-HL_openmpi-4.1.6_gnu/include -I/scratch/app_sequana/pnetcdf/1.12.3_hdf5-threadsafe-HL_openmpi-4.1.6_gnu/include -I/scratch/cenapadrjsd/eduardo.garcia2/MONAN-scripts/sdumont/MONAN_src/MONAN-Model_v0.1.0_sdumont.gnu/src/external/SMIOL -I/scratch/app_sequana/netcdf/4.8.1_hdf5-threadsafe-HL_openmpi-4.1.6_gnu/include -I/scratch/app_sequana/pnetcdf/1.12.3_hdf5-threadsafe-HL_openmpi-4.1.6_gnu/include -I../framework -I../external/esmf_time_f90
rm -f mpas_tensor_operations.o mpas_tensor_operations.mod
rm -f mpas_rbf_interpolation.o mpas_rbf_interpolation.mod
rm -f mpas_geometry_utils.o mpas_geometry_utils.mod
mpif90 -D_MPI -DCORE_INIT_ATMOSPHERE -DMPAS_NAMELIST_SUFFIX=init_atmosphere -DMPAS_EXE_NAME=init_atmosphere_model -DMPAS_OPENMP -DSINGLE_PRECISION -DMPAS_NATIVE_TIMERS -DMPAS_GIT_VERSION=v0.1.0-dirty -DMPAS_BUILD_TARGET=gfortran -DMPAS_SMIOL_SUPPORT -O3 -ffree-line-length-none -fconvert=big-endian -ffree-form -fopenmp -c mpas_tensor_operations.F -I/scratch/app_sequana/netcdf/4.8.1_hdf5-threadsafe-HL_openmpi-4.1.6_gnu/include -I/scratch/app_sequana/pnetcdf/1.12.3_hdf5-threadsafe-HL_openmpi-4.1.6_gnu/include -I/scratch/cenapadrjsd/eduardo.garcia2/MONAN-scripts/sdumont/MONAN_src/MONAN-Model_v0.1.0_sdumont.gnu/src/external/SMIOL -I/scratch/app_sequana/netcdf/4.8.1_hdf5-threadsafe-HL_openmpi-4.1.6_gnu/include -I/scratch/app_sequana/pnetcdf/1.12.3_hdf5-threadsafe-HL_openmpi-4.1.6_gnu/include -I../framework -I../external/esmf_time_f90
mpif90 -D_MPI -DCORE_INIT_ATMOSPHERE -DMPAS_NAMELIST_SUFFIX=init_atmosphere -DMPAS_EXE_NAME=init_atmosphere_model -DMPAS_OPENMP -DSINGLE_PRECISION -DMPAS_NATIVE_TIMERS -DMPAS_GIT_VERSION=v0.1.0-dirty -DMPAS_BUILD_TARGET=gfortran -DMPAS_SMIOL_SUPPORT -O3 -ffree-line-length-none -fconvert=big-endian -ffree-form -fopenmp -c mpas_rbf_interpolation.F -I/scratch/app_sequana/netcdf/4.8.1_hdf5-threadsafe-HL_openmpi-4.1.6_gnu/include -I/scratch/app_sequana/pnetcdf/1.12.3_hdf5-threadsafe-HL_openmpi-4.1.6_gnu/include -I/scratch/cenapadrjsd/eduardo.garcia2/MONAN-scripts/sdumont/MONAN_src/MONAN-Model_v0.1.0_sdumont.gnu/src/external/SMIOL -I/scratch/app_sequana/netcdf/4.8.1_hdf5-threadsafe-HL_openmpi-4.1.6_gnu/include -I/scratch/app_sequana/pnetcdf/1.12.3_hdf5-threadsafe-HL_openmpi-4.1.6_gnu/include -I../framework -I../external/esmf_time_f90
mpif90 -D_MPI -DCORE_INIT_ATMOSPHERE -DMPAS_NAMELIST_SUFFIX=init_atmosphere -DMPAS_EXE_NAME=init_atmosphere_model -DMPAS_OPENMP -DSINGLE_PRECISION -DMPAS_NATIVE_TIMERS -DMPAS_GIT_VERSION=v0.1.0-dirty -DMPAS_BUILD_TARGET=gfortran -DMPAS_SMIOL_SUPPORT -O3 -ffree-line-length-none -fconvert=big-endian -ffree-form -fopenmp -c mpas_geometry_utils.F -I/scratch/app_sequana/netcdf/4.8.1_hdf5-threadsafe-HL_openmpi-4.1.6_gnu/include -I/scratch/app_sequana/pnetcdf/1.12.3_hdf5-threadsafe-HL_openmpi-4.1.6_gnu/include -I/scratch/cenapadrjsd/eduardo.garcia2/MONAN-scripts/sdumont/MONAN_src/MONAN-Model_v0.1.0_sdumont.gnu/src/external/SMIOL -I/scratch/app_sequana/netcdf/4.8.1_hdf5-threadsafe-HL_openmpi-4.1.6_gnu/include -I/scratch/app_sequana/pnetcdf/1.12.3_hdf5-threadsafe-HL_openmpi-4.1.6_gnu/include -I../framework -I../external/esmf_time_f90
rm -f mpas_tracer_advection_helpers.o mpas_tracer_advection_helpers.mod
mpif90 -D_MPI -DCORE_INIT_ATMOSPHERE -DMPAS_NAMELIST_SUFFIX=init_atmosphere -DMPAS_EXE_NAME=init_atmosphere_model -DMPAS_OPENMP -DSINGLE_PRECISION -DMPAS_NATIVE_TIMERS -DMPAS_GIT_VERSION=v0.1.0-dirty -DMPAS_BUILD_TARGET=gfortran -DMPAS_SMIOL_SUPPORT -O3 -ffree-line-length-none -fconvert=big-endian -ffree-form -fopenmp -c mpas_tracer_advection_helpers.F -I/scratch/app_sequana/netcdf/4.8.1_hdf5-threadsafe-HL_openmpi-4.1.6_gnu/include -I/scratch/app_sequana/pnetcdf/1.12.3_hdf5-threadsafe-HL_openmpi-4.1.6_gnu/include -I/scratch/cenapadrjsd/eduardo.garcia2/MONAN-scripts/sdumont/MONAN_src/MONAN-Model_v0.1.0_sdumont.gnu/src/external/SMIOL -I/scratch/app_sequana/netcdf/4.8.1_hdf5-threadsafe-HL_openmpi-4.1.6_gnu/include -I/scratch/app_sequana/pnetcdf/1.12.3_hdf5-threadsafe-HL_openmpi-4.1.6_gnu/include -I../framework -I../external/esmf_time_f90
rm -f mpas_vector_reconstruction.o mpas_vector_reconstruction.mod
mpif90 -D_MPI -DCORE_INIT_ATMOSPHERE -DMPAS_NAMELIST_SUFFIX=init_atmosphere -DMPAS_EXE_NAME=init_atmosphere_model -DMPAS_OPENMP -DSINGLE_PRECISION -DMPAS_NATIVE_TIMERS -DMPAS_GIT_VERSION=v0.1.0-dirty -DMPAS_BUILD_TARGET=gfortran -DMPAS_SMIOL_SUPPORT -O3 -ffree-line-length-none -fconvert=big-endian -ffree-form -fopenmp -c mpas_vector_reconstruction.F -I/scratch/app_sequana/netcdf/4.8.1_hdf5-threadsafe-HL_openmpi-4.1.6_gnu/include -I/scratch/app_sequana/pnetcdf/1.12.3_hdf5-threadsafe-HL_openmpi-4.1.6_gnu/include -I/scratch/cenapadrjsd/eduardo.garcia2/MONAN-scripts/sdumont/MONAN_src/MONAN-Model_v0.1.0_sdumont.gnu/src/external/SMIOL -I/scratch/app_sequana/netcdf/4.8.1_hdf5-threadsafe-HL_openmpi-4.1.6_gnu/include -I/scratch/app_sequana/pnetcdf/1.12.3_hdf5-threadsafe-HL_openmpi-4.1.6_gnu/include -I../framework -I../external/esmf_time_f90
rm -f mpas_tracer_advection_mono.o mpas_tracer_advection_mono.mod
rm -f mpas_tracer_advection_std.o mpas_tracer_advection_std.mod
mpif90 -D_MPI -DCORE_INIT_ATMOSPHERE -DMPAS_NAMELIST_SUFFIX=init_atmosphere -DMPAS_EXE_NAME=init_atmosphere_model -DMPAS_OPENMP -DSINGLE_PRECISION -DMPAS_NATIVE_TIMERS -DMPAS_GIT_VERSION=v0.1.0-dirty -DMPAS_BUILD_TARGET=gfortran -DMPAS_SMIOL_SUPPORT -O3 -ffree-line-length-none -fconvert=big-endian -ffree-form -fopenmp -c mpas_tracer_advection_mono.F -I/scratch/app_sequana/netcdf/4.8.1_hdf5-threadsafe-HL_openmpi-4.1.6_gnu/include -I/scratch/app_sequana/pnetcdf/1.12.3_hdf5-threadsafe-HL_openmpi-4.1.6_gnu/include -I/scratch/cenapadrjsd/eduardo.garcia2/MONAN-scripts/sdumont/MONAN_src/MONAN-Model_v0.1.0_sdumont.gnu/src/external/SMIOL -I/scratch/app_sequana/netcdf/4.8.1_hdf5-threadsafe-HL_openmpi-4.1.6_gnu/include -I/scratch/app_sequana/pnetcdf/1.12.3_hdf5-threadsafe-HL_openmpi-4.1.6_gnu/include -I../framework -I../external/esmf_time_f90
mpif90 -D_MPI -DCORE_INIT_ATMOSPHERE -DMPAS_NAMELIST_SUFFIX=init_atmosphere -DMPAS_EXE_NAME=init_atmosphere_model -DMPAS_OPENMP -DSINGLE_PRECISION -DMPAS_NATIVE_TIMERS -DMPAS_GIT_VERSION=v0.1.0-dirty -DMPAS_BUILD_TARGET=gfortran -DMPAS_SMIOL_SUPPORT -O3 -ffree-line-length-none -fconvert=big-endian -ffree-form -fopenmp -c mpas_tracer_advection_std.F -I/scratch/app_sequana/netcdf/4.8.1_hdf5-threadsafe-HL_openmpi-4.1.6_gnu/include -I/scratch/app_sequana/pnetcdf/1.12.3_hdf5-threadsafe-HL_openmpi-4.1.6_gnu/include -I/scratch/cenapadrjsd/eduardo.garcia2/MONAN-scripts/sdumont/MONAN_src/MONAN-Model_v0.1.0_sdumont.gnu/src/external/SMIOL -I/scratch/app_sequana/netcdf/4.8.1_hdf5-threadsafe-HL_openmpi-4.1.6_gnu/include -I/scratch/app_sequana/pnetcdf/1.12.3_hdf5-threadsafe-HL_openmpi-4.1.6_gnu/include -I../framework -I../external/esmf_time_f90
ar -ru libops.a mpas_vector_operations.o mpas_matrix_operations.o mpas_tensor_operations.o mpas_rbf_interpolation.o mpas_vector_reconstruction.o mpas_spline_interpolation.o mpas_tracer_advection_helpers.o mpas_tracer_advection_mono.o mpas_tracer_advection_std.o mpas_geometry_utils.o
ar: creating libops.a
make[3]: Leaving directory `/scratch/cenapadrjsd/eduardo.garcia2/MONAN-scripts/sdumont/MONAN_src/MONAN-Model_v0.1.0_sdumont.gnu/src/operators'
ln -sf operators/libops.a libops.a
( cd core_init_atmosphere; make CPPFLAGS="-D_MPI -DCORE_INIT_ATMOSPHERE -DMPAS_NAMELIST_SUFFIX=init_atmosphere -DMPAS_EXE_NAME=init_atmosphere_model -DMPAS_OPENMP -DSINGLE_PRECISION -DMPAS_NATIVE_TIMERS -DMPAS_GIT_VERSION=v0.1.0-dirty -DMPAS_BUILD_TARGET=gfortran -DMPAS_SMIOL_SUPPORT" CPPINCLUDES="-I/scratch/app_sequana/netcdf/4.8.1_hdf5-threadsafe-HL_openmpi-4.1.6_gnu/include -I/scratch/app_sequana/pnetcdf/1.12.3_hdf5-threadsafe-HL_openmpi-4.1.6_gnu/include" REG_PARSE="/scratch/cenapadrjsd/eduardo.garcia2/MONAN-scripts/sdumont/MONAN_src/MONAN-Model_v0.1.0_sdumont.gnu/src/tools/registry/parse" gen_includes )
make[3]: Entering directory `/scratch/cenapadrjsd/eduardo.garcia2/MONAN-scripts/sdumont/MONAN_src/MONAN-Model_v0.1.0_sdumont.gnu/src/core_init_atmosphere'
cpp -P -traditional -D_MPI -DCORE_INIT_ATMOSPHERE -DMPAS_NAMELIST_SUFFIX=init_atmosphere -DMPAS_EXE_NAME=init_atmosphere_model -DMPAS_OPENMP -DSINGLE_PRECISION -DMPAS_NATIVE_TIMERS -DMPAS_GIT_VERSION=v0.1.0-dirty -DMPAS_BUILD_TARGET=gfortran -DMPAS_SMIOL_SUPPORT -I/scratch/app_sequana/netcdf/4.8.1_hdf5-threadsafe-HL_openmpi-4.1.6_gnu/include -I/scratch/app_sequana/pnetcdf/1.12.3_hdf5-threadsafe-HL_openmpi-4.1.6_gnu/include Registry.xml > Registry_processed.xml
(if [ ! -d inc ]; then mkdir -p inc; fi) # To generate *.inc files
(cd inc; /scratch/cenapadrjsd/eduardo.garcia2/MONAN-scripts/sdumont/MONAN_src/MONAN-Model_v0.1.0_sdumont.gnu/src/tools/registry/parse < ../Registry_processed.xml )
Reading registry file from standard input
---- GENERATING IMMUTABLE STREAMS ----
make[3]: Leaving directory `/scratch/cenapadrjsd/eduardo.garcia2/MONAN-scripts/sdumont/MONAN_src/MONAN-Model_v0.1.0_sdumont.gnu/src/core_init_atmosphere'
( cd core_init_atmosphere; make CPPFLAGS="-D_MPI -DCORE_INIT_ATMOSPHERE -DMPAS_NAMELIST_SUFFIX=init_atmosphere -DMPAS_EXE_NAME=init_atmosphere_model -DMPAS_OPENMP -DSINGLE_PRECISION -DMPAS_NATIVE_TIMERS -DMPAS_GIT_VERSION=v0.1.0-dirty -DMPAS_BUILD_TARGET=gfortran -DMPAS_SMIOL_SUPPORT" CPPINCLUDES="-I/scratch/app_sequana/netcdf/4.8.1_hdf5-threadsafe-HL_openmpi-4.1.6_gnu/include -I/scratch/app_sequana/pnetcdf/1.12.3_hdf5-threadsafe-HL_openmpi-4.1.6_gnu/include" NL_GEN="/scratch/cenapadrjsd/eduardo.garcia2/MONAN-scripts/sdumont/MONAN_src/MONAN-Model_v0.1.0_sdumont.gnu/src/tools/input_gen/namelist_gen" ST_GEN="/scratch/cenapadrjsd/eduardo.garcia2/MONAN-scripts/sdumont/MONAN_src/MONAN-Model_v0.1.0_sdumont.gnu/src/tools/input_gen/streams_gen" core_input_gen )
make[3]: Entering directory `/scratch/cenapadrjsd/eduardo.garcia2/MONAN-scripts/sdumont/MONAN_src/MONAN-Model_v0.1.0_sdumont.gnu/src/core_init_atmosphere'
if [ ! -e default_inputs ]; then  mkdir default_inputs; fi
( cd default_inputs; /scratch/cenapadrjsd/eduardo.garcia2/MONAN-scripts/sdumont/MONAN_src/MONAN-Model_v0.1.0_sdumont.gnu/src/tools/input_gen/namelist_gen ../Registry_processed.xml namelist.init_atmosphere in_defaults=true )
( cd default_inputs; /scratch/cenapadrjsd/eduardo.garcia2/MONAN-scripts/sdumont/MONAN_src/MONAN-Model_v0.1.0_sdumont.gnu/src/tools/input_gen/streams_gen ../Registry_processed.xml streams.init_atmosphere stream_list.init_atmosphere. listed )
make[3]: Leaving directory `/scratch/cenapadrjsd/eduardo.garcia2/MONAN-scripts/sdumont/MONAN_src/MONAN-Model_v0.1.0_sdumont.gnu/src/core_init_atmosphere'
( cd core_init_atmosphere; make CPPFLAGS="-D_MPI -DCORE_INIT_ATMOSPHERE -DMPAS_NAMELIST_SUFFIX=init_atmosphere -DMPAS_EXE_NAME=init_atmosphere_model -DMPAS_OPENMP -DSINGLE_PRECISION -DMPAS_NATIVE_TIMERS -DMPAS_GIT_VERSION=v0.1.0-dirty -DMPAS_BUILD_TARGET=gfortran -DMPAS_SMIOL_SUPPORT" CPPINCLUDES="-I/scratch/app_sequana/netcdf/4.8.1_hdf5-threadsafe-HL_openmpi-4.1.6_gnu/include -I/scratch/app_sequana/pnetcdf/1.12.3_hdf5-threadsafe-HL_openmpi-4.1.6_gnu/include" all ) 
make[3]: Entering directory `/scratch/cenapadrjsd/eduardo.garcia2/MONAN-scripts/sdumont/MONAN_src/MONAN-Model_v0.1.0_sdumont.gnu/src/core_init_atmosphere'
mpicc -O3 -fopenmp -DSINGLE_PRECISION -D_MPI -DCORE_INIT_ATMOSPHERE -DMPAS_NAMELIST_SUFFIX=init_atmosphere -DMPAS_EXE_NAME=init_atmosphere_model -DMPAS_OPENMP -DSINGLE_PRECISION -DMPAS_NATIVE_TIMERS -DMPAS_GIT_VERSION=v0.1.0-dirty -DMPAS_BUILD_TARGET=gfortran -DMPAS_SMIOL_SUPPORT -I/scratch/app_sequana/netcdf/4.8.1_hdf5-threadsafe-HL_openmpi-4.1.6_gnu/include -I/scratch/app_sequana/pnetcdf/1.12.3_hdf5-threadsafe-HL_openmpi-4.1.6_gnu/include -c read_geogrid.c
rm -f mpas_atm_advection.o mpas_atm_advection.mod
rm -f mpas_init_atm_read_met.o mpas_init_atm_read_met.mod
rm -f mpas_init_atm_llxy.o mpas_init_atm_llxy.mod
rm -f mpas_init_atm_queue.o mpas_init_atm_queue.mod
mpif90 -D_MPI -DCORE_INIT_ATMOSPHERE -DMPAS_NAMELIST_SUFFIX=init_atmosphere -DMPAS_EXE_NAME=init_atmosphere_model -DMPAS_OPENMP -DSINGLE_PRECISION -DMPAS_NATIVE_TIMERS -DMPAS_GIT_VERSION=v0.1.0-dirty -DMPAS_BUILD_TARGET=gfortran -DMPAS_SMIOL_SUPPORT -O3 -ffree-line-length-none -fconvert=big-endian -ffree-form -fopenmp -c mpas_atm_advection.F -I/scratch/app_sequana/netcdf/4.8.1_hdf5-threadsafe-HL_openmpi-4.1.6_gnu/include -I/scratch/app_sequana/pnetcdf/1.12.3_hdf5-threadsafe-HL_openmpi-4.1.6_gnu/include -I/scratch/cenapadrjsd/eduardo.garcia2/MONAN-scripts/sdumont/MONAN_src/MONAN-Model_v0.1.0_sdumont.gnu/src/external/SMIOL -I/scratch/app_sequana/netcdf/4.8.1_hdf5-threadsafe-HL_openmpi-4.1.6_gnu/include -I/scratch/app_sequana/pnetcdf/1.12.3_hdf5-threadsafe-HL_openmpi-4.1.6_gnu/include -I./inc -I../framework -I../operators  -I../external/esmf_time_f90
mpif90 -D_MPI -DCORE_INIT_ATMOSPHERE -DMPAS_NAMELIST_SUFFIX=init_atmosphere -DMPAS_EXE_NAME=init_atmosphere_model -DMPAS_OPENMP -DSINGLE_PRECISION -DMPAS_NATIVE_TIMERS -DMPAS_GIT_VERSION=v0.1.0-dirty -DMPAS_BUILD_TARGET=gfortran -DMPAS_SMIOL_SUPPORT -O3 -ffree-line-length-none -fconvert=big-endian -ffree-form -fopenmp -c mpas_init_atm_read_met.F -I/scratch/app_sequana/netcdf/4.8.1_hdf5-threadsafe-HL_openmpi-4.1.6_gnu/include -I/scratch/app_sequana/pnetcdf/1.12.3_hdf5-threadsafe-HL_openmpi-4.1.6_gnu/include -I/scratch/cenapadrjsd/eduardo.garcia2/MONAN-scripts/sdumont/MONAN_src/MONAN-Model_v0.1.0_sdumont.gnu/src/external/SMIOL -I/scratch/app_sequana/netcdf/4.8.1_hdf5-threadsafe-HL_openmpi-4.1.6_gnu/include -I/scratch/app_sequana/pnetcdf/1.12.3_hdf5-threadsafe-HL_openmpi-4.1.6_gnu/include -I./inc -I../framework -I../operators  -I../external/esmf_time_f90
rm -f mpas_init_atm_bitarray.o mpas_init_atm_bitarray.mod
mpif90 -D_MPI -DCORE_INIT_ATMOSPHERE -DMPAS_NAMELIST_SUFFIX=init_atmosphere -DMPAS_EXE_NAME=init_atmosphere_model -DMPAS_OPENMP -DSINGLE_PRECISION -DMPAS_NATIVE_TIMERS -DMPAS_GIT_VERSION=v0.1.0-dirty -DMPAS_BUILD_TARGET=gfortran -DMPAS_SMIOL_SUPPORT -O3 -ffree-line-length-none -fconvert=big-endian -ffree-form -fopenmp -c mpas_init_atm_llxy.F -I/scratch/app_sequana/netcdf/4.8.1_hdf5-threadsafe-HL_openmpi-4.1.6_gnu/include -I/scratch/app_sequana/pnetcdf/1.12.3_hdf5-threadsafe-HL_openmpi-4.1.6_gnu/include -I/scratch/cenapadrjsd/eduardo.garcia2/MONAN-scripts/sdumont/MONAN_src/MONAN-Model_v0.1.0_sdumont.gnu/src/external/SMIOL -I/scratch/app_sequana/netcdf/4.8.1_hdf5-threadsafe-HL_openmpi-4.1.6_gnu/include -I/scratch/app_sequana/pnetcdf/1.12.3_hdf5-threadsafe-HL_openmpi-4.1.6_gnu/include -I./inc -I../framework -I../operators  -I../external/esmf_time_f90
mpif90 -D_MPI -DCORE_INIT_ATMOSPHERE -DMPAS_NAMELIST_SUFFIX=init_atmosphere -DMPAS_EXE_NAME=init_atmosphere_model -DMPAS_OPENMP -DSINGLE_PRECISION -DMPAS_NATIVE_TIMERS -DMPAS_GIT_VERSION=v0.1.0-dirty -DMPAS_BUILD_TARGET=gfortran -DMPAS_SMIOL_SUPPORT -O3 -ffree-line-length-none -fconvert=big-endian -ffree-form -fopenmp -c mpas_init_atm_queue.F -I/scratch/app_sequana/netcdf/4.8.1_hdf5-threadsafe-HL_openmpi-4.1.6_gnu/include -I/scratch/app_sequana/pnetcdf/1.12.3_hdf5-threadsafe-HL_openmpi-4.1.6_gnu/include -I/scratch/cenapadrjsd/eduardo.garcia2/MONAN-scripts/sdumont/MONAN_src/MONAN-Model_v0.1.0_sdumont.gnu/src/external/SMIOL -I/scratch/app_sequana/netcdf/4.8.1_hdf5-threadsafe-HL_openmpi-4.1.6_gnu/include -I/scratch/app_sequana/pnetcdf/1.12.3_hdf5-threadsafe-HL_openmpi-4.1.6_gnu/include -I./inc -I../framework -I../operators  -I../external/esmf_time_f90
rm -f mpas_atmphys_utilities.o mpas_atmphys_utilities.mod
rm -f mpas_stack.o mpas_stack.mod
mpif90 -D_MPI -DCORE_INIT_ATMOSPHERE -DMPAS_NAMELIST_SUFFIX=init_atmosphere -DMPAS_EXE_NAME=init_atmosphere_model -DMPAS_OPENMP -DSINGLE_PRECISION -DMPAS_NATIVE_TIMERS -DMPAS_GIT_VERSION=v0.1.0-dirty -DMPAS_BUILD_TARGET=gfortran -DMPAS_SMIOL_SUPPORT -O3 -ffree-line-length-none -fconvert=big-endian -ffree-form -fopenmp -c mpas_init_atm_bitarray.F -I/scratch/app_sequana/netcdf/4.8.1_hdf5-threadsafe-HL_openmpi-4.1.6_gnu/include -I/scratch/app_sequana/pnetcdf/1.12.3_hdf5-threadsafe-HL_openmpi-4.1.6_gnu/include -I/scratch/cenapadrjsd/eduardo.garcia2/MONAN-scripts/sdumont/MONAN_src/MONAN-Model_v0.1.0_sdumont.gnu/src/external/SMIOL -I/scratch/app_sequana/netcdf/4.8.1_hdf5-threadsafe-HL_openmpi-4.1.6_gnu/include -I/scratch/app_sequana/pnetcdf/1.12.3_hdf5-threadsafe-HL_openmpi-4.1.6_gnu/include -I./inc -I../framework -I../operators  -I../external/esmf_time_f90
mpif90 -D_MPI -DCORE_INIT_ATMOSPHERE -DMPAS_NAMELIST_SUFFIX=init_atmosphere -DMPAS_EXE_NAME=init_atmosphere_model -DMPAS_OPENMP -DSINGLE_PRECISION -DMPAS_NATIVE_TIMERS -DMPAS_GIT_VERSION=v0.1.0-dirty -DMPAS_BUILD_TARGET=gfortran -DMPAS_SMIOL_SUPPORT -O3 -ffree-line-length-none -fconvert=big-endian -ffree-form -fopenmp -c mpas_atmphys_utilities.F -I/scratch/app_sequana/netcdf/4.8.1_hdf5-threadsafe-HL_openmpi-4.1.6_gnu/include -I/scratch/app_sequana/pnetcdf/1.12.3_hdf5-threadsafe-HL_openmpi-4.1.6_gnu/include -I/scratch/cenapadrjsd/eduardo.garcia2/MONAN-scripts/sdumont/MONAN_src/MONAN-Model_v0.1.0_sdumont.gnu/src/external/SMIOL -I/scratch/app_sequana/netcdf/4.8.1_hdf5-threadsafe-HL_openmpi-4.1.6_gnu/include -I/scratch/app_sequana/pnetcdf/1.12.3_hdf5-threadsafe-HL_openmpi-4.1.6_gnu/include -I./inc -I../framework -I../operators  -I../external/esmf_time_f90
mpif90 -D_MPI -DCORE_INIT_ATMOSPHERE -DMPAS_NAMELIST_SUFFIX=init_atmosphere -DMPAS_EXE_NAME=init_atmosphere_model -DMPAS_OPENMP -DSINGLE_PRECISION -DMPAS_NATIVE_TIMERS -DMPAS_GIT_VERSION=v0.1.0-dirty -DMPAS_BUILD_TARGET=gfortran -DMPAS_SMIOL_SUPPORT -O3 -ffree-line-length-none -fconvert=big-endian -ffree-form -fopenmp -c mpas_stack.F -I/scratch/app_sequana/netcdf/4.8.1_hdf5-threadsafe-HL_openmpi-4.1.6_gnu/include -I/scratch/app_sequana/pnetcdf/1.12.3_hdf5-threadsafe-HL_openmpi-4.1.6_gnu/include -I/scratch/cenapadrjsd/eduardo.garcia2/MONAN-scripts/sdumont/MONAN_src/MONAN-Model_v0.1.0_sdumont.gnu/src/external/SMIOL -I/scratch/app_sequana/netcdf/4.8.1_hdf5-threadsafe-HL_openmpi-4.1.6_gnu/include -I/scratch/app_sequana/pnetcdf/1.12.3_hdf5-threadsafe-HL_openmpi-4.1.6_gnu/include -I./inc -I../framework -I../operators  -I../external/esmf_time_f90
rm -f mpas_kd_tree.o mpas_kd_tree.mod
mpif90 -D_MPI -DCORE_INIT_ATMOSPHERE -DMPAS_NAMELIST_SUFFIX=init_atmosphere -DMPAS_EXE_NAME=init_atmosphere_model -DMPAS_OPENMP -DSINGLE_PRECISION -DMPAS_NATIVE_TIMERS -DMPAS_GIT_VERSION=v0.1.0-dirty -DMPAS_BUILD_TARGET=gfortran -DMPAS_SMIOL_SUPPORT -O3 -ffree-line-length-none -fconvert=big-endian -ffree-form -fopenmp -c mpas_kd_tree.F -I/scratch/app_sequana/netcdf/4.8.1_hdf5-threadsafe-HL_openmpi-4.1.6_gnu/include -I/scratch/app_sequana/pnetcdf/1.12.3_hdf5-threadsafe-HL_openmpi-4.1.6_gnu/include -I/scratch/cenapadrjsd/eduardo.garcia2/MONAN-scripts/sdumont/MONAN_src/MONAN-Model_v0.1.0_sdumont.gnu/src/external/SMIOL -I/scratch/app_sequana/netcdf/4.8.1_hdf5-threadsafe-HL_openmpi-4.1.6_gnu/include -I/scratch/app_sequana/pnetcdf/1.12.3_hdf5-threadsafe-HL_openmpi-4.1.6_gnu/include -I./inc -I../framework -I../operators  -I../external/esmf_time_f90
rm -f mpas_parse_geoindex.o mpas_parse_geoindex.mod
mpif90 -D_MPI -DCORE_INIT_ATMOSPHERE -DMPAS_NAMELIST_SUFFIX=init_atmosphere -DMPAS_EXE_NAME=init_atmosphere_model -DMPAS_OPENMP -DSINGLE_PRECISION -DMPAS_NATIVE_TIMERS -DMPAS_GIT_VERSION=v0.1.0-dirty -DMPAS_BUILD_TARGET=gfortran -DMPAS_SMIOL_SUPPORT -O3 -ffree-line-length-none -fconvert=big-endian -ffree-form -fopenmp -c mpas_parse_geoindex.F -I/scratch/app_sequana/netcdf/4.8.1_hdf5-threadsafe-HL_openmpi-4.1.6_gnu/include -I/scratch/app_sequana/pnetcdf/1.12.3_hdf5-threadsafe-HL_openmpi-4.1.6_gnu/include -I/scratch/cenapadrjsd/eduardo.garcia2/MONAN-scripts/sdumont/MONAN_src/MONAN-Model_v0.1.0_sdumont.gnu/src/external/SMIOL -I/scratch/app_sequana/netcdf/4.8.1_hdf5-threadsafe-HL_openmpi-4.1.6_gnu/include -I/scratch/app_sequana/pnetcdf/1.12.3_hdf5-threadsafe-HL_openmpi-4.1.6_gnu/include -I./inc -I../framework -I../operators  -I../external/esmf_time_f90
rm -f mpas_init_atm_gwd.o mpas_init_atm_gwd.mod
mpif90 -D_MPI -DCORE_INIT_ATMOSPHERE -DMPAS_NAMELIST_SUFFIX=init_atmosphere -DMPAS_EXE_NAME=init_atmosphere_model -DMPAS_OPENMP -DSINGLE_PRECISION -DMPAS_NATIVE_TIMERS -DMPAS_GIT_VERSION=v0.1.0-dirty -DMPAS_BUILD_TARGET=gfortran -DMPAS_SMIOL_SUPPORT -O3 -ffree-line-length-none -fconvert=big-endian -ffree-form -fopenmp -c mpas_init_atm_gwd.F -I/scratch/app_sequana/netcdf/4.8.1_hdf5-threadsafe-HL_openmpi-4.1.6_gnu/include -I/scratch/app_sequana/pnetcdf/1.12.3_hdf5-threadsafe-HL_openmpi-4.1.6_gnu/include -I/scratch/cenapadrjsd/eduardo.garcia2/MONAN-scripts/sdumont/MONAN_src/MONAN-Model_v0.1.0_sdumont.gnu/src/external/SMIOL -I/scratch/app_sequana/netcdf/4.8.1_hdf5-threadsafe-HL_openmpi-4.1.6_gnu/include -I/scratch/app_sequana/pnetcdf/1.12.3_hdf5-threadsafe-HL_openmpi-4.1.6_gnu/include -I./inc -I../framework -I../operators  -I../external/esmf_time_f90
rm -f mpas_init_atm_vinterp.o mpas_init_atm_vinterp.mod
mpif90 -D_MPI -DCORE_INIT_ATMOSPHERE -DMPAS_NAMELIST_SUFFIX=init_atmosphere -DMPAS_EXE_NAME=init_atmosphere_model -DMPAS_OPENMP -DSINGLE_PRECISION -DMPAS_NATIVE_TIMERS -DMPAS_GIT_VERSION=v0.1.0-dirty -DMPAS_BUILD_TARGET=gfortran -DMPAS_SMIOL_SUPPORT -O3 -ffree-line-length-none -fconvert=big-endian -ffree-form -fopenmp -c mpas_init_atm_vinterp.F -I/scratch/app_sequana/netcdf/4.8.1_hdf5-threadsafe-HL_openmpi-4.1.6_gnu/include -I/scratch/app_sequana/pnetcdf/1.12.3_hdf5-threadsafe-HL_openmpi-4.1.6_gnu/include -I/scratch/cenapadrjsd/eduardo.garcia2/MONAN-scripts/sdumont/MONAN_src/MONAN-Model_v0.1.0_sdumont.gnu/src/external/SMIOL -I/scratch/app_sequana/netcdf/4.8.1_hdf5-threadsafe-HL_openmpi-4.1.6_gnu/include -I/scratch/app_sequana/pnetcdf/1.12.3_hdf5-threadsafe-HL_openmpi-4.1.6_gnu/include -I./inc -I../framework -I../operators  -I../external/esmf_time_f90
rm -f mpas_atmphys_constants.o mpas_atmphys_constants.mod
mpif90 -D_MPI -DCORE_INIT_ATMOSPHERE -DMPAS_NAMELIST_SUFFIX=init_atmosphere -DMPAS_EXE_NAME=init_atmosphere_model -DMPAS_OPENMP -DSINGLE_PRECISION -DMPAS_NATIVE_TIMERS -DMPAS_GIT_VERSION=v0.1.0-dirty -DMPAS_BUILD_TARGET=gfortran -DMPAS_SMIOL_SUPPORT -O3 -ffree-line-length-none -fconvert=big-endian -ffree-form -fopenmp -c mpas_atmphys_constants.F -I/scratch/app_sequana/netcdf/4.8.1_hdf5-threadsafe-HL_openmpi-4.1.6_gnu/include -I/scratch/app_sequana/pnetcdf/1.12.3_hdf5-threadsafe-HL_openmpi-4.1.6_gnu/include -I/scratch/cenapadrjsd/eduardo.garcia2/MONAN-scripts/sdumont/MONAN_src/MONAN-Model_v0.1.0_sdumont.gnu/src/external/SMIOL -I/scratch/app_sequana/netcdf/4.8.1_hdf5-threadsafe-HL_openmpi-4.1.6_gnu/include -I/scratch/app_sequana/pnetcdf/1.12.3_hdf5-threadsafe-HL_openmpi-4.1.6_gnu/include -I./inc -I../framework -I../operators  -I../external/esmf_time_f90
rm -f mpas_atmphys_functions.o mpas_atmphys_functions.mod
mpif90 -D_MPI -DCORE_INIT_ATMOSPHERE -DMPAS_NAMELIST_SUFFIX=init_atmosphere -DMPAS_EXE_NAME=init_atmosphere_model -DMPAS_OPENMP -DSINGLE_PRECISION -DMPAS_NATIVE_TIMERS -DMPAS_GIT_VERSION=v0.1.0-dirty -DMPAS_BUILD_TARGET=gfortran -DMPAS_SMIOL_SUPPORT -O3 -ffree-line-length-none -fconvert=big-endian -ffree-form -fopenmp -c mpas_atmphys_functions.F -I/scratch/app_sequana/netcdf/4.8.1_hdf5-threadsafe-HL_openmpi-4.1.6_gnu/include -I/scratch/app_sequana/pnetcdf/1.12.3_hdf5-threadsafe-HL_openmpi-4.1.6_gnu/include -I/scratch/cenapadrjsd/eduardo.garcia2/MONAN-scripts/sdumont/MONAN_src/MONAN-Model_v0.1.0_sdumont.gnu/src/external/SMIOL -I/scratch/app_sequana/netcdf/4.8.1_hdf5-threadsafe-HL_openmpi-4.1.6_gnu/include -I/scratch/app_sequana/pnetcdf/1.12.3_hdf5-threadsafe-HL_openmpi-4.1.6_gnu/include -I./inc -I../framework -I../operators  -I../external/esmf_time_f90
rm -f mpas_atmphys_date_time.o mpas_atmphys_date_time.mod
mpif90 -D_MPI -DCORE_INIT_ATMOSPHERE -DMPAS_NAMELIST_SUFFIX=init_atmosphere -DMPAS_EXE_NAME=init_atmosphere_model -DMPAS_OPENMP -DSINGLE_PRECISION -DMPAS_NATIVE_TIMERS -DMPAS_GIT_VERSION=v0.1.0-dirty -DMPAS_BUILD_TARGET=gfortran -DMPAS_SMIOL_SUPPORT -O3 -ffree-line-length-none -fconvert=big-endian -ffree-form -fopenmp -c mpas_atmphys_date_time.F -I/scratch/app_sequana/netcdf/4.8.1_hdf5-threadsafe-HL_openmpi-4.1.6_gnu/include -I/scratch/app_sequana/pnetcdf/1.12.3_hdf5-threadsafe-HL_openmpi-4.1.6_gnu/include -I/scratch/cenapadrjsd/eduardo.garcia2/MONAN-scripts/sdumont/MONAN_src/MONAN-Model_v0.1.0_sdumont.gnu/src/external/SMIOL -I/scratch/app_sequana/netcdf/4.8.1_hdf5-threadsafe-HL_openmpi-4.1.6_gnu/include -I/scratch/app_sequana/pnetcdf/1.12.3_hdf5-threadsafe-HL_openmpi-4.1.6_gnu/include -I./inc -I../framework -I../operators  -I../external/esmf_time_f90
rm -f mpas_init_atm_hinterp.o mpas_init_atm_hinterp.mod
mpif90 -D_MPI -DCORE_INIT_ATMOSPHERE -DMPAS_NAMELIST_SUFFIX=init_atmosphere -DMPAS_EXE_NAME=init_atmosphere_model -DMPAS_OPENMP -DSINGLE_PRECISION -DMPAS_NATIVE_TIMERS -DMPAS_GIT_VERSION=v0.1.0-dirty -DMPAS_BUILD_TARGET=gfortran -DMPAS_SMIOL_SUPPORT -O3 -ffree-line-length-none -fconvert=big-endian -ffree-form -fopenmp -c mpas_init_atm_hinterp.F -I/scratch/app_sequana/netcdf/4.8.1_hdf5-threadsafe-HL_openmpi-4.1.6_gnu/include -I/scratch/app_sequana/pnetcdf/1.12.3_hdf5-threadsafe-HL_openmpi-4.1.6_gnu/include -I/scratch/cenapadrjsd/eduardo.garcia2/MONAN-scripts/sdumont/MONAN_src/MONAN-Model_v0.1.0_sdumont.gnu/src/external/SMIOL -I/scratch/app_sequana/netcdf/4.8.1_hdf5-threadsafe-HL_openmpi-4.1.6_gnu/include -I/scratch/app_sequana/pnetcdf/1.12.3_hdf5-threadsafe-HL_openmpi-4.1.6_gnu/include -I./inc -I../framework -I../operators  -I../external/esmf_time_f90
rm -f mpas_geotile_manager.o mpas_geotile_manager.mod
mpif90 -D_MPI -DCORE_INIT_ATMOSPHERE -DMPAS_NAMELIST_SUFFIX=init_atmosphere -DMPAS_EXE_NAME=init_atmosphere_model -DMPAS_OPENMP -DSINGLE_PRECISION -DMPAS_NATIVE_TIMERS -DMPAS_GIT_VERSION=v0.1.0-dirty -DMPAS_BUILD_TARGET=gfortran -DMPAS_SMIOL_SUPPORT -O3 -ffree-line-length-none -fconvert=big-endian -ffree-form -fopenmp -c mpas_geotile_manager.F -I/scratch/app_sequana/netcdf/4.8.1_hdf5-threadsafe-HL_openmpi-4.1.6_gnu/include -I/scratch/app_sequana/pnetcdf/1.12.3_hdf5-threadsafe-HL_openmpi-4.1.6_gnu/include -I/scratch/cenapadrjsd/eduardo.garcia2/MONAN-scripts/sdumont/MONAN_src/MONAN-Model_v0.1.0_sdumont.gnu/src/external/SMIOL -I/scratch/app_sequana/netcdf/4.8.1_hdf5-threadsafe-HL_openmpi-4.1.6_gnu/include -I/scratch/app_sequana/pnetcdf/1.12.3_hdf5-threadsafe-HL_openmpi-4.1.6_gnu/include -I./inc -I../framework -I../operators  -I../external/esmf_time_f90
rm -f mpas_init_atm_surface.o mpas_init_atm_surface.mod
mpif90 -D_MPI -DCORE_INIT_ATMOSPHERE -DMPAS_NAMELIST_SUFFIX=init_atmosphere -DMPAS_EXE_NAME=init_atmosphere_model -DMPAS_OPENMP -DSINGLE_PRECISION -DMPAS_NATIVE_TIMERS -DMPAS_GIT_VERSION=v0.1.0-dirty -DMPAS_BUILD_TARGET=gfortran -DMPAS_SMIOL_SUPPORT -O3 -ffree-line-length-none -fconvert=big-endian -ffree-form -fopenmp -c mpas_init_atm_surface.F -I/scratch/app_sequana/netcdf/4.8.1_hdf5-threadsafe-HL_openmpi-4.1.6_gnu/include -I/scratch/app_sequana/pnetcdf/1.12.3_hdf5-threadsafe-HL_openmpi-4.1.6_gnu/include -I/scratch/cenapadrjsd/eduardo.garcia2/MONAN-scripts/sdumont/MONAN_src/MONAN-Model_v0.1.0_sdumont.gnu/src/external/SMIOL -I/scratch/app_sequana/netcdf/4.8.1_hdf5-threadsafe-HL_openmpi-4.1.6_gnu/include -I/scratch/app_sequana/pnetcdf/1.12.3_hdf5-threadsafe-HL_openmpi-4.1.6_gnu/include -I./inc -I../framework -I../operators  -I../external/esmf_time_f90
rm -f mpas_atmphys_initialize_real.o mpas_atmphys_initialize_real.mod
mpif90 -D_MPI -DCORE_INIT_ATMOSPHERE -DMPAS_NAMELIST_SUFFIX=init_atmosphere -DMPAS_EXE_NAME=init_atmosphere_model -DMPAS_OPENMP -DSINGLE_PRECISION -DMPAS_NATIVE_TIMERS -DMPAS_GIT_VERSION=v0.1.0-dirty -DMPAS_BUILD_TARGET=gfortran -DMPAS_SMIOL_SUPPORT -O3 -ffree-line-length-none -fconvert=big-endian -ffree-form -fopenmp -c mpas_atmphys_initialize_real.F -I/scratch/app_sequana/netcdf/4.8.1_hdf5-threadsafe-HL_openmpi-4.1.6_gnu/include -I/scratch/app_sequana/pnetcdf/1.12.3_hdf5-threadsafe-HL_openmpi-4.1.6_gnu/include -I/scratch/cenapadrjsd/eduardo.garcia2/MONAN-scripts/sdumont/MONAN_src/MONAN-Model_v0.1.0_sdumont.gnu/src/external/SMIOL -I/scratch/app_sequana/netcdf/4.8.1_hdf5-threadsafe-HL_openmpi-4.1.6_gnu/include -I/scratch/app_sequana/pnetcdf/1.12.3_hdf5-threadsafe-HL_openmpi-4.1.6_gnu/include -I./inc -I../framework -I../operators  -I../external/esmf_time_f90
rm -f mpas_init_atm_static.o mpas_init_atm_static.mod
mpif90 -D_MPI -DCORE_INIT_ATMOSPHERE -DMPAS_NAMELIST_SUFFIX=init_atmosphere -DMPAS_EXE_NAME=init_atmosphere_model -DMPAS_OPENMP -DSINGLE_PRECISION -DMPAS_NATIVE_TIMERS -DMPAS_GIT_VERSION=v0.1.0-dirty -DMPAS_BUILD_TARGET=gfortran -DMPAS_SMIOL_SUPPORT -O3 -ffree-line-length-none -fconvert=big-endian -ffree-form -fopenmp -c mpas_init_atm_static.F -I/scratch/app_sequana/netcdf/4.8.1_hdf5-threadsafe-HL_openmpi-4.1.6_gnu/include -I/scratch/app_sequana/pnetcdf/1.12.3_hdf5-threadsafe-HL_openmpi-4.1.6_gnu/include -I/scratch/cenapadrjsd/eduardo.garcia2/MONAN-scripts/sdumont/MONAN_src/MONAN-Model_v0.1.0_sdumont.gnu/src/external/SMIOL -I/scratch/app_sequana/netcdf/4.8.1_hdf5-threadsafe-HL_openmpi-4.1.6_gnu/include -I/scratch/app_sequana/pnetcdf/1.12.3_hdf5-threadsafe-HL_openmpi-4.1.6_gnu/include -I./inc -I../framework -I../operators  -I../external/esmf_time_f90
rm -f mpas_init_atm_cases.o mpas_init_atm_cases.mod
mpif90 -D_MPI -DCORE_INIT_ATMOSPHERE -DMPAS_NAMELIST_SUFFIX=init_atmosphere -DMPAS_EXE_NAME=init_atmosphere_model -DMPAS_OPENMP -DSINGLE_PRECISION -DMPAS_NATIVE_TIMERS -DMPAS_GIT_VERSION=v0.1.0-dirty -DMPAS_BUILD_TARGET=gfortran -DMPAS_SMIOL_SUPPORT -O3 -ffree-line-length-none -fconvert=big-endian -ffree-form -fopenmp -c mpas_init_atm_cases.F -I/scratch/app_sequana/netcdf/4.8.1_hdf5-threadsafe-HL_openmpi-4.1.6_gnu/include -I/scratch/app_sequana/pnetcdf/1.12.3_hdf5-threadsafe-HL_openmpi-4.1.6_gnu/include -I/scratch/cenapadrjsd/eduardo.garcia2/MONAN-scripts/sdumont/MONAN_src/MONAN-Model_v0.1.0_sdumont.gnu/src/external/SMIOL -I/scratch/app_sequana/netcdf/4.8.1_hdf5-threadsafe-HL_openmpi-4.1.6_gnu/include -I/scratch/app_sequana/pnetcdf/1.12.3_hdf5-threadsafe-HL_openmpi-4.1.6_gnu/include -I./inc -I../framework -I../operators  -I../external/esmf_time_f90
rm -f mpas_init_atm_core.o mpas_init_atm_core.mod
mpif90 -D_MPI -DCORE_INIT_ATMOSPHERE -DMPAS_NAMELIST_SUFFIX=init_atmosphere -DMPAS_EXE_NAME=init_atmosphere_model -DMPAS_OPENMP -DSINGLE_PRECISION -DMPAS_NATIVE_TIMERS -DMPAS_GIT_VERSION=v0.1.0-dirty -DMPAS_BUILD_TARGET=gfortran -DMPAS_SMIOL_SUPPORT -O3 -ffree-line-length-none -fconvert=big-endian -ffree-form -fopenmp -c mpas_init_atm_core.F -I/scratch/app_sequana/netcdf/4.8.1_hdf5-threadsafe-HL_openmpi-4.1.6_gnu/include -I/scratch/app_sequana/pnetcdf/1.12.3_hdf5-threadsafe-HL_openmpi-4.1.6_gnu/include -I/scratch/cenapadrjsd/eduardo.garcia2/MONAN-scripts/sdumont/MONAN_src/MONAN-Model_v0.1.0_sdumont.gnu/src/external/SMIOL -I/scratch/app_sequana/netcdf/4.8.1_hdf5-threadsafe-HL_openmpi-4.1.6_gnu/include -I/scratch/app_sequana/pnetcdf/1.12.3_hdf5-threadsafe-HL_openmpi-4.1.6_gnu/include -I./inc -I../framework -I../operators  -I../external/esmf_time_f90
rm -f mpas_init_atm_core_interface.o mpas_init_atm_core_interface.mod
mpif90 -D_MPI -DCORE_INIT_ATMOSPHERE -DMPAS_NAMELIST_SUFFIX=init_atmosphere -DMPAS_EXE_NAME=init_atmosphere_model -DMPAS_OPENMP -DSINGLE_PRECISION -DMPAS_NATIVE_TIMERS -DMPAS_GIT_VERSION=v0.1.0-dirty -DMPAS_BUILD_TARGET=gfortran -DMPAS_SMIOL_SUPPORT -O3 -ffree-line-length-none -fconvert=big-endian -ffree-form -fopenmp -c mpas_init_atm_core_interface.F -I/scratch/app_sequana/netcdf/4.8.1_hdf5-threadsafe-HL_openmpi-4.1.6_gnu/include -I/scratch/app_sequana/pnetcdf/1.12.3_hdf5-threadsafe-HL_openmpi-4.1.6_gnu/include -I/scratch/cenapadrjsd/eduardo.garcia2/MONAN-scripts/sdumont/MONAN_src/MONAN-Model_v0.1.0_sdumont.gnu/src/external/SMIOL -I/scratch/app_sequana/netcdf/4.8.1_hdf5-threadsafe-HL_openmpi-4.1.6_gnu/include -I/scratch/app_sequana/pnetcdf/1.12.3_hdf5-threadsafe-HL_openmpi-4.1.6_gnu/include -I./inc -I../framework -I../operators  -I../external/esmf_time_f90
ar -ru libdycore.a mpas_init_atm_core.o mpas_init_atm_core_interface.o mpas_init_atm_cases.o mpas_atm_advection.o mpas_init_atm_read_met.o mpas_init_atm_llxy.o mpas_init_atm_bitarray.o mpas_init_atm_queue.o mpas_init_atm_hinterp.o mpas_init_atm_static.o mpas_init_atm_gwd.o mpas_init_atm_surface.o mpas_init_atm_vinterp.o read_geogrid.o mpas_atmphys_constants.o mpas_atmphys_date_time.o mpas_atmphys_functions.o mpas_atmphys_initialize_real.o mpas_atmphys_utilities.o mpas_stack.o mpas_kd_tree.o mpas_parse_geoindex.o mpas_geotile_manager.o
ar: creating libdycore.a
make[3]: Leaving directory `/scratch/cenapadrjsd/eduardo.garcia2/MONAN-scripts/sdumont/MONAN_src/MONAN-Model_v0.1.0_sdumont.gnu/src/core_init_atmosphere'
ln -sf core_init_atmosphere/libdycore.a libdycore.a
( cd driver; make CPPFLAGS="-D_MPI -DCORE_INIT_ATMOSPHERE -DMPAS_NAMELIST_SUFFIX=init_atmosphere -DMPAS_EXE_NAME=init_atmosphere_model -DMPAS_OPENMP -DSINGLE_PRECISION -DMPAS_NATIVE_TIMERS -DMPAS_GIT_VERSION=v0.1.0-dirty -DMPAS_BUILD_TARGET=gfortran -DMPAS_SMIOL_SUPPORT" CPPINCLUDES="-I/scratch/app_sequana/netcdf/4.8.1_hdf5-threadsafe-HL_openmpi-4.1.6_gnu/include -I/scratch/app_sequana/pnetcdf/1.12.3_hdf5-threadsafe-HL_openmpi-4.1.6_gnu/include" all ) 
make[3]: Entering directory `/scratch/cenapadrjsd/eduardo.garcia2/MONAN-scripts/sdumont/MONAN_src/MONAN-Model_v0.1.0_sdumont.gnu/src/driver'
(make clean)
make[4]: Entering directory `/scratch/cenapadrjsd/eduardo.garcia2/MONAN-scripts/sdumont/MONAN_src/MONAN-Model_v0.1.0_sdumont.gnu/src/driver'
rm -f *.o *.mod *.f90
rm -f *.i
make[4]: Leaving directory `/scratch/cenapadrjsd/eduardo.garcia2/MONAN-scripts/sdumont/MONAN_src/MONAN-Model_v0.1.0_sdumont.gnu/src/driver'
(make driver)
make[4]: Entering directory `/scratch/cenapadrjsd/eduardo.garcia2/MONAN-scripts/sdumont/MONAN_src/MONAN-Model_v0.1.0_sdumont.gnu/src/driver'
rm -f mpas_subdriver.o mpas_subdriver.mod
mpif90 -D_MPI -DCORE_INIT_ATMOSPHERE -DMPAS_NAMELIST_SUFFIX=init_atmosphere -DMPAS_EXE_NAME=init_atmosphere_model -DMPAS_OPENMP -DSINGLE_PRECISION -DMPAS_NATIVE_TIMERS -DMPAS_GIT_VERSION=v0.1.0-dirty -DMPAS_BUILD_TARGET=gfortran -DMPAS_SMIOL_SUPPORT -O3 -ffree-line-length-none -fconvert=big-endian -ffree-form -fopenmp -c mpas_subdriver.F -I/scratch/app_sequana/netcdf/4.8.1_hdf5-threadsafe-HL_openmpi-4.1.6_gnu/include -I/scratch/app_sequana/pnetcdf/1.12.3_hdf5-threadsafe-HL_openmpi-4.1.6_gnu/include -I/scratch/cenapadrjsd/eduardo.garcia2/MONAN-scripts/sdumont/MONAN_src/MONAN-Model_v0.1.0_sdumont.gnu/src/external/SMIOL -I/scratch/app_sequana/netcdf/4.8.1_hdf5-threadsafe-HL_openmpi-4.1.6_gnu/include -I/scratch/app_sequana/pnetcdf/1.12.3_hdf5-threadsafe-HL_openmpi-4.1.6_gnu/include -I../framework -I../operators -I../core_init_atmosphere -I../external/esmf_time_f90
rm -f mpas.o mpas.mod
mpif90 -D_MPI -DCORE_INIT_ATMOSPHERE -DMPAS_NAMELIST_SUFFIX=init_atmosphere -DMPAS_EXE_NAME=init_atmosphere_model -DMPAS_OPENMP -DSINGLE_PRECISION -DMPAS_NATIVE_TIMERS -DMPAS_GIT_VERSION=v0.1.0-dirty -DMPAS_BUILD_TARGET=gfortran -DMPAS_SMIOL_SUPPORT -O3 -ffree-line-length-none -fconvert=big-endian -ffree-form -fopenmp -c mpas.F -I/scratch/app_sequana/netcdf/4.8.1_hdf5-threadsafe-HL_openmpi-4.1.6_gnu/include -I/scratch/app_sequana/pnetcdf/1.12.3_hdf5-threadsafe-HL_openmpi-4.1.6_gnu/include -I/scratch/cenapadrjsd/eduardo.garcia2/MONAN-scripts/sdumont/MONAN_src/MONAN-Model_v0.1.0_sdumont.gnu/src/external/SMIOL -I/scratch/app_sequana/netcdf/4.8.1_hdf5-threadsafe-HL_openmpi-4.1.6_gnu/include -I/scratch/app_sequana/pnetcdf/1.12.3_hdf5-threadsafe-HL_openmpi-4.1.6_gnu/include -I../framework -I../operators -I../core_init_atmosphere -I../external/esmf_time_f90
make[4]: Leaving directory `/scratch/cenapadrjsd/eduardo.garcia2/MONAN-scripts/sdumont/MONAN_src/MONAN-Model_v0.1.0_sdumont.gnu/src/driver'
make[3]: Leaving directory `/scratch/cenapadrjsd/eduardo.garcia2/MONAN-scripts/sdumont/MONAN_src/MONAN-Model_v0.1.0_sdumont.gnu/src/driver'
mpif90 -O3 -fopenmp -o init_atmosphere_model driver/*.o -L. -ldycore -lops -lframework -L/scratch/cenapadrjsd/eduardo.garcia2/MONAN-scripts/sdumont/MONAN_src/MONAN-Model_v0.1.0_sdumont.gnu/src/external/SMIOL -lsmiolf -lsmiol -L/scratch/app_sequana/netcdf/4.8.1_hdf5-threadsafe-HL_openmpi-4.1.6_gnu/lib -lnetcdff -lnetcdf -L/scratch/app_sequana/pnetcdf/1.12.3_hdf5-threadsafe-HL_openmpi-4.1.6_gnu/lib -lpnetcdf -lstdc++ -I./external/esmf_time_f90 -L./external/esmf_time_f90 -lesmf_time
make[2]: Leaving directory `/scratch/cenapadrjsd/eduardo.garcia2/MONAN-scripts/sdumont/MONAN_src/MONAN-Model_v0.1.0_sdumont.gnu/src'
if [ -e src/init_atmosphere_model ]; then mv src/init_atmosphere_model .; fi
( cd src/core_init_atmosphere; make ROOT_DIR="/scratch/cenapadrjsd/eduardo.garcia2/MONAN-scripts/sdumont/MONAN_src/MONAN-Model_v0.1.0_sdumont.gnu" post_build )
make[2]: Entering directory `/scratch/cenapadrjsd/eduardo.garcia2/MONAN-scripts/sdumont/MONAN_src/MONAN-Model_v0.1.0_sdumont.gnu/src/core_init_atmosphere'
if [ ! -e /scratch/cenapadrjsd/eduardo.garcia2/MONAN-scripts/sdumont/MONAN_src/MONAN-Model_v0.1.0_sdumont.gnu/default_inputs ]; then mkdir /scratch/cenapadrjsd/eduardo.garcia2/MONAN-scripts/sdumont/MONAN_src/MONAN-Model_v0.1.0_sdumont.gnu/default_inputs; fi
cp default_inputs/* /scratch/cenapadrjsd/eduardo.garcia2/MONAN-scripts/sdumont/MONAN_src/MONAN-Model_v0.1.0_sdumont.gnu/default_inputs/.
( cd /scratch/cenapadrjsd/eduardo.garcia2/MONAN-scripts/sdumont/MONAN_src/MONAN-Model_v0.1.0_sdumont.gnu/default_inputs; for FILE in `ls -1`; do if [ ! -e ../$FILE ]; then cp $FILE ../.; fi; done )
make[2]: Leaving directory `/scratch/cenapadrjsd/eduardo.garcia2/MONAN-scripts/sdumont/MONAN_src/MONAN-Model_v0.1.0_sdumont.gnu/src/core_init_atmosphere'
*******************************************************************************
MPAS was built with default single-precision reals.
Debugging is off.
Parallel version is on.
Papi libraries are off.
TAU Hooks are off.
MPAS was built with OpenMP enabled.
MPAS was built without OpenMP-offload GPU support.
MPAS was built without OpenACC accelerator support.
Position-dependent code was generated.
MPAS was built with .F files.
The native timer interface is being used
Using the SMIOL library.
*******************************************************************************
make[1]: Leaving directory `/scratch/cenapadrjsd/eduardo.garcia2/MONAN-scripts/sdumont/MONAN_src/MONAN-Model_v0.1.0_sdumont.gnu'
cd src; make clean RM="rm -f" CORE="init_atmosphere"
make[1]: Entering directory `/scratch/cenapadrjsd/eduardo.garcia2/MONAN-scripts/sdumont/MONAN_src/MONAN-Model_v0.1.0_sdumont.gnu/src'
rm -f libframework.a libops.a libdycore.a libinit_atmosphere.a *.o
( cd tools; make clean )
make[2]: Entering directory `/scratch/cenapadrjsd/eduardo.garcia2/MONAN-scripts/sdumont/MONAN_src/MONAN-Model_v0.1.0_sdumont.gnu/src/tools'
(cd input_gen; make clean)
make[3]: Entering directory `/scratch/cenapadrjsd/eduardo.garcia2/MONAN-scripts/sdumont/MONAN_src/MONAN-Model_v0.1.0_sdumont.gnu/src/tools/input_gen'
rm -f *.o namelist_gen streams_gen
rm -f *.i
make[3]: Leaving directory `/scratch/cenapadrjsd/eduardo.garcia2/MONAN-scripts/sdumont/MONAN_src/MONAN-Model_v0.1.0_sdumont.gnu/src/tools/input_gen'
(cd registry; make clean)
make[3]: Entering directory `/scratch/cenapadrjsd/eduardo.garcia2/MONAN-scripts/sdumont/MONAN_src/MONAN-Model_v0.1.0_sdumont.gnu/src/tools/registry'
rm -f *.o parse
rm -f *.i
make[3]: Leaving directory `/scratch/cenapadrjsd/eduardo.garcia2/MONAN-scripts/sdumont/MONAN_src/MONAN-Model_v0.1.0_sdumont.gnu/src/tools/registry'
make[2]: Leaving directory `/scratch/cenapadrjsd/eduardo.garcia2/MONAN-scripts/sdumont/MONAN_src/MONAN-Model_v0.1.0_sdumont.gnu/src/tools'
( cd external; make clean )
make[2]: Entering directory `/scratch/cenapadrjsd/eduardo.garcia2/MONAN-scripts/sdumont/MONAN_src/MONAN-Model_v0.1.0_sdumont.gnu/src/external'
( cd esmf_time_f90; make clean )
make[3]: Entering directory `/scratch/cenapadrjsd/eduardo.garcia2/MONAN-scripts/sdumont/MONAN_src/MONAN-Model_v0.1.0_sdumont.gnu/src/external/esmf_time_f90'
rm -rf *.tmp.f90 *.o *.mod *.a
make[3]: Leaving directory `/scratch/cenapadrjsd/eduardo.garcia2/MONAN-scripts/sdumont/MONAN_src/MONAN-Model_v0.1.0_sdumont.gnu/src/external/esmf_time_f90'
( cd ezxml; make clean )
make[3]: Entering directory `/scratch/cenapadrjsd/eduardo.garcia2/MONAN-scripts/sdumont/MONAN_src/MONAN-Model_v0.1.0_sdumont.gnu/src/external/ezxml'
rm -f *.o *.i
make[3]: Leaving directory `/scratch/cenapadrjsd/eduardo.garcia2/MONAN-scripts/sdumont/MONAN_src/MONAN-Model_v0.1.0_sdumont.gnu/src/external/ezxml'
make -C SMIOL clean
make[3]: Entering directory `/scratch/cenapadrjsd/eduardo.garcia2/MONAN-scripts/sdumont/MONAN_src/MONAN-Model_v0.1.0_sdumont.gnu/src/external/SMIOL'
rm -f -f smiol.o smiol_utils.o libsmiol.a
rm -f -f smiolf.o smiolf.mod libsmiolf.a
make[3]: Leaving directory `/scratch/cenapadrjsd/eduardo.garcia2/MONAN-scripts/sdumont/MONAN_src/MONAN-Model_v0.1.0_sdumont.gnu/src/external/SMIOL'
make[2]: Leaving directory `/scratch/cenapadrjsd/eduardo.garcia2/MONAN-scripts/sdumont/MONAN_src/MONAN-Model_v0.1.0_sdumont.gnu/src/external'
( cd framework; make clean )
make[2]: Entering directory `/scratch/cenapadrjsd/eduardo.garcia2/MONAN-scripts/sdumont/MONAN_src/MONAN-Model_v0.1.0_sdumont.gnu/src/framework'
rm -f *.o *.mod *.f90 libframework.a
rm -f *.i
make[2]: Leaving directory `/scratch/cenapadrjsd/eduardo.garcia2/MONAN-scripts/sdumont/MONAN_src/MONAN-Model_v0.1.0_sdumont.gnu/src/framework'
( cd operators; make clean )
make[2]: Entering directory `/scratch/cenapadrjsd/eduardo.garcia2/MONAN-scripts/sdumont/MONAN_src/MONAN-Model_v0.1.0_sdumont.gnu/src/operators'
rm -f *.o *.mod *.f90 libops.a
rm -f *.i
make[2]: Leaving directory `/scratch/cenapadrjsd/eduardo.garcia2/MONAN-scripts/sdumont/MONAN_src/MONAN-Model_v0.1.0_sdumont.gnu/src/operators'
( cd driver; make clean )
make[2]: Entering directory `/scratch/cenapadrjsd/eduardo.garcia2/MONAN-scripts/sdumont/MONAN_src/MONAN-Model_v0.1.0_sdumont.gnu/src/driver'
rm -f *.o *.mod *.f90
rm -f *.i
make[2]: Leaving directory `/scratch/cenapadrjsd/eduardo.garcia2/MONAN-scripts/sdumont/MONAN_src/MONAN-Model_v0.1.0_sdumont.gnu/src/driver'
if [ -d core_init_atmosphere ] ; then \
   ( cd core_init_atmosphere; make clean ) \
fi;
make[2]: Entering directory `/scratch/cenapadrjsd/eduardo.garcia2/MONAN-scripts/sdumont/MONAN_src/MONAN-Model_v0.1.0_sdumont.gnu/src/core_init_atmosphere'
rm -f *.o *.mod *.f90 libdycore.a
rm -f Registry_processed.xml
rm -f *.i
rm -f -r default_inputs
make[2]: Leaving directory `/scratch/cenapadrjsd/eduardo.garcia2/MONAN-scripts/sdumont/MONAN_src/MONAN-Model_v0.1.0_sdumont.gnu/src/core_init_atmosphere'
make[1]: Leaving directory `/scratch/cenapadrjsd/eduardo.garcia2/MONAN-scripts/sdumont/MONAN_src/MONAN-Model_v0.1.0_sdumont.gnu/src'
rm -f .mpas_core_*
rm -f init_atmosphere_model
rm -f namelist.init_atmosphere.defaults
rm -f streams.init_atmosphere.defaults

[1;32m==>[0m Files init_atmosphere_model and atmosphere_model generated Successfully in /scratch/cenapadrjsd/eduardo.garcia2/MONAN-scripts/sdumont/MONAN_src/MONAN-Model_v0.1.0_sdumont.gnu/bin and copied to /scratch/cenapadrjsd/eduardo.garcia2/MONAN-scripts/sdumont/MONAN/exec !


real	2m31.096s
user	4m2.287s
sys	0m16.910s
date
Mon Sep  9 14:59:49 -03 2024
rm: cannot remove ‘MONAN/testcase/runs/ERA5/static/x1.*.static.nc’: No such file or directory
rm: cannot remove ‘MONAN/testcase/runs/ERA5/static/logs/log.*’: No such file or directory
rm: cannot remove ‘MONAN/testcase/runs/ERA5/2021010100/x1.*.grid.nc’: No such file or directory
rm: cannot remove ‘MONAN/testcase/runs/ERA5/2021010100/x1.*.graph.info.part.*’: No such file or directory
rm: cannot remove ‘MONAN/testcase/runs/ERA5/2021010100/x1.*.static.nc’: No such file or directory
rm: cannot remove ‘MONAN/testcase/runs/ERA5/2021010100/x1.*.init.nc’: No such file or directory
rm: cannot remove ‘MONAN/testcase/runs/ERA5/2021010100/log.*’: No such file or directory
rm: cannot remove ‘MONAN/testcase/runs/ERA5/2021010100/logs/log.*’: No such file or directory
rm: cannot remove ‘MONAN/testcase/runs/ERA5/2021010100/history.*’: No such file or directory
rm: cannot remove ‘MONAN/testcase/runs/ERA5/2021010100/diag.*’: No such file or directory
  RES=1024002
  RES=40962
     sed -i '/RES=/a RES=40962' ${DIRMONAN}/testcase/scripts/run_monan.bash;
time ./2.pre_monan.bash;
COMPILER=gnu
GNU compiler
module load sequana/current
Loading SEQUANA Software environment
module load pnetcdf/1.12.3_hdf5-threadsafe-HL_openmpi-4.1.6_gnu_sequana
module load netcdf/4.8.1_hdf5-threadsafe-HL_openmpi-4.1.6_gnu_sequana
NETCDF=/scratch/app_sequana/netcdf/4.8.1_hdf5-threadsafe-HL_openmpi-4.1.6_gnu
PNETCDF=/scratch/app_sequana/pnetcdf/1.12.3_hdf5-threadsafe-HL_openmpi-4.1.6_gnu
cp /scratch/cenapadrjsd/eduardo.garcia2/monan/40962/x1.40962.grid.nc /scratch/cenapadrjsd/eduardo.garcia2/MONAN-scripts/sdumont/MONAN/testcase/data/meshes/
cp /scratch/cenapadrjsd/eduardo.garcia2/monan/40962/x1.40962.graph.info.part.32 /scratch/cenapadrjsd/eduardo.garcia2/MONAN-scripts/sdumont/MONAN/testcase/namelist/
[1;32m==>[0m Creating make_static.sh for submiting static init_atmosphere...

[1;32m==>[0m    and data: streams.init_atmosphere namelist.init_atmosphere 

PWD=/scratch/cenapadrjsd/eduardo.garcia2/MONAN-scripts/sdumont/MONAN/testcase/scripts
/scratch/cenapadrjsd/eduardo.garcia2/MONAN-scripts/sdumont/MONAN/testcase/scripts/static.sh ERA5 40962
COMPILER=gnu
GNU compiler
module load sequana/current
Loading SEQUANA Software environment
module load pnetcdf/1.12.3_hdf5-threadsafe-HL_openmpi-4.1.6_gnu_sequana
module load netcdf/4.8.1_hdf5-threadsafe-HL_openmpi-4.1.6_gnu_sequana
NETCDF=/scratch/app_sequana/netcdf/4.8.1_hdf5-threadsafe-HL_openmpi-4.1.6_gnu
PNETCDF=/scratch/app_sequana/pnetcdf/1.12.3_hdf5-threadsafe-HL_openmpi-4.1.6_gnu
PWD=/scratch/cenapadrjsd/eduardo.garcia2/MONAN-scripts/sdumont/MONAN/testcase/runs/ERA5/static
em static.sh, cp -f /scratch/cenapadrjsd/eduardo.garcia2/MONAN-scripts/sdumont/MONAN/testcase/data/meshes/x1.40962.grid.nc .
em static.sh, cp -f /scratch/cenapadrjsd/eduardo.garcia2/MONAN-scripts/sdumont/MONAN/testcase/namelist/x1.40962.graph.info.part.32 .
grep "x1" /scratch/cenapadrjsd/eduardo.garcia2/MONAN-scripts/sdumont/MONAN/testcase/runs/ERA5/static/namelist.init_atmosphere /scratch/cenapadrjsd/eduardo.garcia2/MONAN-scripts/sdumont/MONAN/testcase/runs/ERA5/static/streams.init_atmosphere
/scratch/cenapadrjsd/eduardo.garcia2/MONAN-scripts/sdumont/MONAN/testcase/runs/ERA5/static/namelist.init_atmosphere:    config_block_decomp_file_prefix = 'x1.40962.graph.info.part.'
/scratch/cenapadrjsd/eduardo.garcia2/MONAN-scripts/sdumont/MONAN/testcase/runs/ERA5/static/streams.init_atmosphere:                  filename_template="x1.40962.grid.nc"
/scratch/cenapadrjsd/eduardo.garcia2/MONAN-scripts/sdumont/MONAN/testcase/runs/ERA5/static/streams.init_atmosphere:                  filename_template="x1.40962.static.nc"
/scratch/cenapadrjsd/eduardo.garcia2/MONAN-scripts/sdumont/MONAN/testcase/runs/ERA5/static/streams.init_atmosphere:                  filename_template="x1.40962.sfc_update.nc"
[1;32m==>[0m Submiting sbatch make_static.sh...

/scratch/cenapadrjsd/eduardo.garcia2/MONAN-scripts/sdumont/MONAN/testcase/runs/ERA5/static
Mon Sep  9 14:59:53 -03 2024
sbatch --wait make_static.sh
Submitted batch job 11220702
Mon Sep  9 15:08:03 -03 2024
[1;32m==>[0m Static phase finished ! Check logs at /scratch/cenapadrjsd/eduardo.garcia2/MONAN-scripts/sdumont/MONAN/testcase/runs/ERA5/static/logs.

[1;32m==>[0m Creating submition script to ungrib,          degrib_exe.sh 

[1;32m==>[0m Creating submition script to init_atmosphere, Init_atmos.sh 

[1;32m==>[0m    and data : streams.init_atmosphere namelist.init_atmosphere 

[1;32m==>[0m Creating submition script to atmosphere,      monan_exe.sh  

[1;32m==>[0m    and data : streams.atmosphere namelist.atmosphere 

em 2.pre_monan.bash, /scratch/cenapadrjsd/eduardo.garcia2/MONAN-scripts/sdumont/MONAN/testcase/scripts/run_monan.bash ERA5 2021010100
/scratch/cenapadrjsd/eduardo.garcia2/MONAN-scripts/sdumont/MONAN/testcase/data/ERA5/2021010100
PWD=/scratch/cenapadrjsd/eduardo.garcia2/MONAN-scripts/sdumont/MONAN/testcase/runs/ERA5/2021010100
BASEDIR=/scratch/cenapadrjsd/eduardo.garcia2/MONAN-scripts/sdumont/MONAN/testcase
/scratch/cenapadrjsd/eduardo.garcia2/MONAN-scripts/sdumont/MONAN/testcase/runs/ERA5/2021010100
em run_monan.bash; cp -f /scratch/cenapadrjsd/eduardo.garcia2/MONAN-scripts/sdumont/MONAN/testcase/runs/ERA5/static/*.nc .
FORECAST 2021010100
PWD=/scratch/cenapadrjsd/eduardo.garcia2/MONAN-scripts/sdumont/MONAN/testcase/runs/ERA5/2021010100
em run_monan.bash;  cp -f /scratch/cenapadrjsd/eduardo.garcia2/MONAN-scripts/sdumont/MONAN/testcase/namelist/streams.init_atmosphere.TEMPLATE ./streams.init_atmosphere
em run_monan.bash;  cp -f /scratch/cenapadrjsd/eduardo.garcia2/MONAN-scripts/sdumont/MONAN/testcase/namelist/x1.40962.graph.info.part.32 .
PWD=/scratch/cenapadrjsd/eduardo.garcia2/MONAN-scripts/sdumont/MONAN/testcase/runs/ERA5/2021010100
em run_monan.bash;  cp -f /scratch/cenapadrjsd/eduardo.garcia2/MONAN-scripts/sdumont/MONAN/testcase/namelist/streams.atmosphere.TEMPLATE streams.atmosphere
PWD=/scratch/cenapadrjsd/eduardo.garcia2/MONAN-scripts/sdumont/MONAN/testcase/runs/ERA5/2021010100
em run_monan.bash;  cp -f /scratch/cenapadrjsd/eduardo.garcia2/MONAN-scripts/sdumont/MONAN/testcase/namelist/stream_list.atmosphere.diagnostics /scratch/cenapadrjsd/eduardo.garcia2/MONAN-scripts/sdumont/MONAN/testcase/namelist/stream_list.atmosphere.output /scratch/cenapadrjsd/eduardo.garcia2/MONAN-scripts/sdumont/MONAN/testcase/namelist/stream_list.atmosphere.surface .
PWD=/scratch/cenapadrjsd/eduardo.garcia2/MONAN-scripts/sdumont/MONAN/testcase/runs/ERA5/2021010100
em run_monan.bash;  cp -f /scratch/cenapadrjsd/eduardo.garcia2/MONAN-scripts/sdumont/MONAN/testcase/namelist/x1.40962.graph.info.part.128 .
fim de run_monan....
cp /scratch/cenapadrjsd/eduardo.garcia2/monan/40962/namelist.init_atmosphere /scratch/cenapadrjsd/eduardo.garcia2/MONAN-scripts/sdumont/MONAN/testcase/runs/ERA5/2021010100/;
cp /scratch/cenapadrjsd/eduardo.garcia2/monan/40962/streams.init_atmosphere /scratch/cenapadrjsd/eduardo.garcia2/MONAN-scripts/sdumont/MONAN/testcase/runs/ERA5/2021010100/;
cp /scratch/cenapadrjsd/eduardo.garcia2/monan/40962/namelist.atmosphere /scratch/cenapadrjsd/eduardo.garcia2/MONAN-scripts/sdumont/MONAN/testcase/runs/ERA5/2021010100/;
cp /scratch/cenapadrjsd/eduardo.garcia2/monan/40962/streams.atmosphere /scratch/cenapadrjsd/eduardo.garcia2/MONAN-scripts/sdumont/MONAN/testcase/runs/ERA5/2021010100/;
fim de criarDataAndSLURMScripts
grep "x1" /scratch/cenapadrjsd/eduardo.garcia2/MONAN-scripts/sdumont/MONAN/testcase/runs/ERA5/2021010100/namelist.init_atmosphere /scratch/cenapadrjsd/eduardo.garcia2/MONAN-scripts/sdumont/MONAN/testcase/runs/ERA5/2021010100/streams.init_atmosphere
/scratch/cenapadrjsd/eduardo.garcia2/MONAN-scripts/sdumont/MONAN/testcase/runs/ERA5/2021010100/namelist.init_atmosphere:    config_block_decomp_file_prefix = 'x1.40962.graph.info.part.'
/scratch/cenapadrjsd/eduardo.garcia2/MONAN-scripts/sdumont/MONAN/testcase/runs/ERA5/2021010100/streams.init_atmosphere:                  filename_template="x1.40962.static.nc"
/scratch/cenapadrjsd/eduardo.garcia2/MONAN-scripts/sdumont/MONAN/testcase/runs/ERA5/2021010100/streams.init_atmosphere:                  filename_template="x1.40962.init.nc"
/scratch/cenapadrjsd/eduardo.garcia2/MONAN-scripts/sdumont/MONAN/testcase/runs/ERA5/2021010100/streams.init_atmosphere:                  filename_template="x1.40962.sfc_update.nc"
grep "x1" /scratch/cenapadrjsd/eduardo.garcia2/MONAN-scripts/sdumont/MONAN/testcase/runs/ERA5/2021010100/namelist.atmosphere /scratch/cenapadrjsd/eduardo.garcia2/MONAN-scripts/sdumont/MONAN/testcase/runs/ERA5/2021010100/streams.atmosphere
/scratch/cenapadrjsd/eduardo.garcia2/MONAN-scripts/sdumont/MONAN/testcase/runs/ERA5/2021010100/namelist.atmosphere:    config_block_decomp_file_prefix = 'x1.40962.graph.info.part.'
/scratch/cenapadrjsd/eduardo.garcia2/MONAN-scripts/sdumont/MONAN/testcase/runs/ERA5/2021010100/streams.atmosphere:                  filename_template="x1.40962.init.nc"
/scratch/cenapadrjsd/eduardo.garcia2/MONAN-scripts/sdumont/MONAN/testcase/runs/ERA5/2021010100/streams.atmosphere:        filename_template="x1.40962.sfc_update.nc"
/scratch/cenapadrjsd/eduardo.garcia2/MONAN-scripts/sdumont/MONAN/testcase/runs/ERA5/2021010100/streams.atmosphere:                  filename_template="x1.40962.AmB.$Y-$M-$D_$h.$m.$s.nc"
---------------- em function degrib
---------------- submiting script : degrib_exe.sh
[1;32m==>[0m Submiting degrib_exe.sh...

/scratch/cenapadrjsd/eduardo.garcia2/MONAN-scripts/sdumont/MONAN/testcase/runs/ERA5/2021010100/wpsprd
Mon Sep  9 15:08:08 -03 2024
sbatch --wait degrib_exe.sh
Submitted batch job 11220732
Mon Sep  9 15:08:50 -03 2024
[1;32m==>[0m Degrib finished ! Check logs at /scratch/cenapadrjsd/eduardo.garcia2/MONAN-scripts/sdumont/MONAN/testcase/runs/ERA5/2021010100/wpsprd/. 

---------------- em function initAtmos
[1;32m==>[0m Submiting script InitAtmos_exe.sh...

/scratch/cenapadrjsd/eduardo.garcia2/MONAN-scripts/sdumont/MONAN/testcase/runs/ERA5/2021010100
Mon Sep  9 15:08:50 -03 2024
sbatch --wait InitAtmos_exe.sh
Submitted batch job 11220733
Mon Sep  9 15:09:32 -03 2024
[1;32m==>[0m Init Atmosphere phase finished ! Check logs at /scratch/cenapadrjsd/eduardo.garcia2/MONAN-scripts/sdumont/MONAN/testcase/runs/ERA5/2021010100/logs.

[1;32m==>[0m Script ./2.pre_monan.bash completed. 


real	9m42.989s
user	0m0.345s
sys	0m0.786s
grep "total time" MONAN/testcase/runs/ERA5/static/logs/log.init_atmosphere.0000.out -A 15
     total time: Global max of accumulated time spent in timer
     calls: Total number of times this timer was started / stopped.
     min: Global min of time spent in a single start / stop
     max: Global max of time spent in a single start / stop
     avg: Global max of average time spent in a single start / stop
     pct_tot: Percent of the timer at level 1
     pct_par: Percent of the parent timer (one level up)
     par_eff: Parallel efficiency, global average total time / global max total time
 
 
    timer_name                                            total       calls        min            max            avg      pct_tot   pct_par     par_eff
  1 total time                                         471.42291         1      471.42288      471.42291      471.42291   100.00       0.00       1.00
  2  initialize                                          0.77218         1        0.77055        0.77218        0.77116     0.16       0.16       1.00
 
 -----------------------------------------
 Total log messages printed:
    Output messages =                  432
    Warning messages =                   6
    Error messages =                     0
    Critical error messages =            0
 -----------------------------------------
 Logging complete.  Closing file at 2024/09/09 15:07:48
    config_run_duration = '0_24:00:00'
    config_run_duration = '0_06:00:00'
MONAN/testcase/runs/ERA5/2021010100/namelist.atmosphere:    config_block_decomp_file_prefix = 'x1.40962.graph.info.part.'
MONAN/testcase/runs/ERA5/2021010100/streams.atmosphere:                  filename_template="x1.40962.init.nc"
MONAN/testcase/runs/ERA5/2021010100/streams.atmosphere:        filename_template="x1.40962.sfc_update.nc"
MONAN/testcase/runs/ERA5/2021010100/streams.atmosphere:                  filename_template="x1.40962.AmB.$Y-$M-$D_$h.$m.$s.nc"
time ./3.run_monan.bash;
[1;32m==>[0m Submitting MONAN and waiting for finish before exit ... 

[1;32m==>[0m Logs being generated at /scratch/cenapadrjsd/eduardo.garcia2/MONAN-scripts/sdumont/MONAN/testcase/runs/ERA5/2021010100/logs ... 

Mon Sep  9 15:09:32 -03 2024
sbatch --wait /scratch/cenapadrjsd/eduardo.garcia2/MONAN-scripts/sdumont/MONAN/testcase/runs/ERA5/2021010100/monan_exe.sh
Submitted batch job 11220734
Mon Sep  9 15:10:47 -03 2024
[1;32m==>[0m Please, check the output log files at /scratch/cenapadrjsd/eduardo.garcia2/MONAN-scripts/sdumont/MONAN/testcase/runs/ERA5/2021010100/logs to be sure that MONAN ended successfully. 

[1;32m==>[0m Script ./3.run_monan.bash completed. 


real	1m14.495s
user	0m0.014s
sys	0m0.014s
/scratch/cenapadrjsd/eduardo.garcia2/MONAN-scripts/sdumont
-rw-r--r-- 1 eduardo.garcia2 cenapadrjsd      1262 Sep  9 15:08 namelist.init_atmosphere
-rwxr-xr-x 1 eduardo.garcia2 cenapadrjsd      3677 Sep  9 15:08 monan_exe.sh
-rw-r--r-- 1 eduardo.garcia2 cenapadrjsd     40650 Sep  9 15:08 LANDUSE.TBL
-rw-r--r-- 1 eduardo.garcia2 cenapadrjsd       261 Sep  9 15:08 GENPARM.TBL
-rw-r--r-- 1 eduardo.garcia2 cenapadrjsd     18208 Sep  9 15:08 CAM_AEROPT_DATA.DBL
-rw-r--r-- 1 eduardo.garcia2 cenapadrjsd  20580056 Sep  9 15:08 CAM_ABS_DATA.DBL
drwxr-xr-x 2 eduardo.garcia2 cenapadrjsd      4096 Sep  9 15:08 wpsprd
-rw-r--r-- 1 eduardo.garcia2 cenapadrjsd 364743808 Sep  9 15:09 x1.40962.init.nc
-rw-r--r-- 1 eduardo.garcia2 cenapadrjsd      1727 Sep  9 15:09 namelist.atmosphere
-rw-r--r-- 1 eduardo.garcia2 cenapadrjsd 451097284 Sep  9 15:09 history.2021-01-01_00.00.00.nc
-rw-r--r-- 1 eduardo.garcia2 cenapadrjsd  18047448 Sep  9 15:09 diag.2021-01-01_00.00.00.nc
-rw-r--r-- 1 eduardo.garcia2 cenapadrjsd  18047448 Sep  9 15:09 diag.2021-01-01_01.00.00.nc
-rw-r--r-- 1 eduardo.garcia2 cenapadrjsd  18047448 Sep  9 15:09 diag.2021-01-01_02.00.00.nc
-rw-r--r-- 1 eduardo.garcia2 cenapadrjsd 451097284 Sep  9 15:09 history.2021-01-01_03.00.00.nc
-rw-r--r-- 1 eduardo.garcia2 cenapadrjsd  18047448 Sep  9 15:10 diag.2021-01-01_03.00.00.nc
-rw-r--r-- 1 eduardo.garcia2 cenapadrjsd  18047448 Sep  9 15:10 diag.2021-01-01_04.00.00.nc
-rw-r--r-- 1 eduardo.garcia2 cenapadrjsd  18047448 Sep  9 15:10 diag.2021-01-01_05.00.00.nc
-rw-r--r-- 1 eduardo.garcia2 cenapadrjsd 451097284 Sep  9 15:10 history.2021-01-01_06.00.00.nc
-rw-r--r-- 1 eduardo.garcia2 cenapadrjsd  18047448 Sep  9 15:10 diag.2021-01-01_06.00.00.nc
drwxr-xr-x 2 eduardo.garcia2 cenapadrjsd     16384 Sep  9 15:10 logs
grep Timing MONAN/testcase/runs/ERA5/2021010100/logs/log.atmosphere.0000.out
  Timing for read of 'input' stream: 0.395014 s
 Timing for diagnostic computation: 0.885271 s
 Timing for stream output: 3.52849 s
  Timing for integration step: 0.699035 s
  Timing for integration step: 0.162885 s
  Timing for integration step: 0.163538 s
  Timing for integration step: 0.164492 s
  Timing for integration step: 0.164391 s
  Timing for integration step: 0.164748 s
  Timing for integration step: 0.165268 s
  Timing for integration step: 0.165606 s
  Timing for integration step: 0.166362 s
  Timing for integration step: 0.167034 s
  Timing for integration step: 0.167637 s
  Timing for integration step: 0.168620 s
  Timing for integration step: 0.169073 s
  Timing for integration step: 0.168896 s
  Timing for integration step: 0.169823 s
  Timing for integration step: 0.170483 s
  Timing for integration step: 0.170454 s
  Timing for integration step: 0.170970 s
  Timing for integration step: 0.171066 s
  Timing for integration step: 0.183073 s
 Timing for diagnostic computation: 0.518178 s
 Timing for stream output: 0.540649 s
  Timing for integration step: 0.745409 s
  Timing for integration step: 0.174430 s
  Timing for integration step: 0.175219 s
  Timing for integration step: 0.175329 s
  Timing for integration step: 0.176380 s
  Timing for integration step: 0.176767 s
  Timing for integration step: 0.176960 s
  Timing for integration step: 0.177158 s
  Timing for integration step: 0.177370 s
  Timing for integration step: 0.177640 s
  Timing for integration step: 0.178674 s
  Timing for integration step: 0.232713 s
  Timing for integration step: 0.188354 s
  Timing for integration step: 0.177586 s
  Timing for integration step: 0.177606 s
  Timing for integration step: 0.178850 s
  Timing for integration step: 0.178638 s
  Timing for integration step: 0.179874 s
  Timing for integration step: 0.178835 s
  Timing for integration step: 0.195064 s
 Timing for diagnostic computation: 0.533371 s
 Timing for stream output: 0.704381 s
  Timing for integration step: 0.745887 s
  Timing for integration step: 0.180556 s
  Timing for integration step: 0.180829 s
  Timing for integration step: 0.180495 s
  Timing for integration step: 0.181267 s
  Timing for integration step: 0.180926 s
  Timing for integration step: 0.181332 s
  Timing for integration step: 0.182395 s
  Timing for integration step: 0.181802 s
  Timing for integration step: 0.181236 s
  Timing for integration step: 0.181620 s
  Timing for integration step: 0.182095 s
  Timing for integration step: 0.182455 s
  Timing for integration step: 0.182620 s
  Timing for integration step: 0.182936 s
  Timing for integration step: 0.182991 s
  Timing for integration step: 0.183329 s
  Timing for integration step: 0.183472 s
  Timing for integration step: 0.184425 s
  Timing for integration step: 0.199261 s
 Timing for diagnostic computation: 0.852884 s
 Timing for stream output: 2.04515 s
  Timing for integration step: 0.732203 s
  Timing for integration step: 0.182642 s
  Timing for integration step: 0.187255 s
  Timing for integration step: 0.184432 s
  Timing for integration step: 0.189430 s
  Timing for integration step: 0.188591 s
  Timing for integration step: 0.187608 s
  Timing for integration step: 0.186036 s
  Timing for integration step: 0.185756 s
  Timing for integration step: 0.186245 s
  Timing for integration step: 0.186364 s
  Timing for integration step: 0.187031 s
  Timing for integration step: 0.186727 s
  Timing for integration step: 0.187361 s
  Timing for integration step: 0.187397 s
  Timing for integration step: 0.187536 s
  Timing for integration step: 0.187522 s
  Timing for integration step: 0.187300 s
  Timing for integration step: 0.187847 s
  Timing for integration step: 0.204366 s
 Timing for diagnostic computation: 0.521319 s
 Timing for stream output: 0.531726 s
  Timing for integration step: 0.754522 s
  Timing for integration step: 0.190291 s
  Timing for integration step: 0.190776 s
  Timing for integration step: 0.190966 s
  Timing for integration step: 0.191326 s
  Timing for integration step: 0.191170 s
  Timing for integration step: 0.191361 s
  Timing for integration step: 0.192137 s
  Timing for integration step: 0.191856 s
  Timing for integration step: 0.192213 s
  Timing for integration step: 0.194871 s
  Timing for integration step: 0.192980 s
  Timing for integration step: 0.193248 s
  Timing for integration step: 0.193141 s
  Timing for integration step: 0.193406 s
  Timing for integration step: 0.199884 s
  Timing for integration step: 0.193720 s
  Timing for integration step: 0.228591 s
  Timing for integration step: 0.222581 s
  Timing for integration step: 0.212917 s
 Timing for diagnostic computation: 0.524470 s
 Timing for stream output: 0.578535 s
  Timing for integration step: 0.757862 s
  Timing for integration step: 0.190575 s
  Timing for integration step: 0.190882 s
  Timing for integration step: 0.192650 s
  Timing for integration step: 0.194341 s
  Timing for integration step: 0.194056 s
  Timing for integration step: 0.194213 s
  Timing for integration step: 0.194315 s
  Timing for integration step: 0.194763 s
  Timing for integration step: 0.192600 s
  Timing for integration step: 0.193464 s
  Timing for integration step: 0.193850 s
  Timing for integration step: 0.192839 s
  Timing for integration step: 0.192407 s
  Timing for integration step: 0.192855 s
  Timing for integration step: 0.193211 s
  Timing for integration step: 0.193233 s
  Timing for integration step: 0.193664 s
  Timing for integration step: 0.193855 s
  Timing for integration step: 0.209519 s
 Timing for diagnostic computation: 0.842262 s
 Timing for stream output: 2.87927 s
grep "total time" MONAN/testcase/runs/ERA5/2021010100/logs/log.atmosphere.0000.out -A 15
     total time: Global max of accumulated time spent in timer
     calls: Total number of times this timer was started / stopped.
     min: Global min of time spent in a single start / stop
     max: Global max of time spent in a single start / stop
     avg: Global max of average time spent in a single start / stop
     pct_tot: Percent of the timer at level 1
     pct_par: Percent of the parent timer (one level up)
     par_eff: Parallel efficiency, global average total time / global max total time
 
 
    timer_name                                            total       calls        min            max            avg      pct_tot   pct_par     par_eff
  1 total time                                          43.05791         1       43.05090       43.05791       43.05197   100.00       0.00       1.00
  2  initialize                                          0.85404         1        0.84902        0.85404        0.85080     1.98       1.98       1.00
  3   read_ICs                                           0.39530         1        0.39436        0.39530        0.39477     0.92      46.29       1.00
  2  diagnostic_fields                                   5.90733       242        0.00023        0.88862        0.02267    13.72      13.72       0.93
  2  stream_output                                      11.57529       121        0.00000        3.53152        0.09193    26.88      26.88       0.96
  2  time integration                                   25.58538       120        0.16249        0.75851        0.21302    59.42      59.42       1.00
  3   physics driver                                     6.20034       120        0.01540        0.59572        0.03646    14.40      24.23       0.71
  4    calc_cldfraction                                  0.00550         6        0.00004        0.00116        0.00036     0.01       0.09       0.40
  4    RRTMG_sw                                          2.52617         6        0.00002        0.43014        0.19357     5.87      40.74       0.46
  4    RRTMG_lw                                          0.85943         6        0.11381        0.15052        0.13192     2.00      13.86       0.92
  4    sf_monin_obukhov                                  0.05044       120        0.00030        0.00052        0.00039     0.12       0.81       0.92
  4    sf_noah                                           0.25754       120        0.00008        0.00238        0.00055     0.60       4.15       0.26
  4    bl_ysu                                            0.73702       120        0.00310        0.00708        0.00479     1.71      11.89       0.78
  4    bl_ysu_gwdo                                       0.20192       120        0.00041        0.00265        0.00104     0.47       3.26       0.62
  4    cu_ntiedtke                                       1.39007       120        0.00573        0.01522        0.00914     3.23      22.42       0.79
  3   atm_rk_integration_setup                           0.14346       120        0.00087        0.01208        0.00099     0.33       0.56       0.83
time ./4.pos_monan.bash;
COMPILER=gnu
GNU compiler
module load sequana/current
Loading SEQUANA Software environment
module load pnetcdf/1.12.3_hdf5-threadsafe-HL_openmpi-4.1.6_gnu_sequana
module load netcdf/4.8.1_hdf5-threadsafe-HL_openmpi-4.1.6_gnu_sequana
NETCDF=/scratch/app_sequana/netcdf/4.8.1_hdf5-threadsafe-HL_openmpi-4.1.6_gnu
PNETCDF=/scratch/app_sequana/pnetcdf/1.12.3_hdf5-threadsafe-HL_openmpi-4.1.6_gnu

[1;32m==>[0m Executing post processing...

rm -f /scratch/cenapadrjsd/eduardo.garcia2/MONAN-scripts/sdumont/MONAN/testcase/runs/ERA5/2021010100/postprd/convert_mpas >> /scratch/cenapadrjsd/eduardo.garcia2/MONAN-scripts/sdumont/MONAN/testcase/runs/ERA5/2021010100/postprd/logs/pos.out
ln -s /scratch/cenapadrjsd/eduardo.garcia2/MONAN-scripts/sdumont/MONAN/exec/convert_mpas /scratch/cenapadrjsd/eduardo.garcia2/MONAN-scripts/sdumont/MONAN/testcase/runs/ERA5/2021010100/postprd >> /scratch/cenapadrjsd/eduardo.garcia2/MONAN-scripts/sdumont/MONAN/testcase/runs/ERA5/2021010100/postprd/logs/pos.out

  
   

cp /scratch/cenapadrjsd/eduardo.garcia2/MONAN-scripts/sdumont/MONAN_ori/testcase/scripts/ngrid2latlon.sh /scratch/cenapadrjsd/eduardo.garcia2/MONAN-scripts/sdumont/MONAN/testcase/runs/ERA5/2021010100/postprd/ngrid2latlon.sh >> /scratch/cenapadrjsd/eduardo.garcia2/MONAN-scripts/sdumont/MONAN/testcase/runs/ERA5/2021010100/postprd/logs/pos.out
sed 's/history.2021-01-02_00/history.2021-01-01_05/' /scratch/cenapadrjsd/eduardo.garcia2/MONAN-scripts/sdumont/MONAN/testcase/runs/ERA5/2021010100/postprd/ngrid2latlon.sh -i >> /scratch/cenapadrjsd/eduardo.garcia2/MONAN-scripts/sdumont/MONAN/testcase/runs/ERA5/2021010100/postprd/logs/pos.out
/scratch/cenapadrjsd/eduardo.garcia2/MONAN-scripts/sdumont/MONAN/testcase/runs/ERA5/2021010100/postprd
/scratch/cenapadrjsd/eduardo.garcia2/MONAN-scripts/sdumont/MONAN/testcase/runs/ERA5/2021010100/postprd/ngrid2latlon.sh >> /scratch/cenapadrjsd/eduardo.garcia2/MONAN-scripts/sdumont/MONAN/testcase/runs/ERA5/2021010100/postprd/logs/pos.out 2>&1

  ................. 

tail -n45 /scratch/cenapadrjsd/eduardo.garcia2/MONAN-scripts/sdumont/MONAN/testcase/runs/ERA5/2021010100/postprd/logs/pos.out
Mon Sep  9 15:10:47 -03 2024
/scratch/cenapadrjsd/eduardo.garcia2/MONAN-scripts/sdumont/MONAN/testcase/runs/ERA5/2021010100/postprd/ngrid2latlon.sh: line 9: ./convert_mpas: No such file or directory
/scratch/cenapadrjsd/eduardo.garcia2/MONAN-scripts/sdumont/MONAN/testcase/runs/ERA5/2021010100/postprd/ngrid2latlon.sh: line 11: cdo: command not found
/scratch/cenapadrjsd/eduardo.garcia2/MONAN-scripts/sdumont/MONAN/testcase/runs/ERA5/2021010100/postprd/ngrid2latlon.sh: line 21: ./convert_mpas: No such file or directory
/scratch/cenapadrjsd/eduardo.garcia2/MONAN-scripts/sdumont/MONAN/testcase/runs/ERA5/2021010100/postprd/ngrid2latlon.sh: line 23: cdo: command not found
/scratch/cenapadrjsd/eduardo.garcia2/MONAN-scripts/sdumont/MONAN/testcase/runs/ERA5/2021010100/postprd/ngrid2latlon.sh: line 30: ./convert_mpas: No such file or directory
/scratch/cenapadrjsd/eduardo.garcia2/MONAN-scripts/sdumont/MONAN/testcase/runs/ERA5/2021010100/postprd/ngrid2latlon.sh: line 35: cdo: command not found
Mon Sep  9 15:10:47 -03 2024
/scratch/cenapadrjsd/eduardo.garcia2/MONAN-scripts/sdumont/MONAN/testcase/runs/ERA5/2021010100/postprd
rm mean.nc
rm: cannot remove ‘mean.nc’: No such file or directory
which cdo
which: no cdo in (/scratch/app_sequana/netcdf/4.8.1_hdf5-threadsafe-HL_openmpi-4.1.6_gnu/bin:/scratch/app_sequana/gcc/13.2/bin:/scratch/app_sequana/openmpi/4.1.6_gnu/bin:/scratch/app_sequana/hdf5/1.12.2_threadsafe-HL_openmpi-4.1.6_gnu/bin:/scratch/app_sequana/pnetcdf/1.12.3_hdf5-threadsafe-HL_openmpi-4.1.6_gnu/bin:/opt/xcs/App/Scripts:/specific/bin:/specific/bin:/usr/lib64/qt-3.3/bin:/usr/local/bin:/usr/bin:/usr/local/sbin:/usr/sbin:/opt/ibutils/bin:/opt/xcs/Admin/Scripts:/prj/cenapadrjsd/eduardo.garcia2/meuBin)
cdo hourmean surface.nc mean.nc >> /scratch/cenapadrjsd/eduardo.garcia2/MONAN-scripts/sdumont/MONAN/testcase/runs/ERA5/2021010100/postprd/logs/pos.out 2>&1
-rw-r--r-- 1 eduardo.garcia2 cenapadrjsd     3106 Sep  2 09:53 MONAN.png
-rw-r--r-- 1 eduardo.garcia2 cenapadrjsd  6276188 Sep  2 17:36 history.2021-01-01_05.00.00.nc
-rw-r--r-- 1 eduardo.garcia2 cenapadrjsd 31200727 Sep  3 10:27 latlon_ModuleIntel.nc
-rw-r--r-- 1 eduardo.garcia2 cenapadrjsd  6276168 Sep  3 10:27 surface_ModuleIntel.nc
-rw-r--r-- 1 eduardo.garcia2 cenapadrjsd  6276168 Sep  3 10:27 surface_ModuleGNU.nc
-rw-r--r-- 1 eduardo.garcia2 cenapadrjsd 31200299 Sep  3 10:27 latlon_ModuleGNU.nc
-rw-r--r-- 1 eduardo.garcia2 cenapadrjsd 31200299 Sep  5 14:18 latlon_SpackGNU.nc
-rw-r--r-- 1 eduardo.garcia2 cenapadrjsd  6276168 Sep  5 14:18 surface_SpackGNU.nc
-rwxr-xr-x 1 eduardo.garcia2 cenapadrjsd      908 Sep  9 15:10 ngrid2latlon.sh
-rw-r--r-- 1 eduardo.garcia2 cenapadrjsd       33 Sep  9 15:10 include_fields

[1;31m==>[0m ***** ATTENTION *****

[1;31m==>[0m Post fails ! At least the file mean.nc was not generated at /scratch/cenapadrjsd/eduardo.garcia2/MONAN-scripts/sdumont/MONAN/testcase/runs/ERA5/2021010100/postprd 

[1;31m==>[0m Check /scratch/cenapadrjsd/eduardo.garcia2/MONAN-scripts/sdumont/MONAN/testcase/runs/ERA5/2021010100/postprd/logs/pos.out . Exiting script. 


real	0m0.378s
user	0m0.137s
sys	0m0.138s
cp nohup.out nohup2024-09-09-15-10.out
242.86user 18.15system 13:29.81elapsed 32%CPU (0avgtext+0avgdata 402732maxresident)k
357272inputs+772672outputs (0major+6149815minor)pagefaults 0swaps
